false_positive_rate,true_positive_rate,threshold
0.0,0.0,inf
0.0,2.25392746861406e-05,0.9841902060126845
0.0,0.000225392746861406,0.9790940040519313
0.0,0.0008564924380733428,0.9789521203023293
0.0,0.0010593459102486082,0.977666116704811
0.0,0.0012171208330515925,0.9772778262150492
0.0,0.0012621993824238737,0.9772332707906706
0.0,0.0012847386571100143,0.9770482900528717
0.0,0.0013974350305407171,0.976908545270367
0.0,0.0014875921292852796,0.976758632496712
0.0,0.0016002885027159826,0.9760529867395457
0.0,0.0017580634255189669,0.9759881588360991
0.0,0.001803141974891248,0.9758692034746228
0.0,0.001848220524263529,0.9756341045934162
0.0,0.001915838348321951,0.9756274737369557
0.0,0.0019609168976942324,0.9754163829513991
0.0,0.0020059954470665136,0.9753314014246142
0.0,0.0021186918204972164,0.9752581927922735
0.0,0.0021637703698694976,0.9752303757053109
0.0,0.002208848919241779,0.9752085897782162
0.0,0.00225392746861406,0.9750712301230637
0.0,0.0022990060179863413,0.9750473289650418
0.0,0.0023215452926724817,0.9748679492151929
0.0,0.0026596344129645906,0.9748630315255946
0.0,0.0032231162801181056,0.9748129872720122
0.0,0.003268194829490387,0.9745756848013283
0.0,0.003313273378862668,0.9744366359164288
0.0,0.0034034304776072305,0.974064013214919
0.0,0.0034710483016656525,0.9739378036387082
0.0,0.0035837446750963554,0.9736389128981199
0.0,0.003651362499154777,0.9736034696588706
0.0,0.0037640588725854802,0.9733991759871907
0.0,0.0038091374219577615,0.973345581853046
0.0,0.003876755246016183,0.9733125475675737
0.0,0.004011990894133027,0.9727637153895766
0.0,0.004057069443505308,0.9727495656716657
0.0,0.00414722654224987,0.9723386614131954
0.0,0.004372619289111276,0.972287451160615
0.0,0.0044627763878558385,0.9718563643836327
0.0,0.004552933486600401,0.9715715741764467
0.0,0.004598012035972683,0.9713078669321029
0.0,0.004665629860031105,0.9711990817136448
0.0,0.004913561881578651,0.9711205832165137
0.0,0.005003718980323213,0.9710360493061458
0.0,0.005048797529695495,0.9708784328356611
0.0,0.005071336804381635,0.9708659591908361
0.0,0.005229111727184619,0.9708447623352277
0.0,0.0052741902765569,0.9707742194402528
0.0,0.005770054319651993,0.9706961074017625
0.0,0.005815132869024275,0.9706116724811339
0.0,0.00601798634119954,0.9705820623536427
0.0,0.006108143439944103,0.9704785937142013
0.0,0.0061532219893163835,0.9703425756544374
0.0,0.006356075461491649,0.9699561096045964
0.0,0.006423693285550071,0.9697491718569381
0.0,0.0064687718349223525,0.9697411314053005
0.0,0.006694164581783758,0.9694342238229973
0.0,0.006806860955214461,0.9694199462189136
0.0,0.006851939504586743,0.9693052804456981
0.0,0.006942096603331305,0.9693038422277993
0.0,0.006987175152703586,0.9692795722940072
0.0,0.0070322537020758675,0.9692660048792779
0.0,0.00714495007550657,0.9689586202909573
0.0,0.007190028624878851,0.9689378351688087
0.0,0.007302724998309554,0.9685746813008949
0.0,0.007370342822367976,0.9683579137489581
0.0,0.007415421371740258,0.9682948976817276
0.0,0.0075957355692293825,0.9682297789189469
0.0,0.007640814118601663,0.9681636502520974
0.0,0.007685892667973945,0.968137456173718
0.0,0.007753510492032366,0.9680890504974053
0.0,0.007798589041404648,0.9679997757346177
0.0,0.00784366759077693,0.9679740372292288
0.0,0.008091599612324476,0.9679416030683395
0.0,0.008114138887010616,0.9679233265627317
0.0,0.008181756711069037,0.967888001251433
0.0,0.008542385106047287,0.967050202108168
0.0,0.008677620754164131,0.9670095816551357
0.0,0.008722699303536412,0.966875267533776
0.0,0.008790317127594835,0.9668426717287181
0.0,0.008857934951653256,0.9667833045918911
0.0,0.008903013501025537,0.9667662448567328
0.0,0.00897063132508396,0.9666688148476199
0.0,0.00903824914914238,0.9666118655986397
0.0,0.009241102621317646,0.9663344718393134
0.0,0.009308720445376067,0.9662647357029384
0.0,0.00939887754412063,0.9661619514162498
0.0,0.009443956093492911,0.9661508026610115
0.0,0.009489034642865192,0.9661164816665947
0.0,0.009601731016295896,0.9660833295934776
0.0,0.00973696666441274,0.9658298410066334
0.0,0.00978204521378502,0.9658253604516275
0.0,0.009917280861901865,0.9656111394094489
0.0,0.009962359411274145,0.9655722738782979
0.0,0.01014267360876327,0.9651451724658576
0.0,0.010255369982193972,0.9651258733904933
0.0,0.0105483805531138,0.9646798776827775
0.0,0.010661076926544505,0.9646578631534891
0.0,0.010683616201230645,0.9646485353673394
0.0,0.010796312574661347,0.9646143832248447
0.0,0.010976626772150472,0.96440250192293
0.0,0.011044244596208895,0.9643826430237192
0.0,0.011089323145581175,0.9643676395483809
0.0,0.011472490815245566,0.9639932256199787
0.0,0.011517569364617846,0.9639572513988137
0.0,0.01160772646336241,0.9637686282296793
0.0,0.01165280501273469,0.9637579254802107
0.0,0.01203597268239908,0.9631216943688798
0.0,0.012081051231771361,0.9630941616558046
0.0,0.012103590506457502,0.9630764845710178
0.0,0.012283904703946627,0.963071455568576
0.0,0.012509297450808032,0.9628750298630379
0.0,0.012554376000180315,0.9628622242139593
0.0,0.01273469019766944,0.9625932361332455
0.0,0.012824847296414001,0.962544780241412
0.0,0.012892465120472422,0.9625052614577705
0.0,0.013072779317961547,0.962456199498036
0.0,0.01316293641670611,0.9623969425829779
0.0,0.013230554240764532,0.9621107474982298
0.0,0.013343250614195236,0.9621106412454143
0.0,0.01347848626231208,0.9618379390687014
0.0,0.01352356481168436,0.9618129232225836
0.0,0.013613721910428922,0.9616926637332536
0.0,0.013681339734487345,0.9616918635394902
0.0,0.013703879009173485,0.9616623738010827
0.0,0.013748957558545766,0.9616556598241829
0.0,0.013794036107918047,0.9616318713471645
0.0,0.013839114657290328,0.9615870121337378
0.0,0.013951811030721031,0.9615208227871516
0.0,0.013996889580093312,0.9615107655231604
0.0,0.014267360876327,0.9610519795745784
0.0,0.014357517975071562,0.9610154826211499
0.0,0.014425135799129985,0.9609140513867419
0.0,0.014492753623188406,0.9609119125208465
0.0,0.014515292897874546,0.960909819934461
0.0,0.014560371447246827,0.9609060616151833
0.0,0.014695607095363671,0.9606641793635847
0.0,0.014740685644735952,0.9606602777049934
0.0,0.014808303468794375,0.9606321923085928
0.0,0.014853382018166656,0.9606045324191035
0.0,0.014875921292852796,0.9605817508223686
0.0,0.014920999842225077,0.9605756003817707
0.0,0.014943539116911217,0.9604455195983318
0.0,0.0149886176662835,0.9604319234797386
0.0,0.015078774765028061,0.9603730395601837
0.0,0.015123853314400342,0.9603623976316703
0.0,0.015304167511889467,0.9602224383246837
0.0,0.015349246061261748,0.9602099825835728
0.0,0.01537178533594789,0.9601923696524354
0.0,0.015912727928415263,0.9601913657375211
0.0,0.015935267203101403,0.9601890502431174
0.0,0.01607050285121825,0.9601587486817592
0.0,0.01618319922464895,0.9599908919631529
0.0,0.016228277774021232,0.9599734494153364
0.0,0.016363513422138074,0.959877557282056
0.0,0.01649874907025492,0.959796423144792
0.0,0.017017152388036152,0.9589797994530297
0.0,0.017062230937408433,0.9589702926211923
0.0,0.01755809498050353,0.9583324815403887
0.0,0.01762571280456195,0.9583137754023425
0.0,0.01767079135393423,0.9583022515454364
0.0,0.01769333062862037,0.9582989245304799
0.0,0.017738409177992652,0.9582347926282764
0.0,0.0179863411995402,0.9579552125173793
0.0,0.01805395902359862,0.9579294433675423
0.0,0.01807649829828476,0.9578100262346938
0.0,0.018121576847657042,0.9578016100352152
0.0,0.018144116122343183,0.9578013651086239
0.0,0.018189194671715463,0.9577972244184023
0.0,0.018234273221087744,0.9577793486920774
0.0,0.018279351770460025,0.9577695051359191
0.0,0.01832443031983231,0.9577211511332154
0.001579778830963665,0.01832443031983231,0.9576962576645447
0.001579778830963665,0.01834696959451845,0.9576565664645426
0.001579778830963665,0.01839204814389073,0.9576137344676275
0.001579778830963665,0.01845966596794915,0.957469487167099
0.001579778830963665,0.018504744517321432,0.9574631163827001
0.001579778830963665,0.018639980165438275,0.9573187569114001
0.001579778830963665,0.01868505871481056,0.9572630060698912
0.001579778830963665,0.018932990736358103,0.9570821224082823
0.001579778830963665,0.018978069285730384,0.9570748235711571
0.001579778830963665,0.01918092275790565,0.9568572097380261
0.001579778830963665,0.019226001307277932,0.9568463585447008
0.001579778830963665,0.019361236955394774,0.9566830776703609
0.001579778830963665,0.019406315504767055,0.9566457444189447
0.00315955766192733,0.019406315504767055,0.9566424638091089
0.00315955766192733,0.020082493745351274,0.9555519560769862
0.00315955766192733,0.020127572294723554,0.9555380673838398
0.00315955766192733,0.020150111569409695,0.95551190333257
0.00315955766192733,0.02021772939346812,0.9554617674612048
0.00315955766192733,0.020375504316271102,0.9553590576685133
0.00315955766192733,0.020465661415015664,0.9553294596550759
0.00315955766192733,0.020781211260621633,0.9549419285059758
0.00315955766192733,0.020826289809993914,0.9548873126529177
0.00315955766192733,0.0209840647327969,0.9546480417458763
0.00315955766192733,0.02102914328216918,0.9546284590657426
0.00315955766192733,0.0210967611062276,0.9544897628204366
0.00315955766192733,0.02215610701647621,0.9544779179360116
0.00315955766192733,0.02217864629116235,0.954445033492968
0.00315955766192733,0.022223724840534632,0.9544430783613245
0.00315955766192733,0.022313881939279193,0.9543979828124692
0.00315955766192733,0.022381499763337614,0.9543063579676565
0.00315955766192733,0.02247165686208218,0.9542010325791995
0.00315955766192733,0.022606892510199022,0.9541605406771341
0.00315955766192733,0.02280974598237429,0.9540297317980448
0.00315955766192733,0.02285482453174657,0.9540225160210369
0.00315955766192733,0.02289990308111885,0.9540038995197841
0.00315955766192733,0.02368877769513377,0.9539989555305513
0.00315955766192733,0.023801474068564473,0.9538882038974066
0.00315955766192733,0.023869091892622894,0.9538712692078667
0.00315955766192733,0.02395924899136746,0.9538040211494905
0.00315955766192733,0.02402686681542588,0.9537228343699602
0.00315955766192733,0.02407194536479816,0.9536953995469765
0.00315955766192733,0.024139563188856582,0.9535334092847457
0.00315955766192733,0.024274798836973425,0.9535280285465607
0.00315955766192733,0.024635427231951675,0.9528437330372772
0.00315955766192733,0.02479320215475466,0.952824241110435
0.00315955766192733,0.02483828070412694,0.9528192813608751
0.00315955766192733,0.025063673450988345,0.9528154505930504
0.00315955766192733,0.02513129127504677,0.9528139751958101
0.00315955766192733,0.025289066197849753,0.9526808558202046
0.00315955766192733,0.025334144747222034,0.9526280828685285
0.00315955766192733,0.025401762571280455,0.9525688388073554
0.00315955766192733,0.026055401537178533,0.9525558747896715
0.00315955766192733,0.02621317645998152,0.9523848085533403
0.00315955766192733,0.02628079428403994,0.9523371029674589
0.00315955766192733,0.026528726305587485,0.9521362493197171
0.00315955766192733,0.02657380485495977,0.9520991996066626
0.00315955766192733,0.026889354700565735,0.9517382842317407
0.00315955766192733,0.02695697252462416,0.9517159454183767
0.00315955766192733,0.027137286722113282,0.9515750783999666
0.00315955766192733,0.027182365271485563,0.9515695488775467
0.00315955766192733,0.027317600919602406,0.95145327144506
0.00315955766192733,0.02736267946897469,0.9514297034455453
0.00315955766192733,0.027948700610814343,0.9509269245733001
0.00315955766192733,0.028241711181734172,0.9508731640146634
0.00315955766192733,0.028264250456420312,0.9508599796007408
0.00315955766192733,0.028376946829851014,0.9508582278512392
0.00315955766192733,0.02846710392859558,0.9508223074308008
0.00315955766192733,0.02851218247796786,0.950819461816899
0.00315955766192733,0.028534721752654,0.9507754703408733
0.00315955766192733,0.02857980030202628,0.9506909578876982
0.00315955766192733,0.028624878851398562,0.9506767959607539
0.00315955766192733,0.028669957400770843,0.9506671233356552
0.00315955766192733,0.02891788942231839,0.9504217587480379
0.00315955766192733,0.02896296797169067,0.950383346272548
0.00315955766192733,0.029098203619807514,0.9502784491394403
0.00315955766192733,0.02923343926792436,0.9502782475358618
0.00315955766192733,0.029481371289471904,0.950113497157208
0.00315955766192733,0.029526449838844185,0.950093818318373
0.00315955766192733,0.029751842585705592,0.9498755128634637
0.00315955766192733,0.029819460409764013,0.9497787091208413
0.00315955766192733,0.029909617508508575,0.94972367029719
0.00315955766192733,0.029977235332567,0.9497184274842666
0.00315955766192733,0.03006739243131156,0.949652644564075
0.00315955766192733,0.030112470980683842,0.9496301308416468
0.00315955766192733,0.030247706628800684,0.9495624436220913
0.00315955766192733,0.030495638650348232,0.9495293943400888
0.00315955766192733,0.030518177925034373,0.9495150830872074
0.00315955766192733,0.030563256474406653,0.9495117316284605
0.00315955766192733,0.030653413573151215,0.9494304948510609
0.00315955766192733,0.03083372777064034,0.9494167805510356
0.00315955766192733,0.030878806320012622,0.9493901037908818
0.00315955766192733,0.030946424144071043,0.9493656911181231
0.00315955766192733,0.031014041968129465,0.949307122849885
0.00315955766192733,0.03202830932900579,0.9493069539217733
0.00315955766192733,0.03205084860369194,0.9493036781285603
0.00315955766192733,0.03229878062523948,0.9493016060459003
0.00315955766192733,0.03232131989992562,0.9492698867144188
0.00315955766192733,0.0323663984492979,0.9492580826499973
0.00315955766192733,0.03247909482272861,0.9491941716460703
0.00315955766192733,0.03261433047084545,0.9491469255881451
0.00315955766192733,0.03295241959113756,0.9488915909401656
0.00315955766192733,0.03304257668988212,0.9488902191334975
0.00315955766192733,0.03317781233799896,0.9487769020828868
0.00315955766192733,0.033222890887371244,0.9487696463339559
0.00315955766192733,0.033267969436743525,0.9487443591404842
0.00315955766192733,0.03347082290891879,0.9487415465868474
0.00315955766192733,0.03351590145829107,0.948680623780499
0.00315955766192733,0.03356098000766335,0.9486713993868349
0.00315955766192733,0.0335835192823495,0.94866152486579
0.00315955766192733,0.03362859783172178,0.9486611334722099
0.00315955766192733,0.033741294205152476,0.9485889575565445
0.00315955766192733,0.03378637275452476,0.9485794627189065
0.00315955766192733,0.03387652985326932,0.948508715255982
0.00315955766192733,0.03401176550138617,0.9484707482035625
0.00315955766192733,0.034034304776072305,0.9484707177034962
0.00315955766192733,0.034079383325444586,0.9484652376279153
0.00315955766192733,0.03419207969887529,0.9483628446316902
0.00315955766192733,0.03428223679761985,0.9482955104253183
0.00315955766192733,0.03473302229134267,0.9480078284793261
0.00315955766192733,0.03477810084071495,0.9479874591854652
0.00315955766192733,0.03482317939008723,0.9479462259437051
0.00315955766192733,0.03486825793945951,0.9479436026156132
0.00315955766192733,0.03493587576351793,0.9478807717168654
0.00315955766192733,0.03498095431289021,0.9478697318629963
0.00315955766192733,0.03504857213694863,0.9478386127940818
0.00315955766192733,0.03511618996100706,0.9478317676986688
0.00315955766192733,0.03534158270786846,0.9476674984596913
0.00315955766192733,0.03538666125724074,0.9476599630721152
0.00315955766192733,0.03545427908129917,0.947605750355013
0.00315955766192733,0.03640092861811707,0.9475719895102346
0.00315955766192733,0.03649108571686163,0.9475075777796762
0.00315955766192733,0.03653616426623391,0.9474999805698662
0.00315955766192733,0.03664886063966462,0.9472949371637147
0.00315955766192733,0.036716478463723036,0.9472843792297131
0.00315955766192733,0.0369193319358983,0.9471032372933321
0.00315955766192733,0.03698694975995673,0.9470732160505055
0.00315955766192733,0.037009489034642865,0.9470671015152252
0.00315955766192733,0.03714472468275971,0.9470635627661136
0.00315955766192733,0.03723488178150427,0.9469782831828791
0.00315955766192733,0.03732503888024884,0.9469496747652408
0.00315955766192733,0.03759551017648252,0.9468013799783326
0.00315955766192733,0.03766312800054094,0.9467847396012371
0.00315955766192733,0.03768566727522708,0.9467714642447301
0.00315955766192733,0.03784344219803007,0.9467675762539145
0.00315955766192733,0.03788852074740235,0.9467618298933543
0.00315955766192733,0.03804629567020533,0.9467611827772054
0.00315955766192733,0.0381364527689499,0.9466725227875046
0.00315955766192733,0.03818153131832218,0.9466669025539958
0.00315955766192733,0.03838438479049744,0.946480995691092
0.00315955766192733,0.038452002614555864,0.9464191631686627
0.00315955766192733,0.03851962043861429,0.9464083399436366
0.00315955766192733,0.03856469898798657,0.9464012252803351
0.00315955766192733,0.03865485608673113,0.9463485707480401
0.00315955766192733,0.03890278810827868,0.9463278246181621
0.00315955766192733,0.038970405932337096,0.9462671519576983
0.00315955766192733,0.03901548448170938,0.946244965496084
0.00315955766192733,0.03917325940451236,0.9461629576519721
0.00315955766192733,0.039218337953884644,0.9461291782571938
0.00315955766192733,0.03924087722857079,0.9460820968794795
0.00315955766192733,0.039308495052629205,0.9460592056717922
0.00315955766192733,0.03933103432731535,0.9460140460582906
0.00315955766192733,0.03939865215137377,0.945993885367096
0.00315955766192733,0.039601505623549034,0.9458515587294091
0.00315955766192733,0.039646584172921315,0.9458358569699984
0.00315955766192733,0.039984673293213424,0.9454283550230385
0.00315955766192733,0.040074830391957986,0.9454059996623642
0.00315955766192733,0.04025514458944711,0.9453098506311519
0.00315955766192733,0.04030022313881939,0.9453008846895403
0.00315955766192733,0.04039038023756396,0.9452686265653769
0.00315955766192733,0.04043545878693624,0.9452472074099395
0.00315955766192733,0.04059323370973922,0.9450179147130344
0.00315955766192733,0.0406383122591115,0.945010530925404
0.00315955766192733,0.040751008632542204,0.944963439662176
0.00315955766192733,0.04086370500597291,0.9449514617039989
0.00315955766192733,0.04104401920346203,0.9448030742206623
0.00315955766192733,0.041089097752834314,0.9448013370885855
0.00315955766192733,0.04115671557689274,0.9447130532126391
0.00315955766192733,0.04120179412626502,0.9447120862782846
0.00315955766192733,0.041224333400951156,0.9447114422395312
0.00315955766192733,0.04126941195032344,0.9446906434729501
0.00315955766192733,0.04153988324655713,0.9445044793804029
0.00315955766192733,0.04158496179592941,0.9444943902638676
0.00315955766192733,0.04183289381747695,0.9443542774181014
0.00315955766192733,0.041900511641535375,0.9443384652497804
0.00315955766192733,0.0420808258390245,0.944155378688423
0.00315955766192733,0.04217098293776906,0.9441512060217836
0.00315955766192733,0.04230621858588591,0.9440942243944456
0.00315955766192733,0.04244145423400275,0.9440762607906263
0.00315955766192733,0.04253161133274731,0.9440578900308609
0.00315955766192733,0.042576689882119594,0.9440570950101386
0.00315955766192733,0.042621768431491874,0.9440334354843081
0.00315955766192733,0.04275700407960872,0.9440285617337449
0.00315955766192733,0.04282462190366714,0.9439640800445193
0.00315955766192733,0.04286970045303942,0.9439349468297822
0.00315955766192733,0.04302747537584241,0.9438184989903388
0.00315955766192733,0.04307255392521469,0.9437831172561655
0.00315955766192733,0.04316271102395925,0.9437326410944943
0.00315955766192733,0.04323032884801767,0.9437147994483772
0.00315955766192733,0.04350080014425136,0.943474198341784
0.00315955766192733,0.04359095724299592,0.9434715945270097
0.00315955766192733,0.04395158563797417,0.9431535162751478
0.00315955766192733,0.04442491040638312,0.9431330210666744
0.00315955766192733,0.04451506750512769,0.9431296442727422
0.00315955766192733,0.04469538170261681,0.9428138515644474
0.00315955766192733,0.04474046025198909,0.9428132647769651
0.00315955766192733,0.0450785493722812,0.9425024602643072
0.00315955766192733,0.0451912457457119,0.9424997560564479
0.00315955766192733,0.045213785020398044,0.9424902334016554
0.00315955766192733,0.045258863569770325,0.942482323899952
0.00315955766192733,0.04575472761286542,0.9421942539661284
0.00315955766192733,0.0457998061622377,0.9421879037277286
0.00315955766192733,0.04595758108504068,0.9420087684798468
0.00315955766192733,0.04600265963441297,0.9419959491692272
0.00315955766192733,0.046025198909099105,0.9419751397336269
0.00315955766192733,0.046115356007843666,0.9419744583475923
0.00315955766192733,0.04627313093064665,0.9419141445462796
0.00315955766192733,0.04688169134717245,0.9418981082359081
0.00315955766192733,0.04690423062185859,0.9418792360062131
0.00315955766192733,0.04694930917123087,0.9418786683028987
0.00315955766192733,0.04699438772060315,0.941830465856659
0.00315955766192733,0.04703946626997543,0.9418114491738019
0.00315955766192733,0.047129623368719994,0.9418052950916393
0.00315955766192733,0.0472423197421507,0.9417481665488545
0.00315955766192733,0.04728739829152298,0.9417471368399909
0.00315955766192733,0.04742263393963982,0.9417133606398849
0.00315955766192733,0.04758040886244281,0.9415771012362683
0.00315955766192733,0.04767056596118737,0.9415579459528169
0.00315955766192733,0.04814389072959632,0.9411841418915492
0.00315955766192733,0.0481889692789686,0.941170182887243
0.00315955766192733,0.04825658710302703,0.9411069826470089
0.00315955766192733,0.04830166565239931,0.9411034904628828
0.00315955766192733,0.04834674420177159,0.9410575984116906
0.00315955766192733,0.04854959767394685,0.9410543163252657
0.00315955766192733,0.048617215498005274,0.9409726222292129
0.00315955766192733,0.048662294047377555,0.9409668190809409
0.00315955766192733,0.0487975296954944,0.9407602541932714
0.00315955766192733,0.04886514751955282,0.9407573940263163
0.00315955766192733,0.049000383167669664,0.9406560134929721
0.00315955766192733,0.049045461717041945,0.9406434892931627
0.00315955766192733,0.049090540266414226,0.9406342279629462
0.00315955766192733,0.04913561881578651,0.9406213456737698
0.00315955766192733,0.04920323663984493,0.9405892555123614
0.00315955766192733,0.0494060901120202,0.9404793692488592
0.00315955766192733,0.04949624721076476,0.940478132870985
0.00315955766192733,0.04954132576013704,0.9404671672133332
0.00315955766192733,0.0496314828588816,0.9403950764759196
0.00315955766192733,0.049721639957626164,0.9403883174243662
0.00315955766192733,0.04983433633105687,0.9402847764017885
0.00315955766192733,0.05008226835260441,0.9402738785931622
0.00315955766192733,0.05026258255009354,0.940191372888509
0.00315955766192733,0.05030766109946582,0.9401840223688356
0.00315955766192733,0.05033020037415196,0.9401650186328347
0.00315955766192733,0.05044289674758266,0.9401631593991375
0.00315955766192733,0.050487975296954944,0.9401539490137562
0.00315955766192733,0.050533053846327225,0.9400913309233772
0.00315955766192733,0.05062321094507179,0.9400860346072318
0.00315955766192733,0.05080352514256091,0.9399509869844798
0.00315955766192733,0.05105145716410846,0.939949126343353
0.00315955766192733,0.05123177136159758,0.9398075646590697
0.00315955766192733,0.05127684991096987,0.9397959125659209
0.00315955766192733,0.051592399756575834,0.9397799630874001
0.00315955766192733,0.052020645975612505,0.9394758780185689
0.00315955766192733,0.052065724524984786,0.939427106560013
0.00315955766192733,0.05224603872247391,0.9393218681971711
0.00315955766192733,0.05233619582121847,0.9393187528034095
0.00315955766192733,0.05267428494151058,0.9390385472899112
0.00315955766192733,0.05296729551243041,0.9390289843210265
0.00315955766192733,0.05305745261117497,0.9389970785701469
0.00315955766192733,0.05319268825929182,0.9388797868422974
0.00315955766192733,0.0532377668086641,0.9388773968841211
0.00315955766192733,0.05328284535803638,0.9388466598080288
0.00315955766192733,0.05332792390740866,0.9388350274068998
0.00315955766192733,0.053463159555525504,0.9387798778016602
0.00315955766192733,0.05380124867581761,0.9387749071325601
0.00315955766192733,0.053891405774562175,0.9387288713778225
0.00315955766192733,0.05413933779610972,0.9387279656969071
0.00315955766192733,0.05440980909234341,0.9385886378296643
0.00315955766192733,0.05447742691640183,0.9385766730483827
0.00315955766192733,0.05488313386075236,0.938272615242345
0.00315955766192733,0.055378997903847454,0.9382718872658029
0.00315955766192733,0.05560439065070886,0.938103893891016
0.00315955766192733,0.055807244122884125,0.9381037893002048
0.00315955766192733,0.05603263686974553,0.9379016371792946
0.00315955766192733,0.05607771541911781,0.9378932606974646
0.00315955766192733,0.05616787251786238,0.9378141013103881
0.00315955766192733,0.05621295106723466,0.9378094331102922
0.00315955766192733,0.05659611873689905,0.9374978367863861
0.00315955766192733,0.05668627583564361,0.937486359753218
0.00315955766192733,0.05673135438501589,0.9374569456800506
0.00315955766192733,0.05682151148376045,0.9374503982671454
0.00315955766192733,0.056866590033132734,0.9374437244777537
0.00315955766192733,0.05688912930781887,0.9374344821417733
0.00315955766192733,0.056956747131877296,0.9374320930178118
0.00315955766192733,0.05709198277999414,0.9373977486221505
0.00315955766192733,0.05713706132936642,0.9373557420946885
0.00315955766192733,0.0571821398787387,0.9373417905807562
0.00315955766192733,0.057204679153424844,0.9373270464660832
0.00315955766192733,0.057249757702797124,0.9373029244349397
0.00315955766192733,0.05754276827371695,0.9372973725133334
0.00315955766192733,0.05770054319651994,0.9372297622639507
0.00315955766192733,0.05774562174589222,0.9372112974906147
0.00315955766192733,0.05785831811932292,0.9371452764577483
0.00315955766192733,0.05866973200802398,0.9371369854439304
0.00315955766192733,0.058737349832082404,0.9371054485819142
0.00315955766192733,0.058827506930826966,0.937086608011108
0.00315955766192733,0.05905289967768837,0.9368619101690757
0.00315955766192733,0.05914305677643293,0.9368534770388105
0.00315955766192733,0.05932337097392206,0.9367854178876179
0.00315955766192733,0.05936844952329434,0.9367791691795913
0.00315955766192733,0.05979669574233101,0.9366165807747951
0.00315955766192733,0.05990939211576171,0.9365837589248158
0.00315955766192733,0.06051795253228751,0.9365612611660435
0.00315955766192733,0.06072080600446278,0.9363443667755592
0.00315955766192733,0.0607884238285212,0.9363387842155643
0.00315955766192733,0.06081096310320734,0.9363071745238731
0.00315955766192733,0.06085604165257962,0.9362904859743553
0.00315955766192733,0.06092365947663804,0.9362098763222059
0.00315955766192733,0.060991277300696464,0.9362080179103662
0.00315955766192733,0.06105889512475488,0.9361491811067421
0.00315955766192733,0.06114905222349945,0.9361434443911988
0.00315955766192733,0.06139698424504699,0.9359619265001011
0.00315955766192733,0.06144206279441928,0.9359489719713429
0.00315955766192733,0.06153221989316384,0.9359177481524387
0.00315955766192733,0.06168999481596682,0.9359013715228428
0.00315955766192733,0.0617350733653391,0.9358955765270622
0.00315955766192733,0.06198300538688665,0.9358830417206024
0.00315955766192733,0.06205062321094507,0.9358537660863308
0.00315955766192733,0.06241125160592332,0.9356831024878075
0.00315955766192733,0.0624563301552956,0.9356686729228062
0.00315955766192733,0.0625690265287263,0.9356113254730748
0.00315955766192733,0.06261410507809859,0.9356070687896583
0.00315955766192733,0.06265918362747087,0.9355920120566107
0.00315955766192733,0.06270426217684315,0.9355844079581584
0.00315955766192733,0.06277188000090157,0.9355322335376324
0.00315955766192733,0.06281695855027385,0.9355247338757602
0.00315955766192733,0.06301981202244912,0.9353529307833183
0.00315955766192733,0.06326774404399667,0.9353405552363614
0.00315955766192733,0.0632902833186828,0.9353326504319583
0.00315955766192733,0.06335790114274123,0.9353261469904779
0.00315955766192733,0.06353821534023035,0.9351186604264227
0.00315955766192733,0.06365091171366105,0.9351178746179261
0.00315955766192733,0.06371852953771948,0.9350992058104877
0.00315955766192733,0.06376360808709176,0.9350848404922363
0.00315955766192733,0.06385376518583633,0.9349950615457903
0.00315955766192733,0.0638988437352086,0.9349733599718271
0.00315955766192733,0.06452994342642054,0.9345810876286419
0.00315955766192733,0.06457502197579282,0.9345778192325641
0.00315955766192733,0.06511596456826019,0.9342941026741162
0.00315955766192733,0.06520612166700475,0.9342876067443436
0.00315955766192733,0.0652286609416909,0.9342534782832774
0.00315955766192733,0.06536389658980774,0.9342233258184568
0.00315955766192733,0.06561182861135528,0.9340601161653606
0.00315955766192733,0.06565690716072757,0.9340505340062225
0.00315955766192733,0.0657921428088444,0.9340068792745538
0.00315955766192733,0.06594991773164739,0.9340054292878356
0.00315955766192733,0.06601753555570582,0.9339874649047449
0.00315955766192733,0.0660626141050781,0.9339842426713576
0.00315955766192733,0.06608515337976424,0.9339688059633594
0.00315955766192733,0.06662609597223161,0.9339621509301566
0.00315955766192733,0.06671625307097617,0.9339402548413406
0.00315955766192733,0.06680641016972073,0.9339060708453756
0.00315955766192733,0.06685148871909302,0.9338659475194023
0.00315955766192733,0.06759528478373567,0.933863879245031
0.00315955766192733,0.06775305970653864,0.9337628210343828
0.00315955766192733,0.06779813825591093,0.9337611059781703
0.00315955766192733,0.06791083462934162,0.9337023721899357
0.00315955766192733,0.06800099172808619,0.9336862944055188
0.00315955766192733,0.06820384520026146,0.9335150044226731
0.00315955766192733,0.06827146302431988,0.9335118387005131
0.00315955766192733,0.06840669867243672,0.9334554026314387
0.00315955766192733,0.06845177722180901,0.9334429223678091
0.00315955766192733,0.0686771699686704,0.9333379709592204
0.00315955766192733,0.06874478779272883,0.9333266299068561
0.00315955766192733,0.06876732706741497,0.9333188691975381
0.00315955766192733,0.06881240561678725,0.9333010363581421
0.00315955766192733,0.06899271981427638,0.9331385903880335
0.00315955766192733,0.06912795546239323,0.9331290663513527
0.00315955766192733,0.06933080893456849,0.9330563440228116
0.00315955766192733,0.06939842675862691,0.9330430682544123
0.00315955766192733,0.06957874095611603,0.9329468869785766
0.00315955766192733,0.06962381950548831,0.9329457762936928
0.00315955766192733,0.06973651587891902,0.9329023279358108
0.00315955766192733,0.0697815944282913,0.9328981353084801
0.00315955766192733,0.07043523339418938,0.9325350893034047
0.00315955766192733,0.07052539049293394,0.9324843746642354
0.00315955766192733,0.07059300831699236,0.9324700063289318
0.00315955766192733,0.07066062614105079,0.9324532836470242
0.00315955766192733,0.07102125453602903,0.9322705232187379
0.00315955766192733,0.07108887236008746,0.9322542351802989
0.00315955766192733,0.07131426510694885,0.9321352396835956
0.00315955766192733,0.07135934365632114,0.9321349625348498
0.00315955766192733,0.07147204002975184,0.932040119893778
0.00315955766192733,0.07153965785381027,0.9320315814350583
0.00315955766192733,0.0715621971284964,0.9320132978167258
0.00315955766192733,0.07162981495255483,0.9320054973773881
0.00315955766192733,0.07212567899564992,0.9317013285071859
0.00315955766192733,0.07221583609439448,0.9316641565065631
0.00315955766192733,0.07228345391845291,0.9316584211579214
0.00315955766192733,0.07235107174251132,0.9316219109677119
0.00315955766192733,0.07241868956656974,0.9316169976084643
0.00315955766192733,0.0725088466653143,0.9315932502057145
0.00315955766192733,0.0725539252146866,0.9315882865999517
0.00315955766192733,0.07309486780715396,0.9312033687206523
0.00315955766192733,0.07313994635652625,0.9312011280211377
0.00315955766192733,0.07363581039962135,0.930922463112802
0.00315955766192733,0.07370342822367976,0.9309074038397699
0.00315955766192733,0.07372596749836591,0.9309055948231031
0.00315955766192733,0.07377104604773818,0.9309046062701938
0.00315955766192733,0.07399643879459959,0.9308210768842283
0.00315955766192733,0.07404151734397187,0.9307929640931786
0.00315955766192733,0.07408659589334415,0.930778390527521
0.00315955766192733,0.07417675299208872,0.9307731960778401
0.00315955766192733,0.07422183154146099,0.9307672906593124
0.00315955766192733,0.07440214573895013,0.9307424497538865
0.00315955766192733,0.0744472242883224,0.9307376081667414
0.00315955766192733,0.07449230283769469,0.9307320099683855
0.00315955766192733,0.07476277413392837,0.9305702283669427
0.00315955766192733,0.0748303919579868,0.9305701686685974
0.00315955766192733,0.07487547050735907,0.9305560693812758
0.00315955766192733,0.0749430883314175,0.9305388869047124
0.00315955766192733,0.0750557847048482,0.9304714062287934
0.00315955766192733,0.07523609890233732,0.9304711692052637
0.00315955766192733,0.0752811774517096,0.9304387258915188
0.00315955766192733,0.07534879527576803,0.9304323990928217
0.00315955766192733,0.07593481641760769,0.9301168551832967
0.00315955766192733,0.07597989496697996,0.9301058307243759
0.00315955766192733,0.07611513061509681,0.9299833773728894
0.00315955766192733,0.07616020916446908,0.9299821688746102
0.00315955766192733,0.0763405233619582,0.9298888358544425
0.00315955766192733,0.0763856019113305,0.9298653236516817
0.00315955766192733,0.07647575901007506,0.9298145762964667
0.00315955766192733,0.07656591610881962,0.9297825518084984
0.00315955766192733,0.07663353393287804,0.9297513941677629
0.00315955766192733,0.07667861248225032,0.9297261217842547
0.00315955766192733,0.07676876958099488,0.929715887554881
0.00315955766192733,0.07753510492032366,0.929710921485895
0.00315955766192733,0.07760272274438208,0.9296962867611933
0.00315955766192733,0.07798589041404648,0.9296796061000608
0.00315955766192733,0.07823382243559403,0.9295756842778009
0.00315955766192733,0.0782789009849663,0.9295684491278652
0.00315955766192733,0.07857191155588614,0.9294367672259675
0.00315955766192733,0.07861699010525841,0.9294254923056974
0.00315955766192733,0.07884238285211982,0.929292063387879
0.00315955766192733,0.0788874614014921,0.9292913940732008
0.00315955766192733,0.07920301124709807,0.9291731883084089
0.00315955766192733,0.07929316834584263,0.9291536489820499
0.00315955766192733,0.07933824689521492,0.9291533018960894
0.00315955766192733,0.07938332544458719,0.9291214914428871
0.00315955766192733,0.07942840399395948,0.9290897170093579
0.00315955766192733,0.07954110036739018,0.9290315332776062
0.00315955766192733,0.07965379674082088,0.9290165361341013
0.00315955766192733,0.07994680731174071,0.9289166657794192
0.00315955766192733,0.08001442513579914,0.9289127202575287
0.00315955766192733,0.08125408524353686,0.9288988429544086
0.00315955766192733,0.08147947799039827,0.9288462501102723
0.00315955766192733,0.0815470958144567,0.9288304717995948
0.00315955766192733,0.0817724885613181,0.9287081019352998
0.00315955766192733,0.08289945229562512,0.9287067838135318
0.00315955766192733,0.08348547343746478,0.9283885516360221
0.00315955766192733,0.0835530912615232,0.9283829720824248
0.00315955766192733,0.08384610183244304,0.9282500144842938
0.00315955766192733,0.08389118038181531,0.9282460171266632
0.00315955766192733,0.08398133748055987,0.9281579635330551
0.00315955766192733,0.08409403385399059,0.9281559059440962
0.00315955766192733,0.08425180877679356,0.9281058280729477
0.00315955766192733,0.0843870444249104,0.9281006417260423
0.00315955766192733,0.08445466224896883,0.9280765003663262
0.00315955766192733,0.0844997407983411,0.9280742913796145
0.00315955766192733,0.08495052629206393,0.9279150926092209
0.00315955766192733,0.08517591903892532,0.9279072660001703
0.00315955766192733,0.08519845831361147,0.9278849097016537
0.00315955766192733,0.08528861541235604,0.9278773680103325
0.00315955766192733,0.08546892960984516,0.9277749059974254
0.00315955766192733,0.08551400815921743,0.9277663023492791
0.00315955766192733,0.08562670453264815,0.9276641379903596
0.00315955766192733,0.08571686163139271,0.92762848246368
0.00315955766192733,0.08578447945545112,0.9275887643174697
0.00315955766192733,0.0858295580048234,0.9275848223522322
0.00315955766192733,0.08585209727950954,0.9275847708540587
0.00315955766192733,0.08589717582888183,0.9275810644989099
0.00315955766192733,0.08684382536569973,0.9272491159029681
0.00315955766192733,0.08688890391507201,0.9272490826336832
0.00315955766192733,0.08733968940879483,0.92703153367848
0.00315955766192733,0.0873847679581671,0.9270009796538878
0.00315955766192733,0.08742984650753939,0.9269913462894043
0.00315955766192733,0.08747492505691166,0.9269881660524296
0.00315955766192733,0.08770031780377308,0.926864403509259
0.00315955766192733,0.08774539635314535,0.926826212087509
0.00315955766192733,0.08783555345188993,0.9268241548166454
0.00315955766192733,0.0878806320012622,0.926804081368723
0.00315955766192733,0.08792571055063449,0.9268027714693199
0.00315955766192733,0.08806094619875132,0.9267583773371609
0.00315955766192733,0.08810602474812361,0.9267445819375717
0.00315955766192733,0.08828633894561273,0.9266453975507907
0.00315955766192733,0.088331417494985,0.9266319817046044
0.00315955766192733,0.08855681024184642,0.9265443814084555
0.00315955766192733,0.08866950661527712,0.9265354651779953
0.00315955766192733,0.08869204588996327,0.9265334037426796
0.00315955766192733,0.08873712443933554,0.9265144227966946
0.00315955766192733,0.0889399779115108,0.9264117321263348
0.00315955766192733,0.08903013501025538,0.926395557329083
0.00315955766192733,0.08925552775711677,0.9262938797024882
0.00315955766192733,0.08939076340523362,0.9262879987442164
0.00315955766192733,0.08975139180021187,0.9261726136986309
0.00315955766192733,0.08979647034958416,0.9261700760110461
0.00315955766192733,0.0906529627876575,0.9257949063754474
0.00315955766192733,0.09072058061171591,0.925788368988211
0.00315955766192733,0.09081073771046047,0.9257726121555904
0.00315955766192733,0.09128406247886943,0.9255544801776343
0.00315955766192733,0.09132914102824172,0.925521481238603
0.00315955766192733,0.09146437667635855,0.925454676769348
0.00315955766192733,0.09150945522573084,0.9254476181565156
0.00315955766192733,0.0917123086979061,0.9253094308610831
0.00315955766192733,0.09184754434602295,0.9253004185650572
0.00315955766192733,0.09189262289539522,0.9252850689356842
0.00315955766192733,0.09238848693849032,0.9251352345772316
0.00315955766192733,0.0924335654878626,0.9251262724046696
0.00315955766192733,0.09261387968535173,0.9250385106948468
0.00315955766192733,0.092658958234724,0.9250332804149363
0.00315955766192733,0.09286181170689928,0.9249514798241057
0.00315955766192733,0.09297450808032998,0.9249479614684697
0.00315955766192733,0.09313228300313296,0.924793487965387
0.00315955766192733,0.09324497937656366,0.924791225319082
0.00315955766192733,0.09374084341965876,0.9245803329597044
0.00315955766192733,0.09378592196903103,0.9245761063583217
0.00315955766192733,0.09380846124371718,0.9245760151661786
0.00315955766192733,0.09385353979308945,0.9245749538881999
0.00315955766192733,0.09405639326526473,0.924498344794737
0.00315955766192733,0.094101471814637,0.9244972077363723
0.00315955766192733,0.09412401108932314,0.9244862233425586
0.00315955766192733,0.09416908963869543,0.9244857721256582
0.00315955766192733,0.0942141681880677,0.924473226983474
0.00315955766192733,0.09425924673743999,0.924429020873825
0.00315955766192733,0.09430432528681228,0.9244226742357515
0.00315955766192733,0.09434940383618455,0.9244127791900072
0.00315955766192733,0.0950481213514549,0.9241039545757765
0.00315955766192733,0.09511573917551333,0.9241038088631827
0.00315955766192733,0.09552144611986386,0.9239178779881333
0.00315955766192733,0.09556652466923614,0.9239153568421261
0.00315955766192733,0.09563414249329456,0.9239001521172764
0.00315955766192733,0.09567922104266685,0.9238895220007792
0.00315955766192733,0.09574683886672528,0.923887306348971
0.00315955766192733,0.09646809565668177,0.9235216803646317
0.00315955766192733,0.09662587057948475,0.9235065226106167
0.00315955766192733,0.09678364550228774,0.9234629598752965
0.00315955766192733,0.09682872405166001,0.9234575845105822
0.00315955766192733,0.09718935244663826,0.9231669334684665
0.00315955766192733,0.09725697027069669,0.923149094180641
0.00315955766192733,0.09741474519349967,0.923136648766627
0.00315955766192733,0.0974823630175581,0.9230759520840938
0.00315955766192733,0.09752744156693037,0.9230643734006752
0.00315955766192733,0.09813600198345618,0.9227920697798901
0.00315955766192733,0.09827123763157301,0.9227645463913323
0.00315955766192733,0.0983163161809453,0.9227631151969651
0.00315955766192733,0.09833885545563144,0.9227552439004653
0.00315955766192733,0.09840647327968986,0.9227407365662316
0.00315955766192733,0.09863186602655126,0.9226599677271783
0.00315955766192733,0.09867694457592355,0.922659383282216
0.00315955766192733,0.09878964094935425,0.9225827059815018
0.00315955766192733,0.09883471949872653,0.9225797934630854
0.00315955766192733,0.09887979804809881,0.9225709171384379
0.00315955766192733,0.0989248765974711,0.9225610430561196
0.00315955766192733,0.09978136903554444,0.9221124462331604
0.00315955766192733,0.099871526134289,0.9221094834011264
0.00315955766192733,0.10005184033177812,0.9220467544454612
0.00315955766192733,0.10009691888115041,0.9220208597629784
0.00315955766192733,0.10011945815583655,0.9220197290301547
0.00315955766192733,0.10016453670520882,0.9220026852207851
0.00315955766192733,0.10018707597989497,0.9220026149812386
0.00315955766192733,0.10023215452926725,0.9219912270548787
0.00315955766192733,0.10052516510018708,0.9218210775455355
0.00315955766192733,0.10061532219893164,0.9218132986176338
0.00315955766192733,0.1008181756711069,0.9217715064778262
0.00315955766192733,0.10097595059390989,0.9217694213164039
0.00315955766192733,0.10108864696734059,0.9216675674675093
0.00315955766192733,0.10115626479139901,0.9216637801070353
0.00315955766192733,0.10126896116482971,0.9216544775324784
0.00315955766192733,0.10138165753826042,0.9216429601444804
0.00315955766192733,0.10144927536231885,0.9216306956876201
0.00315955766192733,0.10151689318637726,0.9216181132098308
0.00315955766192733,0.10167466810918024,0.9215156672743222
0.00315955766192733,0.10171974665855253,0.9215110182822572
0.00315955766192733,0.10185498230666937,0.9214604730023729
0.00315955766192733,0.10194513940541393,0.9214334291362954
0.00315955766192733,0.10208037505353078,0.921315587412966
0.00315955766192733,0.10212545360290305,0.9213070356126299
0.00315955766192733,0.10250862127256745,0.9211662905081194
0.00315955766192733,0.10255369982193974,0.9211588796282829
0.00315955766192733,0.10259877837131201,0.9211573036819186
0.00315955766192733,0.1026438569206843,0.9211479697688901
0.00315955766192733,0.10304956386503482,0.921039681483593
0.00315955766192733,0.10313972096377938,0.9210198247683256
0.00315955766192733,0.10318479951315167,0.9210093731852127
0.00315955766192733,0.10329749588658237,0.9209968895088959
0.00315955766192733,0.10345527080938535,0.9209401996549968
0.00315955766192733,0.1035905064575022,0.9209297603443679
0.00315955766192733,0.1047625487411815,0.9204790586391615
0.00315955766192733,0.10480762729055379,0.9204638418121928
0.00315955766192733,0.10483016656523993,0.9204566926912157
0.00315955766192733,0.10496540221335678,0.9204417877074167
0.00315955766192733,0.10548380553113801,0.9201292024641808
0.00315955766192733,0.10568665900331327,0.9201042524898171
0.00315955766192733,0.10582189465143012,0.9200354467060518
0.00315955766192733,0.10588951247548854,0.9200348982425525
0.00315955766192733,0.10593459102486082,0.9200318169207318
0.00315955766192733,0.10604728739829153,0.9200095742179625
0.00315955766192733,0.10611490522234994,0.9200060140653074
0.00315955766192733,0.10681362273762031,0.919767528690698
0.00315955766192733,0.10685870128699258,0.9197252151113188
0.00315955766192733,0.10760249735163523,0.9193854131110303
0.00315955766192733,0.10769265445037979,0.919383490762638
0.00315955766192733,0.10789550792255505,0.9192623538207714
0.00315955766192733,0.10963103207338788,0.919253771383967
0.00315955766192733,0.10967611062276016,0.9192217018613966
0.00315955766192733,0.109811346270877,0.9192094187061101
0.00315955766192733,0.10983388554556314,0.9192035611593887
0.00315955766192733,0.10987896409493543,0.9192016618244683
0.00315955766192733,0.11051006378614736,0.9189474269174529
0.00315955766192733,0.11060022088489192,0.9189357673614577
0.00315955766192733,0.11064529943426421,0.9189269134855869
0.00315955766192733,0.11069037798363648,0.918856242343609
0.00315955766192733,0.11073545653300877,0.9188523067601657
0.00315955766192733,0.1117497238938851,0.918460435104482
0.00315955766192733,0.11193003809137422,0.9184584868602339
0.00315955766192733,0.11226812721166633,0.9183243572215245
0.00315955766192733,0.1123132057610386,0.9183168188679294
0.00315955766192733,0.11256113778258615,0.9182380061604153
0.00315955766192733,0.11260621633195844,0.918225296567742
0.00315955766192733,0.1128090698041337,0.9180954135101674
0.00315955766192733,0.11285414835350599,0.918076431084069
0.00315955766192733,0.11294430545225055,0.9180418920982752
0.00315955766192733,0.11298938400162283,0.9180407786093755
0.00315955766192733,0.11301192327630896,0.9180182585069884
0.00315955766192733,0.11307954110036739,0.9180069637711604
0.00315955766192733,0.11373318006626547,0.9177276505465293
0.00315955766192733,0.11377825861563774,0.9177204385008461
0.00315955766192733,0.11416142628530214,0.9175604596891234
0.00315955766192733,0.11420650483467441,0.9175533536245155
0.00315955766192733,0.1143642797574774,0.9175030717347685
0.00315955766192733,0.11443189758153582,0.9174890894583275
0.00315955766192733,0.11456713322965267,0.9174498912353212
0.00315955766192733,0.11476998670182793,0.9174457402671898
0.00315955766192733,0.11526585074492303,0.917259821736056
0.00315955766192733,0.11533346856898145,0.9172423147864481
0.00315955766192733,0.1156940969639597,0.9171187085199728
0.00315955766192733,0.11573917551333199,0.9171186033117901
0.00315955766192733,0.11585187188676269,0.9170783538824886
0.00315955766192733,0.11589695043613496,0.9170746875639668
0.00315955766192733,0.11603218608425181,0.9169731698014074
0.00315955766192733,0.11607726463362408,0.9169687694142954
0.00315955766192733,0.11625757883111322,0.9168921043878034
0.00315955766192733,0.1163026573804855,0.9168681204372908
0.00315955766192733,0.11731692474136182,0.9165238797821089
0.00315955766192733,0.11736200329073411,0.9165189431049033
0.00315955766192733,0.11803818153131833,0.9163329424376093
0.00315955766192733,0.1180832600806906,0.9163324126310609
0.00315955766192733,0.11821849572880745,0.9162777674547967
0.00315955766192733,0.11826357427817973,0.9162651124451637
0.00315955766192733,0.11900737034282237,0.9159257332017764
0.00315955766192733,0.1190749881668808,0.9159234952297508
0.00315955766192733,0.1196384700340343,0.915719624812027
0.00315955766192733,0.11968354858340659,0.9157060049993798
0.00315955766192733,0.12029210899993238,0.9154420039900649
0.00315955766192733,0.12033718754930467,0.9154413978149409
0.00315955766192733,0.12044988392273537,0.9153915828463678
0.00315955766192733,0.12049496247210764,0.9153872256297473
0.00315955766192733,0.1208555908670859,0.915185630813059
0.00315955766192733,0.12090066941645818,0.9151810483779462
0.00315955766192733,0.12103590506457503,0.9151193442024705
0.00315955766192733,0.12117114071269186,0.9151012640470744
0.00315955766192733,0.12119367998737801,0.9150938488364598
0.00315955766192733,0.12123875853675029,0.9150938032572634
0.00315955766192733,0.12148669055829783,0.9149823708728032
0.00315955766192733,0.1215768476570424,0.9149818144235132
0.00315955766192733,0.12177970112921767,0.9148558454875081
0.00315955766192733,0.12186985822796223,0.9148555152063473
0.00315955766192733,0.12193747605202064,0.9148359662817057
0.00315955766192733,0.12198255460139293,0.9148170167372394
0.00315955766192733,0.1224108008204296,0.9145343257110412
0.00315955766192733,0.12245587936980187,0.9145291905869696
0.00315955766192733,0.12265873284197715,0.9144272079109537
0.00315955766192733,0.12270381139134942,0.9144159102400565
0.00315955766192733,0.12283904703946627,0.9143346461490952
0.00315955766192733,0.12292920413821083,0.9143322371621074
0.00315955766192733,0.1230193612369554,0.9143032591080889
0.00315955766192733,0.12308697906101382,0.9142983286564795
0.00315955766192733,0.12398855004845943,0.9139691712702526
0.00315955766192733,0.12403362859783172,0.9139690617398406
0.00315955766192733,0.12416886424594857,0.913917647143308
0.00315955766192733,0.12425902134469313,0.9139087312047226
0.00315955766192733,0.1243040998940654,0.913891086185695
0.00315955766192733,0.1243491784434377,0.9138503058374414
0.00315955766192733,0.12437171771812383,0.9138255383052842
0.00315955766192733,0.12441679626749612,0.9138011496386057
0.00315955766192733,0.12534090652962787,0.9134209626275375
0.00315955766192733,0.1254085243536863,0.9134131866039159
0.00315955766192733,0.12759483399824192,0.9124728688932449
0.00315955766192733,0.12763991254761423,0.9124651325099254
0.00315955766192733,0.12766245182230035,0.9124565239093583
0.00315955766192733,0.12786530529447562,0.9124558702071488
0.00315955766192733,0.128564022809746,0.9121112024189203
0.00315955766192733,0.12865417990849054,0.9120968080956825
0.00315955766192733,0.12872179773254896,0.9120803207489272
0.00315955766192733,0.12887957265535194,0.9120718211547844
0.00315955766192733,0.1297360650934253,0.9116943716632312
0.00315955766192733,0.1298036829174837,0.9116932601110256
0.00315955766192733,0.13075033245430162,0.911292119581254
0.00315955766192733,0.1307954110036739,0.9112806918743082
0.00315955766192733,0.13081795027836005,0.9112717262490031
0.00315955766192733,0.13086302882773232,0.9112686452426232
0.00315955766192733,0.131291275046769,0.9110208762959343
0.00315955766192733,0.13133635359614126,0.9110185057068615
0.00315955766192733,0.13153920706831654,0.9109333761962884
0.00315955766192733,0.1315842856176888,0.9109316446168663
0.00315955766192733,0.13160682489237496,0.910928972781882
0.00315955766192733,0.13165190344174724,0.9109249639991182
0.00315955766192733,0.13304933847228795,0.9104040290918916
0.00315955766192733,0.13313949557103252,0.9103840610034498
0.00315955766192733,0.13397344873441971,0.9099943650129518
0.00315955766192733,0.13401852728379202,0.909990658620673
0.00315955766192733,0.13440169495345639,0.9098142783719391
0.00315955766192733,0.1344693127775148,0.9098107623687655
0.00315955766192733,0.13453693060157323,0.909762902972111
0.00315955766192733,0.13458200915094554,0.9097581510370272
0.00315955766192733,0.13478486262312078,0.909676404499559
0.00315955766192733,0.13482994117249306,0.9096150399114835
0.00315955766192733,0.13537088376496045,0.9093689434788865
0.00315955766192733,0.13541596231433273,0.9093681130184981
0.00315955766192733,0.13559627651182185,0.9093069447518224
0.00315955766192733,0.13564135506119412,0.9093057132647977
0.00315955766192733,0.13577659070931097,0.9092585244052515
0.00315955766192733,0.1358442085333694,0.9092370046308245
0.00315955766192733,0.13588928708274167,0.9092302744004536
0.00315955766192733,0.13597944418148625,0.9092002875645983
0.00315955766192733,0.13602452273085852,0.9091792855749055
0.00315955766192733,0.1373994184867131,0.9085770463563343
0.00315955766192733,0.13744449703608538,0.9085690671125063
0.00315955766192733,0.13755719340951608,0.9085428739290368
0.00315955766192733,0.13760227195888836,0.9085392653627233
0.00315955766192733,0.1379629003538666,0.9084037848859762
0.00315955766192733,0.1380079789032389,0.9084014848093983
0.00315955766192733,0.1385714607703924,0.9081846565869184
0.00315955766192733,0.13863907859445082,0.9081793791181688
0.00315955766192733,0.13870669641850925,0.9081466684009492
0.00315955766192733,0.13877431424256767,0.9081438127734562
0.00315955766192733,0.1397435030540717,0.9077792064447743
0.00315955766192733,0.139788581603444,0.9077716404709183
0.00315955766192733,0.14003651362499156,0.9077247618924761
0.00315955766192733,0.14008159217436383,0.9077061439976999
0.00315955766192733,0.14041968129465593,0.9075712003012459
0.00315955766192733,0.14048729911871435,0.9075690359752724
0.00315955766192733,0.14064507404151735,0.9074939333612203
0.00315955766192733,0.14069015259088963,0.9074786476535117
0.00315955766192733,0.14071269186557578,0.9074781525406382
0.00315955766192733,0.14078030968963418,0.9074480093784744
0.00315955766192733,0.14087046678837875,0.9074029284952707
0.00315955766192733,0.14091554533775102,0.9073913454650255
0.00315955766192733,0.1409606238871233,0.9073726157737101
0.00315955766192733,0.1410057024364956,0.9073562485135928
0.00315955766192733,0.1411183988099263,0.9072923129611293
0.00315955766192733,0.14116347735929857,0.9072887816808488
0.00315955766192733,0.14136633083147385,0.9072203694095926
0.00315955766192733,0.14141140938084612,0.9072171295132295
0.00315955766192733,0.14147902720490454,0.9071991652552716
0.00315955766192733,0.14152410575427682,0.9071974555799437
0.00315955766192733,0.14321455135573738,0.9064252439392704
0.00315955766192733,0.14325962990510965,0.906406147961416
0.00315955766192733,0.14364279757477405,0.9062685810011626
0.00315955766192733,0.14371041539883248,0.9062561641817236
0.00315955766192733,0.14465706493565036,0.9059333667692702
0.00315955766192733,0.14470214348502264,0.9059302730153623
0.00315955766192733,0.145400861000293,0.9055854595037469
0.00315955766192733,0.14546847882435143,0.9055805973763178
0.00315955766192733,0.1458967250433881,0.9054662552656674
0.00315955766192733,0.14598688214213268,0.9054600769868256
0.00315955766192733,0.14682083530551987,0.9051110822310426
0.00315955766192733,0.14686591385489214,0.9051076902101891
0.00315955766192733,0.14702368877769514,0.9050107748806248
0.00315955766192733,0.14706876732706742,0.9050019814784275
0.00315955766192733,0.14783510266639618,0.9045874160686511
0.00315955766192733,0.1479027204904546,0.904570989306007
0.00315955766192733,0.1480604954132576,0.9045219244423163
0.00315955766192733,0.14810557396262988,0.904501265308402
0.00315955766192733,0.14815065251200216,0.9044969513416095
0.00315955766192733,0.14819573106137446,0.9044952393055805
0.00315955766192733,0.14837604525886358,0.9044292787825988
0.00315955766192733,0.14846620235760813,0.904427845210611
0.00315955766192733,0.14853382018166655,0.9044017283826026
0.00315955766192733,0.14857889873103883,0.9043929588272774
0.00315955766192733,0.14884937002727253,0.904332337335127
0.00315955766192733,0.1488944485766448,0.9043294500809986
0.00315955766192733,0.14952554826785674,0.9041028563457351
0.00315955766192733,0.14957062681722902,0.9040789379842367
0.00315955766192733,0.1497734802894043,0.904038889788499
0.00315955766192733,0.14981855883877657,0.9040365210935406
0.00315955766192733,0.15024680505781324,0.9038299213456743
0.00315955766192733,0.15031442288187166,0.9038258424989086
0.00315955766192733,0.15062997272747763,0.9037263483431728
0.00315955766192733,0.1506750512768499,0.9037251830286689
0.00315955766192733,0.1509004440237113,0.9036633009901455
0.00315955766192733,0.1509455225730836,0.9036586824006393
0.00315955766192733,0.15162170081366783,0.903403538828768
0.00315955766192733,0.1516667793630401,0.9033982459724209
0.00315955766192733,0.15241057542768274,0.9031688953951084
0.00315955766192733,0.15245565397705502,0.9031634071980602
0.00315955766192733,0.15247819325174117,0.9031581556817618
0.00315955766192733,0.15252327180111344,0.9031573390791023
0.00315955766192733,0.1526585074492303,0.903075805180321
0.00315955766192733,0.15270358599860256,0.9030294913181918
0.00315955766192733,0.152771203822661,0.9030112015692502
0.00315955766192733,0.15281628237203326,0.9030073066158187
0.00315955766192733,0.1528388216467194,0.9030047248975553
0.00315955766192733,0.1528839001960917,0.902981769042413
0.00315955766192733,0.15335722496450063,0.9028354396667748
0.00315955766192733,0.15340230351387293,0.902813949064909
0.00315955766192733,0.15371785335947888,0.9026951508980822
0.00315955766192733,0.1537854711835373,0.9026898244365998
0.00315955766192733,0.154055942479771,0.9026084319310163
0.00315955766192733,0.15430387450131855,0.9025859676752788
0.00315955766192733,0.1543940316000631,0.9025597589347784
0.00315955766192733,0.1544391101494354,0.9025522973563127
0.00315955766192733,0.1550476705659612,0.9023432833747705
0.00315955766192733,0.15511528839001962,0.9023385576210305
0.00315955766192733,0.1561746343002682,0.9019433409407039
0.00315955766192733,0.1562197128496405,0.901936943674796
0.00315955766192733,0.15658034124461875,0.9018131302531986
0.00315955766192733,0.15662541979399103,0.9018098444589226
0.00315955766192733,0.15676065544210788,0.9017287143921686
0.00315955766192733,0.15680573399148015,0.9017269075645834
0.00315955766192733,0.15725651948520297,0.901536445620927
0.00315955766192733,0.15730159803457525,0.9015330394150667
0.00315955766192733,0.15734667658394752,0.901523483639807
0.00315955766192733,0.15739175513331982,0.9015199252962804
0.00315955766192733,0.15741429440800594,0.9015182913242455
0.00315955766192733,0.15745937295737822,0.9015176952936217
0.00315955766192733,0.15779746207767034,0.9013788234347903
0.00315955766192733,0.15784254062704262,0.9013726463125943
0.00315955766192733,0.15838348321950999,0.9011598151548678
0.00315955766192733,0.1584285617688823,0.9011374639018338
0.00315955766192733,0.1591047400094665,0.900855257044124
0.00315955766192733,0.15914981855883878,0.9008495598125431
0.00315955766192733,0.1607050285121825,0.9002482809559984
0.00315955766192733,0.16075010706155476,0.9002401751819618
0.00315955766192733,0.16223769919084005,0.8997005211970432
0.00315955766192733,0.16228277774021233,0.8997003046959056
0.00315955766192733,0.16230531701489845,0.8996926437559439
0.00315955766192733,0.16235039556427075,0.8996795869790756
0.00315955766192733,0.16239547411364302,0.899648944375268
0.00315955766192733,0.1624405526630153,0.8996445309511302
0.00315955766192733,0.16246309193770145,0.899640165681769
0.00315955766192733,0.16250817048707372,0.8996246675002962
0.00315955766192733,0.1635449771226362,0.8991786019043515
0.00315955766192733,0.1635900556720085,0.8991781206890317
0.00315955766192733,0.16496495142786305,0.8986312301337597
0.00315955766192733,0.16501002997723532,0.8986304237648145
0.00315955766192733,0.166723014853382,0.8979326329836844
0.00315955766192733,0.1667680934027543,0.8979272887923412
0.00315955766192733,0.166880789776185,0.8978703994534264
0.00315955766192733,0.16692586832555728,0.8978693422575715
0.00315955766192733,0.16735411454459395,0.8976738000896682
0.00315955766192733,0.16744427164333853,0.8976706917809923
0.00315955766192733,0.16803029278517817,0.8974019962576638
0.00315955766192733,0.16807537133455044,0.8973953642734593
0.00315955766192733,0.1688867852232515,0.8970265328425981
0.00315955766192733,0.16893186377262379,0.8970082564801439
0.00315955766192733,0.16947280636509118,0.8967718612654285
0.00315955766192733,0.16951788491446346,0.8967689607923421
0.00315955766192733,0.16963058128789416,0.8967433085586198
0.00315955766192733,0.16967565983726643,0.8967091789539531
0.00315955766192733,0.16992359185881398,0.8966124564798845
0.00315955766192733,0.1699912096828724,0.8965904899813819
0.00315955766192733,0.1701039060563031,0.8965556566035989
0.00315955766192733,0.17017152388036152,0.8965530874244013
0.00315955766192733,0.17044199517659522,0.8964872572800402
0.00315955766192733,0.1704870737259675,0.8964862861838405
0.00315955766192733,0.17050961300065365,0.8964711002726926
0.00315955766192733,0.17055469155002592,0.8964710361252537
0.00315955766192733,0.17062230937408435,0.8964589478960211
0.00315955766192733,0.17078008429688732,0.8964308169573627
0.00315955766192733,0.17084770212094574,0.8964206438647515
0.00315955766192733,0.17111817341717944,0.8963019213845992
0.00315955766192733,0.17116325196655172,0.8962967323292088
0.00315955766192733,0.171208330515924,0.8962839553589718
0.00315955766192733,0.1712534090652963,0.8962826546790901
0.00315955766192733,0.172493069173034,0.8957642652666831
0.00315955766192733,0.17258322627177858,0.8956861132983388
0.00315955766192733,0.17267338337052313,0.8956422971998638
0.00315955766192733,0.17271846191989543,0.8955946628264762
0.00315955766192733,0.17350733653391034,0.8952334179350216
0.00315955766192733,0.17362003290734104,0.8952312254490629
0.00315955766192733,0.17368765073139947,0.8952225480506713
0.00315955766192733,0.1737552685554579,0.8952006943574035
0.00315955766192733,0.17411589695043614,0.8950276684912984
0.00315955766192733,0.1741609754998084,0.8950275139350964
0.00315955766192733,0.17612189239750264,0.894205260480997
0.00315955766192733,0.17616697094687492,0.894203233294063
0.00315955766192733,0.17645998151779477,0.8941035050013024
0.00315955766192733,0.17650506006716704,0.8940939375043953
0.00315955766192733,0.17684314918745914,0.8939552611030763
0.00315955766192733,0.17688822773683144,0.893946617160733
0.00315955766192733,0.17691076701151756,0.8939460200233115
0.00315955766192733,0.17695584556088986,0.8939270391950634
0.00315955766192733,0.178263123492686,0.8932936409615126
0.00315955766192733,0.1783082020420583,0.8932866958917568
0.00315955766192733,0.17869136971172267,0.8931009440137943
0.00315955766192733,0.17873644826109497,0.8930981808094713
0.00315955766192733,0.17889422318389794,0.8929881802879066
0.00315955766192733,0.17893930173327022,0.8929822373757582
0.00315955766192733,0.1790294588320148,0.8929461724844866
0.00315955766192733,0.17907453738138707,0.8929415136553
0.00315955766192733,0.17941262650167916,0.8928243737233091
0.00315955766192733,0.1794802443257376,0.8928124713008451
0.00315955766192733,0.18006626546757726,0.8925614783820881
0.00315955766192733,0.18022404039038023,0.8925549198110402
0.00315955766192733,0.18135100412468727,0.8921035804148735
0.00315955766192733,0.18144116122343182,0.8921027404760872
0.00315955766192733,0.18351477449455678,0.8914283697444318
0.00315955766192733,0.18355985304392905,0.8914157324014621
0.00315955766192733,0.18434872765794397,0.8911499999521085
0.00315955766192733,0.18439380620731624,0.891143783365304
0.00315955766192733,0.18443888475668854,0.8911349112866099
0.00315955766192733,0.18448396330606082,0.8911315857142631
0.00315955766192733,0.1845290418554331,0.8911009622531725
0.00315955766192733,0.18457412040480536,0.8910893467373587
0.00315955766192733,0.18473189532760836,0.8910177125644204
0.00315955766192733,0.18477697387698064,0.891009223908092
0.00315955766192733,0.18671535149998872,0.8901901160064163
0.00315955766192733,0.18676043004936102,0.8901841507124052
0.00315955766192733,0.1876845403114928,0.8898572963561002
0.00315955766192733,0.18777469741023733,0.8898420558534921
0.00315955766192733,0.188202943629274,0.8896229087105866
0.00315955766192733,0.18824802217864628,0.8896214909325494
0.00315955766192733,0.18926228953952262,0.8892353685560579
0.00315955766192733,0.1893073680888949,0.8892173767306258
0.00315955766192733,0.18948768228638402,0.8891797625301371
0.00315955766192733,0.1895327608357563,0.8891701905606562
0.00315955766192733,0.18966799648387314,0.8891384836693899
0.00315955766192733,0.18971307503324544,0.8891184956529954
0.00315955766192733,0.1907498816688079,0.8887253237411165
0.00315955766192733,0.19079496021818018,0.8887200892516008
0.00315955766192733,0.1924177879955823,0.8880756888594732
0.00315955766192733,0.1924628665449546,0.888054803903529
0.00315955766192733,0.19471679401356864,0.8871103498526963
0.00315955766192733,0.19476187256294092,0.8870915260796075
0.00315955766192733,0.19494218676043004,0.8870002801187709
0.00315955766192733,0.19498726530980234,0.8869913140093191
0.00315955766192733,0.19577613992381726,0.8865585678876363
0.00315955766192733,0.19582121847318953,0.8865565824413731
0.00315955766192733,0.19595645412130638,0.8864986244028366
0.00315955766192733,0.19600153267067866,0.8864863101072677
0.00315955766192733,0.1963621610656569,0.8863154389960175
0.00315955766192733,0.19640723961502918,0.8863135781156078
0.00315955766192733,0.19701580003155497,0.8860322627709748
0.00315955766192733,0.19706087858092727,0.8860203364119489
0.00315955766192733,0.19737642842653325,0.8858324952515013
0.00315955766192733,0.19742150697590552,0.8858322656145671
0.00315955766192733,0.1978722924696283,0.8856821941859029
0.00315955766192733,0.19791737101900062,0.8856709116845055
0.00315955766192733,0.19859354925958483,0.8854361697628856
0.00315955766192733,0.1986386278089571,0.8854236649679871
0.00315955766192733,0.19879640273176008,0.8853925687448299
0.00315955766192733,0.19884148128113238,0.8853921820248136
0.00315955766192733,0.19933734532422748,0.8852073119800823
0.00315955766192733,0.1994049631482859,0.885206745862895
0.00315955766192733,0.1995176595217166,0.8851705729194481
0.00315955766192733,0.19958527734577503,0.8851691949728123
0.00315955766192733,0.20019383776230082,0.8849800295342798
0.00315955766192733,0.20039669123447607,0.8849668882578172
0.00315955766192733,0.20071224108008204,0.8848329810997361
0.00315955766192733,0.2007573196294543,0.8848214298888392
0.00315955766192733,0.2012982622219217,0.8845113182655253
0.00315955766192733,0.20134334077129398,0.8845024690850006
0.00315955766192733,0.20147857641941083,0.8844297043841701
0.00315955766192733,0.2015236549687831,0.8844171989942682
0.00315955766192733,0.20165889061689996,0.8843848154439009
0.00315955766192733,0.20170396916627223,0.8843809358320696
0.00315955766192733,0.2029661685486961,0.8838537880819517
0.00315955766192733,0.2030112470980684,0.8838303594428064
0.00315955766192733,0.20420582865643383,0.8832982985236131
0.00315955766192733,0.2042509072058061,0.8832924376785686
0.00315955766192733,0.20436360357923683,0.8832351822533244
0.00315955766192733,0.2044086821286091,0.8832336616165308
0.00315955766192733,0.2047467712489012,0.883116281388232
0.00315955766192733,0.2047918497982735,0.8831143968683138
0.00315955766192733,0.20567088151103297,0.8826058907167247
0.00315955766192733,0.20571596006040527,0.8826038222361784
0.00315955766192733,0.20774449478215792,0.8818029690113315
0.00315955766192733,0.2077895733315302,0.881782117020085
0.00315955766192733,0.20796988752901932,0.881725869251961
0.00315955766192733,0.2080149660783916,0.8817006556227345
0.00315955766192733,0.20806004462776387,0.8816781149075772
0.00315955766192733,0.20810512317713617,0.8816733459997901
0.00315955766192733,0.20986318660265513,0.8809613765913402
0.00315955766192733,0.2099082651520274,0.8809520691978873
0.00315955766192733,0.20993080442671355,0.8809423911444814
0.00315955766192733,0.20997588297608583,0.8809159004296494
0.00315955766192733,0.21049428629386707,0.8807333430965993
0.00315955766192733,0.21053936484323935,0.8807299918009818
0.00315955766192733,0.21191426059909393,0.8802340733647687
0.00315955766192733,0.21247774246624743,0.8802083392963681
0.00315955766192733,0.21310884215745937,0.8799335730944722
0.00315955766192733,0.2134469312777515,0.879919606334937
0.00315955766192733,0.2161741835147745,0.8788578913377415
0.00315955766192733,0.21624180133883292,0.8788516633192457
0.00315955766192733,0.2168503617553587,0.8786423237692219
0.00315955766192733,0.21718845087565083,0.8786337477729961
0.00315955766192733,0.2174589221718845,0.8785027440198413
0.00315955766192733,0.21750400072125678,0.8784951339595262
0.00315955766192733,0.2178420898415489,0.8783700723038652
0.00315955766192733,0.21793224694029345,0.8783685052167262
0.00315955766192733,0.2190592106746005,0.8779274553247121
0.00315955766192733,0.21912682849865892,0.8779269810938729
0.00315955766192733,0.21964523181644013,0.877668700188387
0.00315955766192733,0.21969031036581244,0.8776492901454807
0.00315955766192733,0.2201185565848491,0.8774605011173738
0.00315955766192733,0.22016363513422138,0.8774325654906591
0.00315955766192733,0.22020871368359365,0.8774163016538078
0.00315955766192733,0.22025379223296596,0.8774088749284943
0.00315955766192733,0.22032141005702435,0.8773669629222723
0.00315955766192733,0.22036648860639665,0.8773503102819878
0.00315955766192733,0.22043410643045508,0.8773259639660194
0.00315955766192733,0.22047918497982735,0.877319911266899
0.00315955766192733,0.22099758829760857,0.8771579302717115
0.00315955766192733,0.221065206121667,0.877152680599559
0.00315955766192733,0.22162868798882052,0.876918486168046
0.00315955766192733,0.22246264115220774,0.876887917648112
0.00315955766192733,0.22253025897626613,0.8768821470927872
0.00315955766192733,0.22257533752563843,0.8768690658473567
0.00315955766192733,0.22268803389906913,0.8768342347315004
0.00315955766192733,0.2227331124484414,0.8768289214259097
0.00315955766192733,0.22313881939279193,0.8766155009294004
0.00315955766192733,0.22327405504090878,0.8766139040035263
0.00315955766192733,0.22331913359028108,0.8765863283226022
0.00315955766192733,0.22336421213965335,0.8765792613803145
0.00315955766192733,0.22338675141433947,0.8765703096691109
0.00315955766192733,0.2237248405346316,0.8765475125445181
0.00315955766192733,0.22397277255617914,0.8764712993613198
0.00315955766192733,0.2240629296549237,0.8764450225771996
0.00315955766192733,0.2244460973245881,0.8763112221300008
0.00315955766192733,0.22449117587396036,0.8763002732911355
0.00315955766192733,0.2246038722473911,0.8762609514086961
0.00315955766192733,0.22464895079676336,0.8762532810079788
0.00315955766192733,0.2247165686208218,0.8762529038071157
0.00315955766192733,0.2250095791917416,0.8761428000941864
0.00315955766192733,0.22505465774111388,0.876137659948527
0.00315955766192733,0.22525751121328916,0.876052792611572
0.00315955766192733,0.22530258976266143,0.8760519143947831
0.00315955766192733,0.22577591453107038,0.8758990023734881
0.00315955766192733,0.22676764261726057,0.8758956162645017
0.00315955766192733,0.2272184281109834,0.875763123558414
0.00315955766192733,0.22726350666035566,0.8757515678580895
0.00315955766192733,0.22757905650596164,0.8755795694215224
0.00315955766192733,0.2276241350553339,0.8755712116142401
0.00315955766192733,0.2277819099781369,0.8754871242644094
0.00315955766192733,0.2282326954718597,0.8754800671491774
0.00315955766192733,0.22832285257060428,0.8754132270831059
0.00315955766192733,0.22836793111997655,0.8753851421462802
0.00315955766192733,0.2283904703946627,0.875380030796282
0.00315955766192733,0.22848062749340725,0.8753539990894356
0.00315955766192733,0.22890887371244392,0.8751233527923191
0.00315955766192733,0.22895395226181622,0.8751232357224726
0.00315955766192733,0.22931458065679447,0.8749680407941486
0.00315955766192733,0.22935965920616674,0.874950956443791
0.00315955766192733,0.23019361236955393,0.8746190778664866
0.00315955766192733,0.23023869091892624,0.8745997366104034
0.00315955766192733,0.23059931931390448,0.8744091870873342
0.00315955766192733,0.23064439786327676,0.87439625404831
0.00315955766192733,0.23082471206076588,0.8743202000201901
0.00315955766192733,0.23086979061013815,0.8743170044045266
0.00315955766192733,0.23114026190637185,0.8742543874643606
0.00315955766192733,0.23118534045574413,0.8742410197615688
0.00315955766192733,0.23136565465323325,0.8741562570690767
0.00315955766192733,0.23141073320260555,0.8741561778859138
0.00315955766192733,0.23145581175197782,0.8741326588680788
0.00315955766192733,0.23152342957603625,0.8741309343388624
0.00315955766192733,0.23183897942164222,0.8739573760320777
0.00315955766192733,0.2318840579710145,0.8739548379111688
0.00315955766192733,0.23197421506975904,0.8739321060278562
0.00315955766192733,0.23204183289381747,0.8739319661072231
0.00315955766192733,0.23217706854193432,0.8738954408549947
0.00315955766192733,0.2322221470913066,0.8738849670913849
0.00315955766192733,0.23361958212184733,0.873312293779627
0.00315955766192733,0.23368719994590573,0.8732963813274524
0.00315955766192733,0.23393513196745327,0.873202314931213
0.00315955766192733,0.23402528906619785,0.8731948897208963
0.00315955766192733,0.23413798543962855,0.8731795875526797
0.00315955766192733,0.23418306398900082,0.8731767475681869
0.00315955766192733,0.23431829963711767,0.8731113583386466
0.00315955766192733,0.23542272409673856,0.8731044734057851
0.00315955766192733,0.23652714855635945,0.8726596913549874
0.00315955766192733,0.23657222710573172,0.8726581927639347
0.00315955766192733,0.2366623842044763,0.8726256015875617
0.00315955766192733,0.23682015912727927,0.8726184367442165
0.00315955766192733,0.2375414159172358,0.8723966178099947
0.00315955766192733,0.23758649446660807,0.8723902080302961
0.00315955766192733,0.2376541122906665,0.8723471629624123
0.00315955766192733,0.23783442648815561,0.8723244907159555
0.00315955766192733,0.23887123312371808,0.8720374134410743
0.00315955766192733,0.2389388509477765,0.8720351892394528
0.00315955766192733,0.23984042193522212,0.8717402059275099
0.00315955766192733,0.2398855004845944,0.8717385084846531
0.00315955766192733,0.2405391394504925,0.8714616690553222
0.00315955766192733,0.2407194536479816,0.871456469886671
0.00315955766192733,0.24112516059233213,0.8713455336114403
0.00315955766192733,0.2412153176910767,0.8713168656123477
0.00315955766192733,0.2413280140645074,0.8712741901349859
0.00315955766192733,0.24159848536074108,0.8712726932843068
0.00315955766192733,0.2417111817341718,0.8712211256191591
0.00315955766192733,0.24175626028354408,0.8712144202296114
0.00315955766192733,0.24177879955823023,0.8711907330248647
0.00315955766192733,0.24189149593166093,0.8711875809734264
0.00315955766192733,0.24229720287601145,0.8710741032453891
0.00315955766192733,0.24279306691910654,0.8710648411166867
0.00315955766192733,0.2428156061937927,0.8710580544734474
0.00315955766192733,0.24286068474316497,0.8710544344961824
0.00315955766192733,0.24288322401785112,0.8710492710669433
0.00315955766192733,0.2429283025672234,0.8710400560418508
0.00315955766192733,0.24376225573061058,0.8708383423087432
0.00315955766192733,0.24380733427998286,0.8708157935962432
0.00315955766192733,0.243829873554669,0.8708133662119095
0.00315955766192733,0.24448351252056708,0.8708102959003028
0.00315955766192733,0.24452859106993938,0.8707985229884897
0.00315955766192733,0.24666982216512273,0.8707938133042745
0.00315955766192733,0.24730092185633468,0.8705121135017174
0.00315955766192733,0.24734600040570695,0.8704994294066694
0.00315955766192733,0.2492167602046566,0.8697612141091581
0.00315955766192733,0.24962246714900715,0.8697536923595851
0.00315955766192733,0.24973516352243785,0.8696895123117147
0.004739336492890996,0.24973516352243785,0.8696776663847322
0.004739336492890996,0.25023102756553295,0.8694945281292329
0.004739336492890996,0.25029864538959135,0.8694906019016179
0.004739336492890996,0.2504789595870805,0.8694655330394615
0.004739336492890996,0.2512452949264093,0.8694567337237971
0.004739336492890996,0.25149322694795684,0.8693807728070345
0.004739336492890996,0.2515383054973291,0.8693722818887105
0.004739336492890996,0.25178623751887663,0.8693026736916172
0.004739336492890996,0.25183131606824893,0.8693001591910473
0.004739336492890996,0.25201163026573803,0.8692274007654458
0.004739336492890996,0.252484955034147,0.8692267567336645
0.004739336492890996,0.25298081907724207,0.8690431934528917
0.004739336492890996,0.25302589762661437,0.8690341036771433
0.004739336492890996,0.2530935154506728,0.8690291313786351
0.004739336492890996,0.25313859400004507,0.8690081083236282
0.004739336492890996,0.2532287510987896,0.8689976635744074
0.004739336492890996,0.2533189081975342,0.8689898506033555
0.004739336492890996,0.25469380395338875,0.8685495903618986
0.004739336492890996,0.25478396105213336,0.8685328744358333
0.004739336492890996,0.25500935379899475,0.8684230726633398
0.004739336492890996,0.25505443234836706,0.8684116366733815
0.004739336492890996,0.2554150607433453,0.8682770278290938
0.004739336492890996,0.2556404534902067,0.8682623960641823
0.004739336492890996,0.2564744066535939,0.8679958461560754
0.004739336492890996,0.2565194852029662,0.8679890104339457
0.004739336492890996,0.2566321815763969,0.8679248001422868
0.004739336492890996,0.25667726012576914,0.8679116580203303
0.004739336492890996,0.25706042779543353,0.8677779169300127
0.004739336492890996,0.257128045619492,0.8677700151310864
0.004739336492890996,0.25737597764103953,0.8676990778104906
0.004739336492890996,0.2574210561904118,0.8676920517981576
0.004739336492890996,0.2577366060360178,0.8675907177529005
0.004739336492890996,0.25778168458539,0.8675891761247964
0.004739336492890996,0.2580070773322514,0.8675432385245072
0.004739336492890996,0.258097234430996,0.8675386519713584
0.004739336492890996,0.2584353235512881,0.8674713336711061
0.004739336492890996,0.2584804021006604,0.867446651830989
0.004739336492890996,0.2588184912209525,0.867315522388843
0.004739336492890996,0.2588861090450109,0.8673091147402956
0.004739336492890996,0.2589762661437555,0.8673028591762504
0.004739336492890996,0.25906642324250007,0.8672762863276239
0.004739336492890996,0.2591115017918723,0.8672740694736725
0.004739336492890996,0.25917911961593076,0.867222532128349
0.004739336492890996,0.25924673743998916,0.8672211936896682
0.004739336492890996,0.2594946694615367,0.8671131244634106
0.004739336492890996,0.2596073658349674,0.867108057375223
0.004739336492890996,0.25990037640588726,0.8670212874920304
0.004739336492890996,0.25994545495525956,0.8670211811396769
0.004739336492890996,0.2599905335046318,0.8670094118998786
0.004739336492890996,0.2600356120540041,0.8669818039938633
0.004739336492890996,0.26095972231613584,0.866691272533219
0.004739336492890996,0.26100480086550815,0.8666748707254925
0.004739336492890996,0.2613654292604864,0.8665211291320628
0.004739336492890996,0.2614105078098587,0.8665095463479147
0.004739336492890996,0.26156828273266164,0.8664600730115075
0.004739336492890996,0.2618162147542092,0.8664600075710625
0.004739336492890996,0.2622444609732459,0.8662952245345548
0.004739336492890996,0.26244731444542113,0.8662369423912062
0.004739336492890996,0.26314603196069153,0.8658939265671951
0.004739336492890996,0.26352919963035587,0.8658887165515341
0.004739336492890996,0.26388982802533417,0.8657572741811379
0.004739336492890996,0.2639349065747064,0.8657396655972633
0.004739336492890996,0.26413776004688166,0.8656768602375696
0.004739336492890996,0.26434061351905697,0.8656721161277425
0.004739336492890996,0.26472378118872136,0.8655203488738357
0.004739336492890996,0.2647688597380936,0.8655034317750945
0.004739336492890996,0.2648590168368382,0.8654876198040247
0.004739336492890996,0.26490409538621046,0.86548064994252
0.004739336492890996,0.26589582347240065,0.8650920823395647
0.004739336492890996,0.26594090202177295,0.8650916910076358
0.004739336492890996,0.26616629476863435,0.8650302895356877
0.004739336492890996,0.26621137331800665,0.8650124674362598
0.004739336492890996,0.26938941104875247,0.8639768430941016
0.004739336492890996,0.269479568147497,0.8639716400857225
0.004739336492890996,0.2720715847364032,0.8630286339092709
0.004739336492890996,0.27211666328577544,0.863017946178373
0.004739336492890996,0.2729506164491627,0.8626586117264959
0.004739336492890996,0.27299569499853493,0.8626563526318806
0.004739336492890996,0.27337886266819933,0.8624984839484209
0.004739336492890996,0.27342394121757163,0.8624964252439885
0.004739336492890996,0.27434805147970337,0.8620646397131819
0.004739336492890996,0.275249622467149,0.8620533797245912
0.004739336492890996,0.2759258007077332,0.8617276716666419
0.004739336492890996,0.2759708792571055,0.8617109619252471
0.004739336492890996,0.27739085356233234,0.861148394309391
0.004739336492890996,0.27743593211170464,0.8611417877757667
0.004739336492890996,0.2777289426826245,0.8610585565488659
0.004739336492890996,0.27777402123199674,0.8610574288134966
0.004739336492890996,0.2790136813397345,0.8605971156263081
0.004739336492890996,0.2790587598891068,0.8605930669826988
0.004739336492890996,0.28000540942592467,0.8601939180197996
0.004739336492890996,0.28005048797529697,0.8601756246502184
0.004739336492890996,0.2819212477742466,0.8595081121504582
0.004739336492890996,0.2825072689160863,0.8595008034577336
0.004739336492890996,0.2828453580363784,0.8593303714262155
0.004739336492890996,0.2828904365857507,0.8593227049398269
0.004739336492890996,0.2831158293326121,0.8592328805660733
0.004739336492890996,0.2831834471566705,0.8592289908218224
0.004739336492890996,0.28381454684788243,0.8589700492788279
0.004739336492890996,0.28385962539725473,0.8589664557244034
0.004739336492890996,0.284220253792233,0.8588348245672768
0.004739336492890996,0.2842878716162914,0.8588218671762623
0.004739336492890996,0.2843104108909775,0.8587832580251649
0.004739336492890996,0.285031667680934,0.8587751228465578
0.004739336492890996,0.28534721752654,0.858666605747942
0.004739336492890996,0.28539229607591227,0.8586661299358487
0.004739336492890996,0.2854148353505984,0.8586519030900777
0.004739336492890996,0.2854599138999707,0.8586517002566891
0.004739336492890996,0.2873982915229788,0.8577419997729434
0.004739336492890996,0.28744337007235105,0.8577361215320942
0.004739336492890996,0.28764622354452635,0.8576920823232672
0.004739336492890996,0.2876913020938986,0.857671306623808
0.004739336492890996,0.28904365857506703,0.857019126444154
0.004739336492890996,0.28908873712443933,0.8570104409209184
0.004739336492890996,0.290801722000586,0.8564110600508142
0.004739336492890996,0.2908468005499583,0.8564047223217723
0.004739336492890996,0.2920188428336376,0.8559091011408225
0.00631911532385466,0.2920188428336376,0.855898839902275
0.00631911532385466,0.2921766177564406,0.8558038145192736
0.00631911532385466,0.292244235580499,0.8557886305430048
0.00631911532385466,0.29307818874388625,0.8554695373877229
0.00631911532385466,0.2931232672932585,0.8554634759077326
0.00631911532385466,0.2933937385894922,0.8553342870141868
0.00631911532385466,0.2934388171388645,0.8553302669237112
0.00631911532385466,0.29364167061103974,0.8552505033768198
0.00631911532385466,0.29368674916041204,0.8552478441305541
0.00631911532385466,0.29402483828070414,0.8551304565520873
0.00631911532385466,0.29418261320350714,0.8551142278762325
0.00631911532385466,0.2946784772466022,0.8549567556861469
0.00631911532385466,0.2954673518606171,0.8549552752580786
0.00631911532385466,0.2956927446074785,0.8548305685044465
0.00631911532385466,0.2957378231568508,0.8548267538648806
0.00631911532385466,0.29643654067212116,0.8545540822747614
0.00631911532385466,0.29648161922149346,0.854531805662337
0.00631911532385466,0.29887078233822434,0.853628373033691
0.00631911532385466,0.2992088714585165,0.85359094716503
0.00631911532385466,0.30006536389658983,0.8533091418216816
0.00631911532385466,0.3001104424459621,0.8533060598459452
0.00631911532385466,0.3003358351928235,0.8532545267496915
0.00631911532385466,0.3003809137421958,0.8532346704083875
0.00631911532385466,0.3004936101156265,0.8531972061784312
0.00631911532385466,0.3005612279396849,0.8531905933324392
0.00631911532385466,0.30159803457524736,0.8527543477628331
0.00631911532385466,0.30164311312461967,0.8527416575120051
0.00631911532385466,0.30182342732210876,0.8526634296306729
0.00631911532385466,0.30186850587148106,0.8526542332075211
0.00631911532385466,0.30270245903486825,0.8522899399388402
0.00631911532385466,0.3027926161336128,0.8522740216027125
0.00631911532385466,0.30369418712105845,0.8518268679050673
0.00631911532385466,0.30373926567043075,0.8518262652393908
0.00631911532385466,0.3053620934478328,0.8512027376233716
0.00631911532385466,0.30540717199720513,0.851189863620396
0.00631911532385466,0.3059931931390448,0.8510211389329306
0.00631911532385466,0.30610588951247547,0.8510082953570101
0.00631911532385466,0.30863028827732325,0.8499994936100238
0.00631911532385466,0.3086753668266955,0.8499822759427907
0.00631911532385466,0.30991502693443324,0.8494818601341463
0.007898894154818325,0.30991502693443324,0.849481727475454
0.007898894154818325,0.30996010548380554,0.84946610131716
0.007898894154818325,0.3111321477674848,0.8489122474266884
0.007898894154818325,0.3111997655915433,0.8488964944521934
0.007898894154818325,0.3112223048662294,0.8488940179199512
0.007898894154818325,0.311312461964974,0.8488798719771451
0.007898894154818325,0.3125521220727117,0.8483081595653121
0.007898894154818325,0.31259720062208396,0.8483059501360479
0.007898894154818325,0.3131606824892375,0.8480663054075245
0.007898894154818325,0.31320576103860975,0.8480558939187994
0.007898894154818325,0.31336353596141275,0.847997485169295
0.007898894154818325,0.3134536930601573,0.8479946801050838
0.007898894154818325,0.3139270178285663,0.8477857380498929
0.007898894154818325,0.31397209637793855,0.8477582016358751
0.007898894154818325,0.3150314422881872,0.8473434866316704
0.007898894154818325,0.31507652083755944,0.8473314517948136
0.007898894154818325,0.3155498456059684,0.8470303313071587
0.007898894154818325,0.3155949241553407,0.8470048786618067
0.007898894154818325,0.3164964951427863,0.8465724742749129
0.007898894154818325,0.3165415736921586,0.8465604804251246
0.007898894154818325,0.31746568395429037,0.8461790841154684
0.007898894154818325,0.3175107625036626,0.8461732565199873
0.007898894154818325,0.3186151869632835,0.8457447561483574
0.007898894154818325,0.3186602655126558,0.8457314529518647
0.007898894154818325,0.32012531836725494,0.8451464159658503
0.007898894154818325,0.32017039691662724,0.8451278730678647
0.007898894154818325,0.32204115671557687,0.8442390191782463
0.007898894154818325,0.32208623526494917,0.8442357915917357
0.007898894154818325,0.3232808168233146,0.8438265846228794
0.007898894154818325,0.32334843464737306,0.8438213720906825
0.007898894154818325,0.3238893772398404,0.8435069785540908
0.009478672985781991,0.3238893772398404,0.8435058419057211
0.009478672985781991,0.3240922307120157,0.8434460099789247
0.009478672985781991,0.32413730926138795,0.8434385534756983
0.009478672985781991,0.32445285910699395,0.8433190566253538
0.009478672985781991,0.3244979376563662,0.8433156666728087
0.009478672985781991,0.32494872315008905,0.8430776879964327
0.009478672985781991,0.3249938016994613,0.8430693341359032
0.009478672985781991,0.3256925192147317,0.8427868335154429
0.009478672985781991,0.32573759776410394,0.8427800215373382
0.009478672985781991,0.32634615818062973,0.8424736733284537
0.009478672985781991,0.32639123673000203,0.8424655402927725
0.009478672985781991,0.32650393310343273,0.8424239550012531
0.009478672985781991,0.3265940902021773,0.8424149625458828
0.009478672985781991,0.32907341041765276,0.8411831201580574
0.009478672985781991,0.32911848896702506,0.8411793916326009
0.009478672985781991,0.3292537246151419,0.8410904184607749
0.009478672985781991,0.32929880316451415,0.8410645904030293
0.009478672985781991,0.3320711339509095,0.839761219805228
0.009478672985781991,0.3321162125002817,0.839751374797909
0.009478672985781991,0.33247684089526,0.8396531250988808
0.009478672985781991,0.3325669979940046,0.8396106941336143
0.009478672985781991,0.33412220794734826,0.8389462743030643
0.009478672985781991,0.33418982577140666,0.8389460814974723
0.009478672985781991,0.3353167895057137,0.83841613605035
0.009478672985781991,0.335361868055086,0.8384073241501918
0.009478672985781991,0.33579011427412264,0.8382591543671054
0.009478672985781991,0.33583519282349494,0.838252076807739
0.009478672985781991,0.3370297743818604,0.8377285186531035
0.009478672985781991,0.33709739220591883,0.8377194482327882
0.009478672985781991,0.33721008857934953,0.8376904392692381
0.009478672985781991,0.3372551671287218,0.8376868907656341
0.009478672985781991,0.3376383347983862,0.8374632731910058
0.009478672985781991,0.3376834133477585,0.8374601090865245
0.009478672985781991,0.339373858949219,0.8369106573145756
0.009478672985781991,0.3394189374985913,0.8368975308627914
0.009478672985781991,0.3397119480695111,0.8367966208088867
0.009478672985781991,0.3397570266188834,0.8367964739724221
0.009478672985781991,0.34023035138729235,0.8366401501863123
0.009478672985781991,0.34027542993666465,0.8366351017427485
0.009478672985781991,0.34054590123289835,0.836507014748504
0.009478672985781991,0.3405909797822706,0.8365020180806285
0.009478672985781991,0.34122207947348254,0.836226921660895
0.009478672985781991,0.34126715802285484,0.8361951245996674
0.009478672985781991,0.3423490432077896,0.8357190084235693
0.009478672985781991,0.34239412175716183,0.8357171915126616
0.009478672985781991,0.3430702999977461,0.8354570927710798
0.009478672985781991,0.3432055356458629,0.8354525546876492
0.009478672985781991,0.3435887033155273,0.835253817570233
0.009478672985781991,0.34363378186489957,0.8352490118089135
0.009478672985781991,0.34372393896364417,0.8351968793878702
0.009478672985781991,0.3437690175130164,0.8351868658419063
0.009478672985781991,0.343859174611761,0.8351375209867458
0.009478672985781991,0.34512137399418485,0.834578641190549
0.009478672985781991,0.34516645254355716,0.8345785325115607
0.009478672985781991,0.34703721234250684,0.8337202524413141
0.009478672985781991,0.3470822908918791,0.8337107286264785
0.009478672985781991,0.3474203800121712,0.8335141471358484
0.009478672985781991,0.3474654585615435,0.8334977090003225
0.009478672985781991,0.3481190975274416,0.8331829056423016
0.009478672985781991,0.3481641760768138,0.8331596488258685
0.009478672985781991,0.348344490274303,0.8330331860381558
0.009478672985781991,0.3483895688236753,0.8330194429581964
0.009478672985781991,0.3487501972186535,0.8327758465525017
0.009478672985781991,0.34879527576802577,0.8327749101779574
0.009478672985781991,0.34890797214145647,0.8327460471569307
0.009478672985781991,0.34895305069082877,0.8327282522236892
0.009478672985781991,0.3497419253048437,0.8323623795546632
0.009478672985781991,0.34978700385421596,0.8323570702793711
0.009478672985781991,0.35100412468726755,0.8317509596423942
0.009478672985781991,0.35104920323663985,0.8317296124001036
0.009478672985781991,0.3511393603353844,0.831709581969402
0.009478672985781991,0.3511844388847567,0.8316991261098873
0.009478672985781991,0.3515676065544211,0.8315416715667702
0.009478672985781991,0.35165776365316564,0.8315346335246397
0.009478672985781991,0.3516803029278518,0.8315127560921841
0.009478672985781991,0.35172538147722404,0.8314852092081686
0.009478672985781991,0.3520634705975162,0.8313170708074175
0.009478672985781991,0.35210854914688844,0.83131301799
0.009478672985781991,0.35488087993328377,0.8301825898420025
0.009478672985781991,0.354925958482656,0.8301706022930448
0.009478672985781991,0.3555345188991818,0.8299365683920754
0.009478672985781991,0.3555795974485541,0.8299199759912664
0.009478672985781991,0.3556922938219848,0.8298526894993442
0.009478672985781991,0.35578245092072935,0.8298283288580646
0.009478672985781991,0.3572475037753285,0.8292013160046494
0.009478672985781991,0.3572925823247008,0.8292006654946854
0.009478672985781991,0.35747289652218994,0.8290523201659086
0.009478672985781991,0.35754051434624834,0.8290443436725334
0.009478672985781991,0.3578560641918543,0.8289008733705068
0.009478672985781991,0.3579011427412266,0.8289006072201557
0.009478672985781991,0.357968760565285,0.8288740616382196
0.009478672985781991,0.3580138391146573,0.8288738973927612
0.009478672985781991,0.36004237383640997,0.8278354844441684
0.009478672985781991,0.3600874523857822,0.8278341469196329
0.009478672985781991,0.3608988662744833,0.8274446820247376
0.009478672985781991,0.36094394482385556,0.827440072322827
0.009478672985781991,0.36155250524038135,0.8271478647915107
0.009478672985781991,0.36159758378975365,0.827142272235551
0.009478672985781991,0.3630175580949805,0.8264707011089342
0.009478672985781991,0.3630626366443528,0.8264630401373826
0.009478672985781991,0.3635134221380756,0.8262289556771272
0.009478672985781991,0.3635585006874479,0.8262208735317642
0.009478672985781991,0.3652038677395361,0.8255782896554238
0.009478672985781991,0.3652489462889084,0.825577680691093
0.009478672985781991,0.3667365384181937,0.8248070260870751
0.009478672985781991,0.366781616967566,0.8248029487219991
0.009478672985781991,0.3684946018437127,0.8239294334107323
0.009478672985781991,0.36853968039308493,0.8239181671132575
0.009478672985781991,0.3689003087880632,0.8237261467378648
0.009478672985781991,0.36896792661212163,0.8237135876926346
0.009478672985781991,0.3698469583248811,0.8232814821737086
0.009478672985781991,0.37000473324768407,0.8232792112243026
0.009478672985781991,0.37149232537696936,0.8226120299432416
0.009478672985781991,0.3715824824757139,0.8226074177191761
0.009478672985781991,0.37237135708972885,0.8223335624414367
0.009478672985781991,0.37241643563910115,0.8223196242793627
0.009478672985781991,0.3726643676606487,0.8222077861019321
0.009478672985781991,0.3727319854847071,0.8222008708986148
0.009478672985781991,0.3727770640340794,0.8221335743074611
0.009478672985781991,0.37282214258345164,0.822111527327731
0.009478672985781991,0.3733856244506052,0.821874913859423
0.009478672985781991,0.37343070299997744,0.8218731335102786
0.009478672985781991,0.3757522482926499,0.8207230820960695
0.009478672985781991,0.3757973268420222,0.8207149310160831
0.009478672985781991,0.3759551017648252,0.8206469819902604
0.009478672985781991,0.37600018031419746,0.8206311949819881
0.009478672985781991,0.3768566727522708,0.8201628577712544
0.009478672985781991,0.3769017513016431,0.820154388220357
0.009478672985781991,0.37748777244348275,0.8199612170857953
0.009478672985781991,0.37753285099285505,0.8199470016324144
0.009478672985781991,0.3786598147271621,0.8193178615581465
0.009478672985781991,0.37870489327653434,0.8193151909527463
0.009478672985781991,0.37897536457276804,0.8191552054495543
0.009478672985781991,0.37902044312214034,0.8191515686059574
0.009478672985781991,0.37974169991209683,0.8188226486535005
0.009478672985781991,0.3798769355602137,0.8188164505787803
0.009478672985781991,0.3802375639551919,0.8186978271678417
0.009478672985781991,0.3805305745261118,0.8186914858120761
0.009478672985781991,0.38113913494263757,0.8184074254765472
0.009478672985781991,0.3811842134920098,0.8183952890435527
0.009478672985781991,0.38127437059075436,0.818376343020678
0.009478672985781991,0.38131944914012667,0.8183540480877236
0.009478672985781991,0.38147722406292967,0.8182928279948519
0.009478672985781991,0.3815223026123019,0.8182637194438523
0.009478672985781991,0.3819956273807109,0.8180859164725705
0.009478672985781991,0.38204070593008316,0.8180716531573395
0.009478672985781991,0.38215340230351386,0.8180243708034423
0.009478672985781991,0.38226609867694455,0.8180179624906779
0.009478672985781991,0.382333716501003,0.8179545654953495
0.009478672985781991,0.3826267270719228,0.8178448664866849
0.009478672985781991,0.38269434489598125,0.8178248323509804
0.009478672985781991,0.3838213086302883,0.817353676985928
0.009478672985781991,0.38397908355309124,0.8173438796820959
0.009478672985781991,0.38512858656208443,0.8168002113093232
0.009478672985781991,0.38524128293551513,0.816799257008574
0.009478672985781991,0.38702188563572026,0.8161667749288081
0.009478672985781991,0.3870669641850925,0.8161633445516849
0.009478672985781991,0.387945995897852,0.8158284894900322
0.009478672985781991,0.3879910744472243,0.8158143975974748
0.009478672985781991,0.3883742421168887,0.8156163190625106
0.009478672985781991,0.38846439921563325,0.8156106277826674
0.009478672985781991,0.3889377239840422,0.8154101316083981
0.009478672985781991,0.3889828025334145,0.8154035718900308
0.009478672985781991,0.3894335880271373,0.8151995784234322
0.009478672985781991,0.3896139022246264,0.8151846901037874
0.009478672985781991,0.3904253161133275,0.8148350048738325
0.009478672985781991,0.3904703946626997,0.8148142069954687
0.009478672985781991,0.3909437194311087,0.8145986923785891
0.009478672985781991,0.390988797980481,0.8145864363308416
0.009478672985781991,0.39191290824261277,0.8141215070430882
0.009478672985781991,0.39198052606667116,0.8141136874149435
0.009478672985781991,0.3926116257578831,0.8138847451471785
0.009478672985781991,0.3926792435819415,0.8138840800783659
0.009478672985781991,0.3928370185047445,0.8137621125522656
0.009478672985781991,0.39292717560348905,0.8137519003836231
0.009478672985781991,0.39407667861248225,0.8131840826810762
0.009478672985781991,0.39412175716185455,0.8131739309718126
0.009478672985781991,0.3946626997543219,0.8129929725238855
0.009478672985781991,0.3947753961277526,0.8129655952878895
0.009478672985781991,0.39556427074176753,0.8125810130333906
0.009478672985781991,0.39560934929113983,0.8125762351800115
0.009478672985781991,0.3960826740595488,0.8123592656957345
0.009478672985781991,0.3961502918836072,0.8123470594573868
0.009478672985781991,0.3966686952013884,0.8121434869911754
0.011058451816745656,0.3966686952013884,0.8121389728196271
0.011058451816745656,0.39790835530912616,0.8116527113023329
0.011058451816745656,0.3979534338584984,0.8116501908484046
0.011058451816745656,0.3981112087813014,0.8115797217291343
0.011058451816745656,0.3981562873306737,0.811569906040711
0.011058451816745656,0.3984267586269074,0.8113877704520627
0.011058451816745656,0.3984943764509658,0.811383720326039
0.011058451816745656,0.3986521513737688,0.8113257514678254
0.011058451816745656,0.39869722992314105,0.8113165855807427
0.011058451816745656,0.3990353190434332,0.8111948075544151
0.011058451816745656,0.39908039759280545,0.8111864426797056
0.011058451816745656,0.40007212567899564,0.8108085316383182
0.011058451816745656,0.40011720422836794,0.8108048830693445
0.011058451816745656,0.4010413144904997,0.8104740020984429
0.011058451816745656,0.401086393039872,0.8104686384961738
0.011058451816745656,0.4016949534563978,0.8101864873249989
0.011058451816745656,0.4017400320057701,0.810177896032362
0.011058451816745656,0.40275429936664636,0.8097246265663578
0.011058451816745656,0.40318254558568306,0.8097140311432314
0.011058451816745656,0.4037685667275227,0.8094795859638819
0.011058451816745656,0.4038812631009534,0.8094415352622477
0.011058451816745656,0.40485045191245744,0.8090921288749746
0.011058451816745656,0.40489553046182974,0.8090900062747675
0.011058451816745656,0.4049856875605743,0.8090553529108856
0.011058451816745656,0.4050307661099466,0.8090301343132468
0.011058451816745656,0.40512092320869114,0.8090013440936251
0.011058451816745656,0.40516600175806344,0.8089919463991926
0.011058451816745656,0.4055266301530417,0.8088975374627713
0.011058451816745656,0.40557170870241394,0.8088897145649899
0.011058451816745656,0.40568440507584463,0.8088526180688578
0.011058451816745656,0.40572948362521694,0.8088514216803359
0.011058451816745656,0.40584217999864763,0.8087887377341263
0.011058451816745656,0.40588725854801994,0.8087882415179337
0.011058451816745656,0.406540897513918,0.8084676419356892
0.011058451816745656,0.4065859760632903,0.8084648689257647
0.011058451816745656,0.4069240651835824,0.8083267567163245
0.011058451816745656,0.4069916830076408,0.8083192996337094
0.011058451816745656,0.4074424685013636,0.8081519176262035
0.011058451816745656,0.40751008632542207,0.8081428078461261
0.011058451816745656,0.4086595893344152,0.8076272852932107
0.011058451816745656,0.4087046678837875,0.8076243350575912
0.011058451816745656,0.4094710032231163,0.8072666862414324
0.011058451816745656,0.40962877814591925,0.8072462740161437
0.011058451816745656,0.41318998354632946,0.8058135615141515
0.011058451816745656,0.41323506209570177,0.8058126376389062
0.011058451816745656,0.4137083868641107,0.8056867991547998
0.011058451816745656,0.41384362251222756,0.8056855923231173
0.011058451816745656,0.41429440800595035,0.8055210568695892
0.011058451816745656,0.41433948655532266,0.8054978722315247
0.011058451816745656,0.4147677327743593,0.8053735502966803
0.011058451816745656,0.4148128113237316,0.8053705837714757
0.011058451816745656,0.41510582189465145,0.8052658387861035
0.011058451816745656,0.4151509004440237,0.805260599307962
0.011058451816745656,0.4155340681136881,0.805109871880581
0.011058451816745656,0.4155791466630604,0.805109198173677
0.011058451816745656,0.4156467644871188,0.8050611120218961
0.011058451816745656,0.4156918430364911,0.8050523357577154
0.011058451816745656,0.4178105348569883,0.8041593160935556
0.011058451816745656,0.41785561340636057,0.8041200750915798
0.011058451816745656,0.4178781526810467,0.8041146441576426
0.011058451816745656,0.417923231230419,0.8040982977327363
0.011058451816745656,0.41828385962539727,0.8038685904646998
0.011058451816745656,0.41850925237225867,0.8038676525136009
0.011058451816745656,0.41923050916221516,0.8036020278464071
0.011058451816745656,0.41927558771158746,0.8035884558298991
0.011058451816745656,0.42132666170802624,0.8026527977017133
0.011058451816745656,0.42137174025739854,0.8026516368932768
0.011058451816745656,0.42150697590551534,0.8026231189205737
0.011058451816745656,0.4215745937295738,0.802616662119054
0.011058451816745656,0.4222958505195303,0.8023972164164621
0.011058451816745656,0.4223409290689026,0.8023818956200773
0.011058451816745656,0.4231523429576036,0.8020433918337676
0.011058451816745656,0.4231974215069759,0.8020279708328882
0.011058451816745656,0.42351297135258187,0.8018905962758063
0.011058451816745656,0.42362566772601257,0.8018828884750081
0.011058451816745656,0.4253161133274731,0.8012149017084029
0.011058451816745656,0.4263529199630356,0.8012095472072626
0.011058451816745656,0.4289223972772556,0.8001702614178778
0.011058451816745656,0.42905763292537247,0.8001674822361035
0.011058451816745656,0.4308607749002637,0.7993612983095277
0.011058451816745656,0.430905853449636,0.7993612725190679
0.011058451816745656,0.4321680528320599,0.7988824482768092
0.011058451816745656,0.43221313138143214,0.7988560746779825
0.011058451816745656,0.43282169179795793,0.7985842328565417
0.011058451816745656,0.4330696238195055,0.798568383917071
0.011058451816745656,0.4336105664119729,0.7982876084215446
0.011058451816745656,0.4336556449613451,0.7982853775946354
0.011058451816745656,0.43622512227556515,0.7970508164813324
0.011058451816745656,0.43627020082493745,0.7970497991272645
0.011058451816745656,0.43665336849460185,0.7968638865703449
0.011058451816745656,0.43669844704397415,0.7968374869628476
0.011058451816745656,0.4367435255933464,0.7968244924775069
0.011058451816745656,0.4367886041427187,0.7967934886503917
0.011058451816745656,0.4369463790655217,0.796740231608719
0.011058451816745656,0.4370139968895801,0.7967384132169154
0.011058451816745656,0.4370816147136385,0.7967201021733404
0.011058451816745656,0.4371266932630108,0.7967176532946618
0.011058451816745656,0.4375098609326752,0.7965513929458417
0.011058451816745656,0.43760001803141974,0.7965511684352703
0.011058451816745656,0.43780287150359504,0.796499685719428
0.011058451816745656,0.4378479500529673,0.7964970427579315
0.011058451816745656,0.4387495210404129,0.7961193414352679
0.011058451816745656,0.43879459958978523,0.7961147307297275
0.011058451816745656,0.4390425316113327,0.7959814698252732
0.011058451816745656,0.4393580814569387,0.7959631551005988
0.011058451816745656,0.43998918114815067,0.7957109382388187
0.011058451816745656,0.4400342596975229,0.7957029283169276
0.011058451816745656,0.44005679897220906,0.7956822353955226
0.011058451816745656,0.4401244167962675,0.7956603031684669
0.011058451816745656,0.44048504519124576,0.7954961586635679
0.011058451816745656,0.440530123740618,0.7954927801235889
0.011058451816745656,0.44082313431153786,0.7953716696876134
0.011058451816745656,0.44086821286091016,0.7953659277064005
0.011058451816745656,0.44406878986634213,0.7939342795260403
0.011058451816745656,0.4441364076904005,0.7939302730787617
0.011058451816745656,0.4441589469650867,0.7939240119453245
0.011058451816745656,0.4442040255144589,0.7939092673987787
0.011058451816745656,0.4451957536006491,0.7934579296171571
0.011058451816745656,0.4452408321500214,0.7934544288798935
0.011058451816745656,0.44555638199562736,0.7932850851488615
0.011058451816745656,0.44560146054499966,0.7932803419872965
0.011058451816745656,0.44571415691843036,0.7932552509194051
0.011058451816745656,0.44575923546780266,0.7932487563138189
0.011058451816745656,0.4460071674893502,0.7931189573010373
0.011058451816745656,0.44605224603872246,0.7931064761527615
0.011058451816745656,0.4467960421033651,0.7926832915084122
0.011058451816745656,0.4468411206527374,0.792678526107484
0.011058451816745656,0.44738206324520474,0.792446474024011
0.011058451816745656,0.44742714179457704,0.7924388269626635
0.011058451816745656,0.44846394843013954,0.7919331951633404
0.011058451816745656,0.4485090269795118,0.7919163363004901
0.011058451816745656,0.44895981247323463,0.7917520522474977
0.011058451816745656,0.4490048910226069,0.7917352855575337
0.011058451816745656,0.4490950481213515,0.791715052115445
0.011058451816745656,0.4491401266707237,0.791696909037088
0.011058451816745656,0.4497937656366218,0.791386072564299
0.011058451816745656,0.44983884418599407,0.7913812047628433
0.011058451816745656,0.4515743683368269,0.7906346251733023
0.011058451816745656,0.4516194468861992,0.7906233863664692
0.011058451816745656,0.45243086077490025,0.7902985053505046
0.011058451816745656,0.45254355714833094,0.7902945835338215
0.011058451816745656,0.45581175197782137,0.7887539998288338
0.011058451816745656,0.4558568305271936,0.7887346352190959
0.011058451816745656,0.45637523384497486,0.7885255083836292
0.011058451816745656,0.45642031239434716,0.7885245228300285
0.011058451816745656,0.45687109788806995,0.7882680523131632
0.011058451816745656,0.45698379426150065,0.7882626677487772
0.011058451816745656,0.45725426555773435,0.7881409837111577
0.011058451816745656,0.45729934410710665,0.7881370018497903
0.011058451816745656,0.45802060089706315,0.7878134456323997
0.011058451816745656,0.4581107579958077,0.7877800695094512
0.011058451816745656,0.4582685329186107,0.787750951373181
0.01263823064770932,0.4582685329186107,0.7877503000386016
0.01263823064770932,0.45835869001735524,0.7877239857903128
0.014218009478672985,0.45835869001735524,0.787722204691447
0.014218009478672985,0.46070277458471387,0.7867345126452104
0.014218009478672985,0.46074785313408617,0.7867260247572121
0.014218009478672985,0.4608380102328307,0.7866827465292604
0.014218009478672985,0.46088308878220297,0.786678488236234
0.014218009478672985,0.46374557666734284,0.7855736630403879
0.014218009478672985,0.46379065521671514,0.7855601284312788
0.014218009478672985,0.4644442941826132,0.785317430367
0.014218009478672985,0.4644893727319855,0.7852973516293491
0.014218009478672985,0.46462460838010233,0.7852646801445293
0.014218009478672985,0.46473730475353303,0.7852612557781646
0.014218009478672985,0.46512047242319743,0.7850992901427041
0.014218009478672985,0.46516555097256973,0.785088044080286
0.014218009478672985,0.4655712579169202,0.78490044546092
0.014218009478672985,0.4656163364662925,0.784882326002409
0.014218009478672985,0.46719408569432236,0.7842104678308885
0.014218009478672985,0.46723916424369466,0.784193928890841
0.014218009478672985,0.4692676989654473,0.7832270119155604
0.014218009478672985,0.4693127775148196,0.7832102880086252
0.014218009478672985,0.4703270448756959,0.7827132996171379
0.014218009478672985,0.4703721234250682,0.7827048483653878
0.014218009478672985,0.47181463700498116,0.7821237859651651
0.014218009478672985,0.4718822548290396,0.7821063753570575
0.014218009478672985,0.47357270043050015,0.781155485194062
0.014218009478672985,0.47361777897987245,0.7811514978810379
0.014218009478672985,0.47373047535330315,0.7811019233034557
0.014218009478672985,0.4737755539026754,0.7810935192049838
0.014218009478672985,0.47512791038384383,0.7805070951176827
0.014218009478672985,0.47517298893321613,0.7804679901524763
0.014218009478672985,0.4764126490409539,0.7798686855815123
0.014218009478672985,0.4764577275903261,0.7798598394528329
0.014218009478672985,0.4765028061396984,0.7798195608496521
0.014218009478672985,0.4765478846890707,0.7798155273753158
0.014218009478672985,0.4766155025131291,0.7797524347397682
0.014218009478672985,0.4766605810625014,0.7797341129917761
0.014218009478672985,0.47735929857777176,0.7793811172604984
0.01579778830963665,0.47735929857777176,0.779349532098953
0.01579778830963665,0.48179953569094147,0.777420295179013
0.01579778830963665,0.4818446142403138,0.7774092244956546
0.01579778830963665,0.4821150855365474,0.7772269823011658
0.01579778830963665,0.4823855568327811,0.7772153689602469
0.01579778830963665,0.4828138030518178,0.7769829780007704
0.01579778830963665,0.48285888160119006,0.776981781570984
0.01579778830963665,0.48301665652399306,0.7769237387127926
0.01579778830963665,0.48308427434805146,0.7769087990107387
0.01579778830963665,0.48317443144679606,0.7768649205625877
0.01579778830963665,0.4832195099961683,0.776845782624166
0.01579778830963665,0.48339982419365746,0.7767410347173653
0.01579778830963665,0.4834449027430297,0.7767399190910408
0.01579778830963665,0.4847521806748259,0.7762584650210302
0.01579778830963665,0.48479725922419814,0.7762563276181493
0.01579778830963665,0.4864200870016003,0.7755319032583289
0.01579778830963665,0.4864651655509726,0.7755276383073938
0.01579778830963665,0.4877048256587103,0.7749321016030548
0.01579778830963665,0.48774990420808256,0.7749206024187906
0.01579778830963665,0.4877724434827687,0.7749181568749932
0.01579778830963665,0.48786260058151326,0.7749126712580567
0.01579778830963665,0.48817815042711926,0.7747756992076298
0.017377567140600316,0.48817815042711926,0.7747705116359542
0.017377567140600316,0.48862893592084206,0.7745687105861825
0.017377567140600316,0.4887641715689589,0.7745681932979526
0.017377567140600316,0.48950796763360155,0.7742069701050198
0.017377567140600316,0.48955304618297385,0.7742066334992311
0.017377567140600316,0.48957558545765995,0.7741963731881298
0.017377567140600316,0.48962066400703225,0.7741925672034882
0.017377567140600316,0.4922126805959384,0.7730874893385971
0.017377567140600316,0.4922577591453107,0.7730742471376131
0.017377567140600316,0.49451168661392475,0.772142319324151
0.017377567140600316,0.49455676516329705,0.7721367382368667
0.017377567140600316,0.49471454008610005,0.7720601436056708
0.017377567140600316,0.4947596186354723,0.772055188010418
0.017377567140600316,0.49527802195325354,0.7718549597726455
0.017377567140600316,0.49532310050262585,0.7718532508937062
0.017377567140600316,0.4960894358419546,0.7714558546469419
0.017377567140600316,0.4961345143913269,0.7714531658277292
0.017377567140600316,0.4965627606103636,0.7712696412754544
0.017377567140600316,0.49660783915973583,0.7712610718862126
0.017377567140600316,0.5019721865350373,0.7687401655036497
0.017377567140600316,0.5020172650844096,0.7687334262413146
0.017377567140600316,0.5026258255009354,0.7685154773051843
0.017377567140600316,0.5026709040503077,0.7685148171651385
0.017377567140600316,0.5028286789731107,0.7684525194578453
0.018957345971563982,0.5028286789731107,0.768404707192833
0.018957345971563982,0.503527396488381,0.7681183719965684
0.018957345971563982,0.5035950143124395,0.7680888812393152
0.018957345971563982,0.5047895958708049,0.7674880761298665
0.018957345971563982,0.5048346744201772,0.7674838730564204
0.018957345971563982,0.5055784704848199,0.7671641252330886
0.018957345971563982,0.505623549034192,0.7671601731466047
0.018957345971563982,0.505758784682309,0.7670773675078983
0.018957345971563982,0.5058038632316812,0.7670686995875593
0.018957345971563982,0.5061194130772871,0.7669312509644823
0.018957345971563982,0.5062321094507178,0.7669276188848583
0.018957345971563982,0.5085311154687042,0.7657104272341851
0.018957345971563982,0.5085761940180765,0.7656979907432488
0.018957345971563982,0.5101539432461063,0.7649513378843174
0.018957345971563982,0.5101990217954786,0.7649419569650701
0.018957345971563982,0.5104920323663984,0.7647334614054552
0.018957345971563982,0.5105371109157707,0.7647302685636705
0.018957345971563982,0.5111005927829242,0.7645692927689697
0.018957345971563982,0.5111456713322965,0.7645667695716095
0.018957345971563982,0.5134446773502829,0.7634907071740045
0.018957345971563982,0.5134897558996552,0.7634849089996734
0.018957345971563982,0.5145265625352177,0.7631201527432473
0.018957345971563982,0.5145716410845899,0.7631165542679853
0.018957345971563982,0.517163657673496,0.7618732581281988
0.018957345971563982,0.5172087362228683,0.7618149463194159
0.018957345971563982,0.5190118781977596,0.7609466822806344
0.018957345971563982,0.5190569567471319,0.7609196054221187
0.018957345971563982,0.5213334234904321,0.7599714031181267
0.018957345971563982,0.5213785020398044,0.7599606132293132
0.018957345971563982,0.5262469853720108,0.7575482678853303
0.018957345971563982,0.5262920639213831,0.7575477759332999
0.018957345971563982,0.5275317240291207,0.7568742112924256
0.018957345971563982,0.5276218811278653,0.7568494738901967
0.018957345971563982,0.5315211756485676,0.7547784306518995
0.018957345971563982,0.5315662541979399,0.754764421192459
0.018957345971563982,0.5319719611422904,0.7545005193850373
0.018957345971563982,0.5320170396916627,0.7544938560338146
0.018957345971563982,0.5336849460184371,0.7536637123200342
0.018957345971563982,0.5337300245678094,0.7536479369544927
0.018957345971563982,0.5360966484098542,0.752604908330143
0.018957345971563982,0.5361642662339126,0.7526023388214866
0.018957345971563982,0.5381251831316068,0.7517237280128252
0.020537124802527645,0.5381251831316068,0.751718013540022
0.020537124802527645,0.5390492933937386,0.7512799717173966
0.020537124802527645,0.5390943719431108,0.7512774793312
0.020537124802527645,0.5444136407690401,0.7484392618241417
0.020537124802527645,0.5444587193184124,0.748416169971423
0.020537124802527645,0.544729190614646,0.7481891043942924
0.020537124802527645,0.5447742691640183,0.7481696366198333
0.020537124802527645,0.5448418869880767,0.7481374454176827
0.020537124802527645,0.544886965537449,0.7481244580035483
0.020537124802527645,0.5465548718642234,0.747219006265287
0.020537124802527645,0.5465999504135957,0.7471866285671163
0.020537124802527645,0.5488087993328374,0.746239416729476
0.020537124802527645,0.5488538778822097,0.7462340374317704
0.020537124802527645,0.5494624382987355,0.7458841286608107
0.020537124802527645,0.5495075168481078,0.7458679161497227
0.020537124802527645,0.5516938264926635,0.7446646151789651
0.020537124802527645,0.5517389050420357,0.7446563677833922
0.020537124802527645,0.5526630153041675,0.7440968409909168
0.020537124802527645,0.5527080938535398,0.7440934171337465
0.020537124802527645,0.5535871255662993,0.7436176771113613
0.020537124802527645,0.5536322041156716,0.7435888906233885
0.020537124802527645,0.5557058173867965,0.7425631114885711
0.020537124802527645,0.5557508959361688,0.7425490965730872
0.020537124802527645,0.5571708702413957,0.7417822670938402
0.020537124802527645,0.557215948790768,0.7417761523416142
0.020537124802527645,0.5580499019541552,0.7411520188159592
0.020537124802527645,0.5580949805035273,0.7411515409092424
0.020537124802527645,0.5588162372934838,0.7407302166834695
0.020537124802527645,0.5588613158428561,0.7406702640125106
0.020537124802527645,0.5594924155340681,0.7403429847410166
0.020537124802527645,0.5595374940834404,0.7403257761486564
0.020537124802527645,0.5620844321229743,0.7388933704423375
0.020537124802527645,0.5621295106723465,0.7388856938728912
0.020537124802527645,0.5629634638357338,0.7383945808779009
0.020537124802527645,0.563008542385106,0.7383917841122376
0.020537124802527645,0.5634142493294566,0.7381413640641021
0.022116903633491312,0.5634142493294566,0.7381297529558671
0.022116903633491312,0.5640453490206685,0.7377591482456739
0.022116903633491312,0.5640904275700408,0.7377406665661517
0.022116903633491312,0.5641129668447269,0.7377325762702197
0.022116903633491312,0.5641580453940992,0.737726115235458
0.022116903633491312,0.5687335181553858,0.7350798137125878
0.022116903633491312,0.568778596704758,0.7350715499844253
0.022116903633491312,0.5696125498681452,0.7345005839481832
0.022116903633491312,0.5696576284175175,0.7344823550883272
0.022116903633491312,0.5697027069668898,0.7344710016665575
0.022116903633491312,0.569747785516262,0.7344448145379933
0.022116903633491312,0.5700182568124957,0.7342972418341034
0.022116903633491312,0.570063335361868,0.7342960111413729
0.022116903633491312,0.5703563459327878,0.7341245942242153
0.022116903633491312,0.5704014244821601,0.7341096333420384
0.022116903633491312,0.5710776027227444,0.7337344146130153
0.022116903633491312,0.5711226812721166,0.7337305347661816
0.022116903633491312,0.571348074018978,0.73362729489696
0.022116903633491312,0.5713931525683503,0.7336110946712737
0.022116903633491312,0.5724524984785989,0.7330274842687668
0.022116903633491312,0.5725201163026574,0.7330071792158818
0.022116903633491312,0.5744584939256655,0.7319952760608057
0.022116903633491312,0.5745261117497239,0.7319902940568945
0.022116903633491312,0.5754953005612279,0.7314748417668574
0.022116903633491312,0.5755629183852864,0.7314608840686243
0.022116903633491312,0.576780039218338,0.7308928665611095
0.022116903633491312,0.5768251177677103,0.7308868595770522
0.022116903633491312,0.5779295422273312,0.7303198136567177
0.022116903633491312,0.5779746207767034,0.730281430770684
0.022116903633491312,0.5782000135235648,0.730143764667098
0.022116903633491312,0.5782450920729371,0.7301387345208412
0.022116903633491312,0.579191741609755,0.7295778052862131
0.023696682464454975,0.579191741609755,0.7295487337406595
0.023696682464454975,0.5794171343566165,0.7293619761072266
0.023696682464454975,0.5794622129059886,0.7293578820743023
0.023696682464454975,0.5806567944643541,0.7285673152837598
0.023696682464454975,0.5807694908377848,0.728539568655508
0.023696682464454975,0.581918993846778,0.7278990903049857
0.023696682464454975,0.5819640723961503,0.7278835281726996
0.023696682464454975,0.5821218473189532,0.7278239895817258
0.023696682464454975,0.5821894651430117,0.7278094274732354
0.023696682464454975,0.5826627899114206,0.7275387549278866
0.023696682464454975,0.5827078684607929,0.7275244452946963
0.023696682464454975,0.5832938896026326,0.7272614558130809
0.023696682464454975,0.5833389681520049,0.7272517034423114
0.023696682464454975,0.5842405391394505,0.7266861723679928
0.023696682464454975,0.5842856176888228,0.7266856795505612
0.023696682464454975,0.5843757747875673,0.726655765254046
0.02527646129541864,0.5843757747875673,0.726651715399371
0.02527646129541864,0.584488471160998,0.7265964827941938
0.02527646129541864,0.5845335497103703,0.7265839708404271
0.02527646129541864,0.5867649379042983,0.7251799608584203
0.02527646129541864,0.5868100164536705,0.7251602038590715
0.02527646129541864,0.5885906191538757,0.724167402797051
0.02527646129541864,0.5886356977032479,0.7241648522437394
0.02527646129541864,0.5903036040300224,0.723162504571142
0.02527646129541864,0.5903486825793945,0.7231593562796056
0.02527646129541864,0.5911150179187233,0.7225422340197111
0.02527646129541864,0.5911600964680956,0.7225207910399744
0.02527646129541864,0.5912953321162125,0.7224694523127241
0.02527646129541864,0.5913404106655847,0.72246680984766
0.02527646129541864,0.5927378456961255,0.7215214109597011
0.02527646129541864,0.5927829242454978,0.7215073648748803
0.02527646129541864,0.5946311447697613,0.7203618671438461
0.02527646129541864,0.5946762233191336,0.720345655911427
0.02527646129541864,0.5951720873622287,0.720026915948395
0.02527646129541864,0.5952622444609732,0.720019364021536
0.02527646129541864,0.5959609619762436,0.7195644876431426
0.02527646129541864,0.5960060405256159,0.7194606535380157
0.02527646129541864,0.5960961976243605,0.7194040926498593
0.02527646129541864,0.5962314332724773,0.7193979612221292
0.02527646129541864,0.5970653864358645,0.7188954816801976
0.02527646129541864,0.5971104649852368,0.7188937932388769
0.02527646129541864,0.5976964861270764,0.7186740624537178
0.026856240126382307,0.5976964861270764,0.718648857453891
0.026856240126382307,0.5977415646764487,0.7186443270047905
0.026856240126382307,0.597786643225821,0.7186333738554112
0.026856240126382307,0.5980796537967408,0.71848980070108
0.026856240126382307,0.5981247323461131,0.718476906097058
0.026856240126382307,0.5991389997069895,0.7176507523354764
0.026856240126382307,0.5991840782563617,0.7176414751614962
0.026856240126382307,0.6011900737034283,0.7162769732262159
0.026856240126382307,0.6012351522528006,0.716276835242109
0.026856240126382307,0.6044582685329186,0.7144217010013445
0.02843601895734597,0.6044582685329186,0.7144164047660165
0.02843601895734597,0.6050668289494444,0.71398485849408
0.02843601895734597,0.6051119074988167,0.7139689137995969
0.02843601895734597,0.605156986048189,0.7139543344108578
0.02843601895734597,0.6052020645975612,0.7139449501364682
0.02843601895734597,0.6057204679153425,0.7136981521399567
0.02843601895734597,0.6057655464647148,0.7136790920572639
0.02843601895734597,0.6072305993193139,0.7126577963260406
0.02843601895734597,0.6072756778686862,0.7126461921450274
0.02843601895734597,0.6074785313408615,0.7125061693502085
0.02843601895734597,0.6075236098902337,0.7124804190562951
0.02843601895734597,0.609800076633534,0.7111045770123832
0.02843601895734597,0.6098902337322785,0.7110989133256124
0.02843601895734597,0.6103184799513152,0.7109098883997121
0.02843601895734597,0.6103635585006875,0.7109007861553448
0.02843601895734597,0.6111749723893886,0.7104784320874902
0.02843601895734597,0.6112200509387608,0.7104773974093607
0.02843601895734597,0.6143980886695066,0.7085438517222901
0.02843601895734597,0.6144431672188789,0.7085414843789987
0.02843601895734597,0.6145558635923096,0.7084041403089789
0.02843601895734597,0.6146009421416819,0.7084013191149613
0.02843601895734597,0.6159758378975364,0.7074933989620795
0.02843601895734597,0.6160209164469087,0.7074834327088111
0.02843601895734597,0.616223769919084,0.7073657726897141
0.02843601895734597,0.6162913877431424,0.7073656306119521
0.02843601895734597,0.6175535871255663,0.7066776731793515
0.02843601895734597,0.6175986656749386,0.7066748872972866
0.02843601895734597,0.617666283498997,0.7066406390064645
0.02843601895734597,0.6177113620483693,0.7066185977127323
0.02843601895734597,0.6185002366623842,0.7061749932882467
0.02843601895734597,0.6185453152117565,0.7061420527622144
0.02843601895734597,0.6187481686839318,0.706044043122085
0.02843601895734597,0.618793247233304,0.7060402514765031
0.02843601895734597,0.6189961007054793,0.7057790803688777
0.02843601895734597,0.6190411792548516,0.7057744106753906
0.02843601895734597,0.6190862578042239,0.7057639270900385
0.02843601895734597,0.6191313363535962,0.7057335163100161
0.02843601895734597,0.6213852638222102,0.7041785610074512
0.030015797788309637,0.6213852638222102,0.7041749419635301
0.030015797788309637,0.6214979601956409,0.7040795324436426
0.030015797788309637,0.6215881172943855,0.7040753026463885
0.030015797788309637,0.6219487456893638,0.7038391593548581
0.030015797788309637,0.621993824238736,0.7038002202365946
0.030015797788309637,0.6231884057971014,0.7030531169697795
0.030015797788309637,0.6232334843464737,0.7030515777449841
0.030015797788309637,0.6235039556427074,0.7028510643850495
0.030015797788309637,0.6235941127414519,0.7028433082021287
0.030015797788309637,0.6244731444542114,0.7022476622258257
0.030015797788309637,0.6245182230035837,0.7022315302690502
0.030015797788309637,0.6251718619694818,0.7017938209126888
0.030015797788309637,0.6252169405188541,0.7017881151049536
0.030015797788309637,0.6273356323393513,0.7003970987854994
0.030015797788309637,0.6273807108887236,0.7003837072672183
0.030015797788309637,0.6278991142065048,0.7000816382054648
0.030015797788309637,0.6279441927558771,0.7000773495321596
0.030015797788309637,0.6291613135889287,0.699049255306938
0.030015797788309637,0.6292289314129871,0.6990325903056194
0.030015797788309637,0.6305136700700972,0.6979990810808157
0.030015797788309637,0.6305587486194695,0.6979758229796901
0.030015797788309637,0.6307841413663309,0.6977796296973704
0.030015797788309637,0.6308292199157031,0.6977505344401441
0.030015797788309637,0.6319111051006379,0.6970570006555347
0.030015797788309637,0.6319787229246963,0.6970475749506241
0.030015797788309637,0.632745058264025,0.6964687279422331
0.030015797788309637,0.6327901368133974,0.6964529239261166
0.030015797788309637,0.6335339328780399,0.6959625769173524
0.030015797788309637,0.6335790114274122,0.6959445609019022
0.030015797788309637,0.6337142470755291,0.6958576584663472
0.030015797788309637,0.6337593256249013,0.6958398406276985
0.030015797788309637,0.6338720219983321,0.6957797345958323
0.030015797788309637,0.6339171005477043,0.6957514920215601
0.030015797788309637,0.6339396398223905,0.6957474372077436
0.030015797788309637,0.6339847183717628,0.6957391615169788
0.030015797788309637,0.63481867153515,0.6952824561734846
0.030015797788309637,0.6348637500845222,0.6952751943007857
0.030015797788309637,0.634976446457953,0.6951948709365708
0.030015797788309637,0.6350215250073252,0.6951922517191017
0.030015797788309637,0.6355624675997926,0.6948227695796025
0.030015797788309637,0.6356075461491649,0.6948076362836707
0.030015797788309637,0.635945635269457,0.6945871100154416
0.030015797788309637,0.6359907138188293,0.6945758063174288
0.030015797788309637,0.636261185115063,0.6944021537741268
0.030015797788309637,0.6363062636644353,0.6943787358518705
0.030015797788309637,0.6367795884328442,0.6940640402123165
0.030015797788309637,0.6368246669822165,0.6940602372351814
0.030015797788309637,0.6373430702999977,0.6935470836754165
0.030015797788309637,0.63738814884937,0.6935378401757997
0.030015797788309637,0.6376360808709176,0.6933848390314215
0.030015797788309637,0.6376811594202898,0.6933792994525373
0.030015797788309637,0.6402957152838822,0.6914406692329174
0.0315955766192733,0.6402957152838822,0.6914150564658567
0.0315955766192733,0.6415579146663061,0.6903705238785268
0.0315955766192733,0.6416029932156784,0.6903590694544788
0.0315955766192733,0.6434512137399419,0.6888457996710888
0.03317535545023697,0.6434512137399419,0.6888185640658062
0.03317535545023697,0.6436991457614893,0.688643513435082
0.03317535545023697,0.6437667635855479,0.6886242811036996
0.03317535545023697,0.6438569206842923,0.688532744439414
0.03475513428120063,0.6438569206842923,0.6885300400340989
0.03475513428120063,0.6449838844185994,0.6876597128604603
0.036334913112164295,0.6449838844185994,0.6875969489767828
0.036334913112164295,0.6452768949895192,0.6874418387054402
0.036334913112164295,0.6453219735388915,0.6874357007866406
0.036334913112164295,0.6455022877363806,0.6873157700237975
0.036334913112164295,0.6455473662857529,0.6873035814362234
0.036334913112164295,0.6460883088782203,0.6867888228348636
0.036334913112164295,0.6461333874275926,0.6867843760677592
0.036334913112164295,0.6462911623503955,0.6866962013675789
0.036334913112164295,0.6463362408997678,0.6866680608375256
0.036334913112164295,0.6464038587238262,0.6865795715960353
0.036334913112164295,0.6464489372731985,0.6865708111739282
0.036334913112164295,0.6470800369644105,0.6860164954298079
0.036334913112164295,0.6471476547884689,0.686008170668405
0.036334913112164295,0.6473955868100164,0.6857813700174682
0.036334913112164295,0.6474406653593887,0.6857442185232502
0.036334913112164295,0.6476660581062501,0.6855466599321889
0.036334913112164295,0.6477111366556224,0.6855199810198092
0.036334913112164295,0.6481393828746591,0.685201844606108
0.036334913112164295,0.6482070006987175,0.6851980716108463
0.036334913112164295,0.6488606396646156,0.6847197049763873
0.036334913112164295,0.6489057182139879,0.684718249727951
0.036334913112164295,0.6496720535533167,0.6839413216408088
0.036334913112164295,0.6497171321026889,0.6839362076684256
0.036334913112164295,0.6497847499267474,0.6838698558978397
0.037914691943127965,0.6497847499267474,0.6838190810083791
0.037914691943127965,0.6505736245407623,0.6831975159422428
0.03949447077409163,0.6505736245407623,0.6831920948600773
0.03949447077409163,0.6506187030901346,0.6831151707218635
0.03949447077409163,0.6506637816395069,0.6830767849192438
0.03949447077409163,0.6513624991547772,0.6824326733057575
0.03949447077409163,0.6514751955282079,0.6823841325978921
0.03949447077409163,0.6515653526269525,0.6822841164502037
0.03949447077409163,0.6516104311763248,0.6822580714951801
0.03949447077409163,0.6524218450650258,0.6815717568106666
0.03949447077409163,0.6524669236143981,0.6815490899751524
0.03949447077409163,0.6527148556359457,0.6812472685792199
0.03949447077409163,0.6528500912840625,0.6812328774177122
0.03949447077409163,0.6535488087993329,0.6806571507449252
0.03949447077409163,0.6536389658980774,0.6806298637734625
0.03949447077409163,0.654202447765231,0.6802994614939708
0.03949447077409163,0.6543151441386617,0.680280176192036
0.04107424960505529,0.6543151441386617,0.6802723106087141
0.04107424960505529,0.6550814794779904,0.6796997760282418
0.04107424960505529,0.6551265580273626,0.6796447995573851
0.04107424960505529,0.6561182861135528,0.6789765252499756
0.04107424960505529,0.6561633646629251,0.6789445272742427
0.04107424960505529,0.6563436788604142,0.6787715727802348
0.04107424960505529,0.6563887574097865,0.6787216515888546
0.04107424960505529,0.6573579462212906,0.6778459944354945
0.04107424960505529,0.6574030247706629,0.6777903466219236
0.04107424960505529,0.6576734960668965,0.6774992910510375
0.04107424960505529,0.6577185746162688,0.67746848911643
0.04107424960505529,0.6582144386593639,0.6771695277499312
0.04107424960505529,0.6582595172087362,0.6771618001116806
0.04107424960505529,0.6583271350327946,0.6771510420314738
0.04107424960505529,0.6594090202177294,0.6761329265093611
0.04265402843601896,0.6594090202177294,0.6761242525930068
0.04265402843601896,0.6603556697545473,0.6753905549329937
0.044233807266982623,0.6603556697545473,0.6753648772619345
0.044233807266982623,0.660626141050781,0.6751931828977682
0.044233807266982623,0.6606712196001533,0.675190263000032
0.044233807266982623,0.6630378434421981,0.6726374373558279
0.044233807266982623,0.6630829219915703,0.6726278114357919
0.044233807266982623,0.6635787860346654,0.6721496241740861
0.044233807266982623,0.6636238645840377,0.6721247482215981
0.044233807266982623,0.6644803570221111,0.6713976699279127
0.044233807266982623,0.6645479748461695,0.6713970612784693
0.044233807266982623,0.6647057497689725,0.6713003763367773
0.044233807266982623,0.6647733675930309,0.6712931914156989
0.044233807266982623,0.6653368494601843,0.6708543962114296
0.044233807266982623,0.6653819280095566,0.6708228967841621
0.044233807266982623,0.6667793630400973,0.6696638916207203
0.044233807266982623,0.6668244415894696,0.6696465265434274
0.044233807266982623,0.6668695201388419,0.6696377707992549
0.044233807266982623,0.6669145986882142,0.669569485397623
0.044233807266982623,0.6670723736110172,0.6694307960480032
0.044233807266982623,0.6671625307097617,0.6693658875692179
0.044233807266982623,0.6706786575607997,0.6659631583959481
0.044233807266982623,0.670723736110172,0.665908375023367
0.044233807266982623,0.6711294430545225,0.6655971868528989
0.044233807266982623,0.6711745216038948,0.6655589250872975
0.044233807266982623,0.6719183176685374,0.6648890003064826
0.045813586097946286,0.6719183176685374,0.6648820137137011
0.045813586097946286,0.6722789460635157,0.6644954531686625
0.045813586097946286,0.6723465638875741,0.6644822174743805
0.045813586097946286,0.6727973493812969,0.6641091145759286
0.045813586097946286,0.6728424279306692,0.6640946560567028
0.045813586097946286,0.6741497058624654,0.6628747646655165
0.045813586097946286,0.6741947844118377,0.6628648440521636
0.045813586097946286,0.6755020623436337,0.6612210443839962
0.045813586097946286,0.675547140893006,0.661215350789131
0.045813586097946286,0.6755922194423784,0.6611716648765031
0.04739336492890995,0.6755922194423784,0.6611601044004064
0.04739336492890995,0.6756147587170644,0.6611482930758956
0.04897314375987362,0.6756147587170644,0.6611184524591048
0.04897314375987362,0.675682376541123,0.661024446385634
0.04897314375987362,0.6757274550904951,0.6610220704255891
0.04897314375987362,0.6757950729145537,0.6609676788695247
0.04897314375987362,0.6758401514639258,0.6609542193191577
0.04897314375987362,0.6766966439019992,0.659997349937678
0.04897314375987362,0.6767417224513715,0.6599745296174676
0.04897314375987362,0.6767868010007438,0.6599500023587536
0.04897314375987362,0.676831879550116,0.6599232788194543
0.04897314375987362,0.6772375864944666,0.6595507787636581
0.04897314375987362,0.677305204318525,0.6595365595842647
0.04897314375987362,0.6775305970653864,0.6592313882503724
0.04897314375987362,0.6775756756147587,0.659228998396191
0.04897314375987362,0.6809114882683075,0.6554129826225901
0.04897314375987362,0.6809565668176798,0.6553898541515885
0.04897314375987362,0.681474970135461,0.6548548582236147
0.04897314375987362,0.6815200486848333,0.6548180384393614
0.04897314375987362,0.6825568553203958,0.6538201195425708
0.04897314375987362,0.6826244731444542,0.6537925312053381
0.04897314375987362,0.683075258638177,0.6532231211723416
0.05055292259083728,0.683075258638177,0.6531987973231187
0.05055292259083728,0.6847882435143237,0.6513794773605401
0.052132701421800945,0.6847882435143237,0.6513306800159835
0.052132701421800945,0.6853968039308495,0.650699540294296
0.052132701421800945,0.6854418824802218,0.6506938930559925
0.052132701421800945,0.6863434534676675,0.6496487417995894
0.052132701421800945,0.6863885320170396,0.6496416407982173
0.052132701421800945,0.6873802601032298,0.648397994117892
0.052132701421800945,0.6874253386526021,0.6483875548921412
0.052132701421800945,0.6881240561678725,0.6472898689429766
0.052132701421800945,0.6881691347172448,0.6472591141433796
0.052132701421800945,0.6893862555502964,0.6456071439708508
0.052132701421800945,0.6894313340996687,0.6455484430061951
0.052132701421800945,0.6896116482971578,0.6452588806986663
0.052132701421800945,0.6896567268465301,0.6452444667805273
0.052132701421800945,0.6900398945161945,0.64479499755823
0.053712480252764615,0.6900398945161945,0.6447797501214784
0.053712480252764615,0.6903103658124281,0.6443983653106519
0.053712480252764615,0.6903554443618004,0.644346071327307
0.053712480252764615,0.6912570153492461,0.6434653745232853
0.053712480252764615,0.6913020938986183,0.6434432328028362
0.053712480252764615,0.6915274866454797,0.6431132847389415
0.05529225908372828,0.6915274866454797,0.6430882737701541
0.05529225908372828,0.6917754186670273,0.6426291422752871
0.05687203791469194,0.6917754186670273,0.6425318283094208
0.05687203791469194,0.693172853697568,0.640982472081209
0.06003159557661927,0.693172853697568,0.6409380653103803
0.06003159557661927,0.6934433249938017,0.6407123023973199
0.06003159557661927,0.693488403543174,0.6406170558272765
0.06003159557661927,0.693961728311583,0.6400893383525854
0.06003159557661927,0.6940518854103275,0.6400683910894885
0.06003159557661927,0.6975229337119931,0.6356380248102607
0.06003159557661927,0.6975680122613654,0.635611847704232
0.06003159557661927,0.6977257871841684,0.635496244105827
0.06003159557661927,0.6977708657335407,0.635471470143194
0.06003159557661927,0.698469583248811,0.6343906843415493
0.06003159557661927,0.6985372010728694,0.6343875065640617
0.06003159557661927,0.6990556043906507,0.6336358206565015
0.06003159557661927,0.699100682940023,0.6336268050695747
0.06003159557661927,0.6992359185881398,0.6334728117807784
0.06003159557661927,0.6992809971375121,0.6334395910693307
0.06003159557661927,0.7000924110262132,0.6326559885022534
0.061611374407582936,0.7000924110262132,0.632622426196512
0.061611374407582936,0.7020533279239074,0.6300488695181399
0.061611374407582936,0.7020984064732797,0.6299651370786618
0.061611374407582936,0.7025491919670025,0.6294887357990887
0.061611374407582936,0.7025942705163748,0.6294513418738727
0.061611374407582936,0.7028422025379223,0.6291227019566847
0.061611374407582936,0.7028872810872946,0.6291155698431448
0.061611374407582936,0.702954898911353,0.6290212429250317
0.061611374407582936,0.7029999774607253,0.6289648372457974
0.061611374407582936,0.7033831451303897,0.6283678198434379
0.061611374407582936,0.703428223679762,0.62835148568832
0.061611374407582936,0.7036536164266234,0.6281445433512769
0.061611374407582936,0.7037212342506818,0.6281430236472638
0.061611374407582936,0.7043974124912661,0.6273590592019577
0.061611374407582936,0.7044424910406383,0.6273263229079543
0.061611374407582936,0.7050735907318503,0.6265790506251396
0.061611374407582936,0.7051186692812226,0.6265469850559997
0.061611374407582936,0.7054116798521424,0.6262187009498803
0.0631911532385466,0.7054116798521424,0.6261626224902745
0.0631911532385466,0.7059300831699236,0.6255978897749959
0.0631911532385466,0.7059977009939821,0.6255296874365908
0.0631911532385466,0.7066964185092524,0.6244337346097264
0.0631911532385466,0.7067414970586247,0.6244120037422176
0.0631911532385466,0.706786575607997,0.6243687261982791
0.0631911532385466,0.7068767327067415,0.6243373180740455
0.0631911532385466,0.7085446390335159,0.6220058591566218
0.06477093206951026,0.7085446390335159,0.6219603087123393
0.06477093206951026,0.7089052674284941,0.6215709935031952
0.06477093206951026,0.7089503459778664,0.6215703022544445
0.06477093206951026,0.7090855816259832,0.6214501263196663
0.06477093206951026,0.7091757387247278,0.6214492926312478
0.06477093206951026,0.7092433565487862,0.6214069538663289
0.06477093206951026,0.7092884350981585,0.6213826631835614
0.06477093206951026,0.7110690377983636,0.6193815717338577
0.06477093206951026,0.7111141163477359,0.6193375362930839
0.06477093206951026,0.7115423625667726,0.6189016567342498
0.06635071090047394,0.7115423625667726,0.6188911769357162
0.06635071090047394,0.7120607658845538,0.6182845179054088
0.06635071090047394,0.7121058444339261,0.6182791676922915
0.06635071090047394,0.7121734622579845,0.6182442667072428
0.06635071090047394,0.7121960015326707,0.6182421220534821
0.06635071090047394,0.712241080082043,0.6182366718718736
0.06635071090047394,0.7122636193567291,0.6182124359192138
0.06635071090047394,0.7123086979061014,0.6182118266606884
0.06635071090047394,0.7124439335542182,0.6180134561362438
0.06635071090047394,0.7124890121035905,0.6180014961636893
0.0679304897314376,0.7124890121035905,0.6179703028585789
0.0679304897314376,0.7132553474429193,0.6172284113819839
0.0679304897314376,0.7133455045416639,0.6172241587950738
0.0679304897314376,0.7139991435075619,0.6166014457929794
0.06951026856240126,0.7139991435075619,0.6165893832004502
0.06951026856240126,0.7140442220569342,0.6165846261887259
0.06951026856240126,0.7140893006063065,0.6165809903239824
0.06951026856240126,0.714495007550657,0.6158117025263501
0.07109004739336493,0.714495007550657,0.6157913752693922
0.07109004739336493,0.71465278247346,0.6156318016749042
0.07109004739336493,0.7146978610228323,0.6156188338536932
0.07109004739336493,0.7147654788468907,0.6155479501831946
0.07109004739336493,0.714810557396263,0.6155387878232235
0.07109004739336493,0.7149007144950076,0.6154281335680118
0.07109004739336493,0.7149457930443799,0.6153606590624461
0.07109004739336493,0.7155768927355918,0.6146682837376148
0.07109004739336493,0.7156219712849641,0.6146600121235845
0.07109004739336493,0.7172222597876801,0.6125835200155374
0.07109004739336493,0.7172673383370524,0.6125659123506421
0.07109004739336493,0.718326684247301,0.611569796080558
0.07109004739336493,0.7183717627966733,0.6115374388875094
0.07109004739336493,0.7206031509906011,0.608900451128861
0.07109004739336493,0.7206707688146595,0.6088979071558284
0.07109004739336493,0.7206933080893457,0.6088870116874981
0.07109004739336493,0.7207383866387179,0.6088761853493693
0.07109004739336493,0.7208060044627764,0.6087182303261393
0.07266982622432859,0.7208060044627764,0.6087088639920979
0.07266982622432859,0.7210088579349516,0.6084591941894202
0.07266982622432859,0.7210539364843239,0.6084407524894884
0.07266982622432859,0.7215272612527329,0.6078109709607435
0.07266982622432859,0.7215723398021052,0.607783561037569
0.07266982622432859,0.7219329681970834,0.6074794807249362
0.07266982622432859,0.7219780467464557,0.6074328814903573
0.07266982622432859,0.7221132823945725,0.6073986950461784
0.07266982622432859,0.7221583609439448,0.6073700187497834
0.07266982622432859,0.722180900218631,0.6073586563598655
0.07266982622432859,0.7222259787680032,0.6073458616743698
0.07266982622432859,0.7225640678882953,0.6070393075885095
0.07266982622432859,0.7226091464376676,0.6070353164483425
0.07266982622432859,0.7235783352491717,0.6058073981044678
0.07424960505529225,0.7235783352491717,0.6057485355298445
0.07424960505529225,0.7241643563910113,0.6050482464060627
0.07424960505529225,0.7242094349403836,0.6050449390930297
0.07424960505529225,0.7249306917303401,0.6040821412008195
0.07424960505529225,0.7249757702797124,0.604035890449207
0.07424960505529225,0.7250208488290847,0.6039417133212329
0.07424960505529225,0.725065927378457,0.6038998018742324
0.07424960505529225,0.7268916086280344,0.601309035896508
0.07424960505529225,0.7269592264520928,0.6013017578318076
0.07424960505529225,0.7295963215903712,0.597734750536915
0.07424960505529225,0.7296414001397435,0.5977232192574922
0.07424960505529225,0.7303626569297,0.596570072150249
0.07424960505529225,0.7304077354790722,0.5965339067280363
0.07424960505529225,0.7336533910338765,0.591898545438282
0.07424960505529225,0.7336984695832488,0.5918966732031011
0.07424960505529225,0.7340590979782271,0.5914679782853911
0.07424960505529225,0.7341041765275993,0.591450342906239
0.07424960505529225,0.7341492550769716,0.5913858124180442
0.07582938388625593,0.7341492550769716,0.5913745883542494
0.07582938388625593,0.7341943336263439,0.5913435436485236
0.07740916271721959,0.7341943336263439,0.5913238737608705
0.07740916271721959,0.7359523970518629,0.5890401084296742
0.07740916271721959,0.7359974756012352,0.5888298685484378
0.07740916271721959,0.7366511145671333,0.5877614238269347
0.07898894154818326,0.7366511145671333,0.5877497141216567
0.07898894154818326,0.7373047535330313,0.5868714331856985
0.08056872037914692,0.7373047535330313,0.586867593648858
0.08056872037914692,0.7375977641039512,0.5864874827999629
0.08214849921011058,0.7375977641039512,0.5862762250508917
0.08214849921011058,0.7376428426533234,0.5862635729565776
0.08214849921011058,0.7379358532242433,0.5857241665661458
0.08372827804107424,0.7379358532242433,0.5856396461441402
0.08372827804107424,0.7384091779926522,0.5848103851351087
0.08372827804107424,0.7384542565420245,0.5847696713003809
0.08372827804107424,0.7388825027610612,0.5840150422075939
0.08530805687203792,0.7388825027610612,0.5839870658500633
0.08530805687203792,0.7393558275294702,0.5832834309868756
0.08530805687203792,0.7394009060788423,0.5831874415071568
0.08530805687203792,0.7394685239029009,0.5831116970990725
0.08530805687203792,0.739513602452273,0.5830679409259504
0.08530805687203792,0.7413843622512227,0.5805546418630843
0.08530805687203792,0.741429440800595,0.5805343722893923
0.08530805687203792,0.7415646764487119,0.580259546676905
0.08688783570300158,0.7415646764487119,0.5802313086625746
0.08688783570300158,0.7428494151058219,0.5774876212300719
0.08688783570300158,0.7428944936551942,0.5774506449133401
0.08688783570300158,0.7437735253679537,0.576024598051072
0.08846761453396525,0.7437735253679537,0.5760205850539577
0.08846761453396525,0.7437960646426398,0.5760123417530332
0.08846761453396525,0.7438411431920121,0.5759916186572986
0.08846761453396525,0.7453512745959835,0.5739240537416282
0.08846761453396525,0.7453963531453558,0.5738628890869341
0.08846761453396525,0.7459598350125093,0.5730192801347844
0.08846761453396525,0.7460049135618816,0.5730083946887261
0.08846761453396525,0.7464782383302905,0.57224158728943
0.09004739336492891,0.7464782383302905,0.5722176859243814
0.09004739336492891,0.746545856154349,0.5720020340561763
0.09004739336492891,0.7465909347037213,0.5719842559649082
0.09004739336492891,0.7474474271417946,0.5704067885036808
0.09162717219589257,0.7474474271417946,0.5703926406355776
0.09162717219589257,0.7474925056911669,0.5703754077151475
0.09162717219589257,0.747672819888656,0.5701611347949358
0.09162717219589257,0.7477178984380283,0.5700724838957671
0.09162717219589257,0.747988369734262,0.5696634802860275
0.09162717219589257,0.7480559875583204,0.5696424634909328
0.09162717219589257,0.7486420087001601,0.5685478742787446
0.09320695102685624,0.7486645479748462,0.5685247759731732
0.09320695102685624,0.748957558545766,0.5678794557694437
0.0947867298578199,0.748957558545766,0.5678627135542794
0.0947867298578199,0.7492054905673136,0.5676012033227403
0.09636650868878358,0.7492054905673136,0.5674608433766514
0.09636650868878358,0.7494083440394889,0.5672883992204708
0.09636650868878358,0.7494759618635473,0.5672847552650864
0.09636650868878358,0.750242297202876,0.5660665694103205
0.09794628751974724,0.750242297202876,0.5659775000444257
0.09794628751974724,0.75121148601438,0.5640453388414527
0.09794628751974724,0.7512565645637523,0.564029586153349
0.09794628751974724,0.7516171929587306,0.56350576974704
0.09794628751974724,0.7516622715081028,0.5634888886187267
0.09794628751974724,0.7517524286068474,0.563233685205294
0.09794628751974724,0.7517975071562197,0.5632174142677507
0.09794628751974724,0.7533076385601911,0.5607251651870865
0.09794628751974724,0.7533527171095634,0.5606663455930806
0.09794628751974724,0.7536457276804832,0.5602539159579293
0.0995260663507109,0.7536457276804832,0.560225910705907
0.0995260663507109,0.7537809633286001,0.5599221669890162
0.0995260663507109,0.7538260418779724,0.5598566121824341
0.0995260663507109,0.7551107805350824,0.5577288188095881
0.10110584518167456,0.7551107805350824,0.5576379226531992
0.10110584518167456,0.7551333198097685,0.5575879184049215
0.10110584518167456,0.7551783983591408,0.5575739977548155
0.10110584518167456,0.7552460161831992,0.557389140605339
0.10268562401263823,0.7552460161831992,0.5573450807919961
0.10268562401263823,0.7556066445781775,0.5567489785827923
0.10426540284360189,0.7556066445781775,0.5567246533215845
0.10426540284360189,0.7559221944237834,0.5563824617968106
0.10584518167456557,0.7559221944237834,0.5563708214241533
0.10584518167456557,0.7568913832352875,0.5545643648652188
0.10584518167456557,0.7569364617846598,0.5545510222204649
0.10584518167456557,0.7573196294543242,0.5537544259517887
0.10900473933649289,0.7573196294543242,0.5536290129599353
0.10900473933649289,0.7575901007505579,0.5529854678249532
0.11058451816745656,0.7575901007505579,0.5529805527534151
0.11058451816745656,0.7577253363986747,0.5527647619901032
0.11216429699842022,0.7577253363986747,0.5526375896716557
0.11216429699842022,0.7584691324633174,0.5511529085418171
0.11216429699842022,0.7585142110126896,0.5511510602283892
0.11216429699842022,0.7585592895620619,0.5510695088064929
0.11374407582938388,0.7585592895620619,0.5510661986346725
0.11374407582938388,0.7589424572317263,0.5503186196402209
0.11374407582938388,0.7589875357810986,0.5502467601240002
0.11374407582938388,0.7597764103951135,0.548281089963877
0.11532385466034756,0.7597764103951135,0.548257952479881
0.11532385466034756,0.7599792638672888,0.5478876935599367
0.11690363349131122,0.7599792638672888,0.547848681771986
0.11690363349131122,0.7603173529875809,0.5474633790299913
0.11848341232227488,0.7603173529875809,0.5474421258454261
0.11848341232227488,0.76049766718507,0.547172302594217
0.12006319115323855,0.76049766718507,0.5471373775745669
0.12006319115323855,0.7623458877093335,0.5440010303396644
0.12164296998420221,0.7623458877093335,0.5439816379508574
0.12164296998420221,0.762593819730881,0.5432932614921043
0.12164296998420221,0.7626388982802533,0.5432659010190404
0.12164296998420221,0.7635179299930128,0.54207190305697
0.12164296998420221,0.7635630085423851,0.5419856352852708
0.12164296998420221,0.7638109405639326,0.5416481888908691
0.12164296998420221,0.7638560191133049,0.5416033091738007
0.12164296998420221,0.7640137940361079,0.5414371074917206
0.12322274881516587,0.7640137940361079,0.5414360429497501
0.12322274881516587,0.7643744224310862,0.5407783386389308
0.12480252764612954,0.7643744224310862,0.5407393586594393
0.12480252764612954,0.7644645795298307,0.540584033805707
0.1263823064770932,0.7644645795298307,0.5405790592855678
0.1263823064770932,0.7652309148691595,0.5394354840485747
0.12796208530805686,0.7652309148691595,0.5393620786222962
0.12796208530805686,0.7668988211959339,0.5368909592130136
0.12954186413902052,0.7668988211959339,0.5368825126796988
0.12954186413902052,0.7670340568440508,0.5366907648542932
0.13112164296998421,0.7670340568440508,0.5366336755437243
0.13112164296998421,0.7671242139427953,0.5364771836012582
0.13270142180094788,0.7671242139427953,0.536427439125371
0.13270142180094788,0.7679356278314964,0.5350250738355217
0.13428120063191154,0.7679356278314964,0.5350209777249797
0.13428120063191154,0.7679807063808687,0.5349943591417335
0.13428120063191154,0.768025784930241,0.5349356963390276
0.1358609794628752,0.768025784930241,0.5348849407089581
0.1358609794628752,0.7683187955011608,0.534487948266946
0.1358609794628752,0.7683864133252192,0.5344137468230585
0.1358609794628752,0.7694006806860956,0.5321538582208468
0.1358609794628752,0.7694457592354678,0.5321282869999275
0.1358609794628752,0.7699416232785629,0.5313329662652636
0.1358609794628752,0.7699867018279352,0.531280817005448
0.1358609794628752,0.7700092411026214,0.5312496454183995
0.13744075829383887,0.7700092411026214,0.5312177000083197
0.13744075829383887,0.7700543196519936,0.5311996619437975
0.13744075829383887,0.7701670160254243,0.5310377898838666
0.13902053712480253,0.7701670160254243,0.5309889425149512
0.13902053712480253,0.7703022516735412,0.530741389689706
0.1406003159557662,0.7703022516735412,0.5307176045320797
0.1406003159557662,0.770595262244461,0.5299657085172743
0.1406003159557662,0.7706403407938333,0.5299470352862866
0.14218009478672985,0.7706403407938333,0.5299255059452849
0.14218009478672985,0.7717447652534541,0.527760200364214
0.14375987361769352,0.7717447652534541,0.5277596733229166
0.14375987361769352,0.7726012576915274,0.526383469643812
0.14533965244865718,0.7726237969662136,0.5263805696233607
0.14533965244865718,0.7727590326143304,0.5261717195345006
0.14691943127962084,0.7727590326143304,0.5261335907859555
0.14691943127962084,0.7734352108549147,0.5250545902516174
0.1484992101105845,0.7734352108549147,0.5250001149000475
0.1484992101105845,0.7741113890954989,0.5236051293535767
0.1500789889415482,0.7741113890954989,0.5235381088167594
0.1500789889415482,0.7748326458854554,0.522081122971412
0.15165876777251186,0.7748326458854554,0.5220353935922659
0.15165876777251186,0.7749904208082584,0.5218588343015648
0.15323854660347552,0.7749904208082584,0.5218477040215291
0.15323854660347552,0.7750805779070029,0.5217073213883966
0.15481832543443919,0.7751031171816891,0.5216561824859568
0.15481832543443919,0.7753961277526089,0.521271256311391
0.15481832543443919,0.7754412063019812,0.5212467592429245
0.15481832543443919,0.7769964162553249,0.5186122643530471
0.15481832543443919,0.7770414948046972,0.5185743214550309
0.15481832543443919,0.77749228029842,0.5177853272691175
0.15639810426540285,0.77749228029842,0.517756774989807
0.15639810426540285,0.7776725944959091,0.517583287824627
0.1579778830963665,0.7776725944959091,0.5175774585712684
0.1579778830963665,0.7786643225820993,0.5157286503732834
0.15955766192733017,0.7786643225820993,0.5156627431684366
0.15955766192733017,0.7796785899429757,0.5141555214737665
0.15955766192733017,0.7797462077670341,0.5140957180516009
0.15955766192733017,0.7799941397885816,0.5136137022954828
0.16113744075829384,0.7799941397885816,0.5136088711298479
0.16113744075829384,0.7803322289088737,0.5128348859686274
0.1627172195892575,0.7803322289088737,0.5127696696876682
0.1627172195892575,0.7815493497419254,0.5106315292104584
0.1627172195892575,0.7815944282912975,0.5105983645328016
0.1627172195892575,0.7816620461153561,0.5104918604160761
0.1627172195892575,0.7817071246647282,0.5103814656304749
0.1627172195892575,0.7819550566862759,0.5100293138862959
0.1627172195892575,0.7820001352356482,0.5099955744408718
0.1627172195892575,0.7824959992787432,0.509275324612177
0.1627172195892575,0.7825410778281154,0.5092479439695278
0.1627172195892575,0.782608695652174,0.5091710791304539
0.16429699842022116,0.782608695652174,0.5090769493154862
0.16429699842022116,0.78263123492686,0.5090544404575987
0.16429699842022116,0.7826763134762323,0.5090343834567606
0.16429699842022116,0.7828566276737214,0.5087000983737594
0.16429699842022116,0.7829017062230937,0.5086504281379938
0.16429699842022116,0.7831947167940135,0.5082463901463654
0.16587677725118483,0.7831947167940135,0.5082299573626647
0.16587677725118483,0.7833074131674442,0.5079537640495239
0.16587677725118483,0.7833524917168165,0.5078706975050421
0.16587677725118483,0.7834651880902472,0.5076426989650249
0.1674565560821485,0.7834651880902472,0.5076412864365881
0.1674565560821485,0.7836455022877363,0.5074678116890566
0.16903633491311215,0.7836455022877363,0.5074593960965668
0.16903633491311215,0.7837807379358532,0.5073386803791493
0.16903633491311215,0.7838258164852255,0.5073230725981217
0.16903633491311215,0.784073748506773,0.50699107735788
0.16903633491311215,0.7841639056055176,0.5069260203023546
0.16903633491311215,0.7842766019789483,0.5067518468914636
0.17061611374407584,0.7842766019789483,0.5066991632303214
0.17061611374407584,0.7845921518245543,0.506324810322445
0.1721958925750395,0.7845921518245543,0.5063076801450263
0.1721958925750395,0.7848175445714157,0.5058488043324679
0.1721958925750395,0.784862623120788,0.5058139993028025
0.1721958925750395,0.7851330944170216,0.5053182913407117
0.17377567140600317,0.7851330944170216,0.5052815844266757
0.17377567140600317,0.7854711835373138,0.5048714964922666
0.17535545023696683,0.7854711835373138,0.5048119515886393
0.17535545023696683,0.785989586855095,0.5037855102801669
0.17535545023696683,0.7860346654044673,0.5037425131923026
0.17535545023696683,0.7862825974260148,0.5031652231433381
0.1769352290679305,0.7862825974260148,0.503134143844036
0.1769352290679305,0.786305136700701,0.5031245834507356
0.17851500789889416,0.786305136700701,0.503107228858695
0.17851500789889416,0.7865981472716208,0.5025809338018653
0.18009478672985782,0.7865981472716208,0.5025610632823169
0.18009478672985782,0.786958775666599,0.5021842249624572
0.18009478672985782,0.7870038542159713,0.5021659061918725
0.18009478672985782,0.7870940113147159,0.5020822647987124
0.18167456556082148,0.7870940113147159,0.502076076296308
0.18167456556082148,0.7871841684134605,0.5019915170242327
0.18325434439178515,0.7871841684134605,0.5019714944692952
0.18325434439178515,0.7873870218856357,0.5016680632057395
0.18325434439178515,0.787432100435008,0.5016559912777386
0.18325434439178515,0.7876349539071833,0.5011317814892128
0.1848341232227488,0.7876349539071833,0.5011130217299319
0.1848341232227488,0.7877025717312417,0.500989440131738
0.1848341232227488,0.787747650280614,0.5009119337297246
0.1848341232227488,0.7879730430274754,0.5004529247037809
0.18641390205371247,0.7879730430274754,0.5003174957529084
0.18641390205371247,0.7879955823021615,0.5001092609801916
0.18799368088467613,0.7880181215768477,0.5000960892385935
0.18799368088467613,0.7880857394009061,0.4999967823865895
0.1895734597156398,0.7880857394009061,0.49995077359088924
0.1895734597156398,0.7881082786755922,0.49989253756507535
0.19273301737756715,0.7881082786755922,0.4998309858275195
0.19273301737756715,0.7886041427186873,0.4990697110412401
0.19273301737756715,0.7886717605427457,0.4990428715570197
0.19273301737756715,0.7887619176414903,0.49890074668866835
0.19273301737756715,0.7888069961908626,0.4988769423325682
0.19273301737756715,0.789032388937724,0.49861142499583866
0.1943127962085308,0.789032388937724,0.4985668346588327
0.1943127962085308,0.7899114206504835,0.4967701472683645
0.19589257503949448,0.7899114206504835,0.49675799216440975
0.19589257503949448,0.790474902517637,0.4957361534922702
0.19589257503949448,0.7905199810670093,0.49572547262501454
0.19589257503949448,0.7905875988910677,0.4956638017987169
0.19589257503949448,0.7913990127797688,0.49448437382012145
0.19589257503949448,0.7914440913291411,0.49447141827559526
0.19589257503949448,0.7914666306038272,0.4944501992743604
0.19589257503949448,0.7915117091531995,0.49443592741809256
0.19589257503949448,0.7916469448013163,0.49428413143495137
0.19589257503949448,0.7916920233506886,0.49424149112433136
0.19589257503949448,0.7917821804494332,0.49411103007187346
0.19589257503949448,0.7918272589988055,0.4940816936207783
0.19589257503949448,0.7929767620077985,0.49216635167493916
0.19589257503949448,0.7930218405571708,0.4921249908002986
0.19589257503949448,0.7930894583812292,0.49209212650024786
0.19747235387045814,0.7930894583812292,0.4920791035207653
0.19747235387045814,0.7934275475015214,0.4914185161385691
0.1990521327014218,0.7934275475015214,0.49139336447979254
0.1990521327014218,0.7944192755877116,0.49031061225946226
0.1990521327014218,0.7944643541370838,0.4902892260770768
0.1990521327014218,0.7945319719611423,0.4902805450233663
0.1990521327014218,0.7945770505105145,0.4902425800223548
0.1990521327014218,0.7959068677169968,0.4881492897751082
0.20063191153238547,0.7959068677169968,0.48814105226212406
0.20063191153238547,0.7960646426397998,0.4879455120746285
0.20221169036334913,0.7960646426397998,0.48790325785520633
0.20221169036334913,0.7961322604638583,0.48786724906769363
0.20221169036334913,0.7961773390132305,0.487865301914322
0.20221169036334913,0.7964252710347781,0.4873846809461362
0.2037914691943128,0.7964252710347781,0.48732114949984257
0.2037914691943128,0.7973493812969099,0.48594322715330124
0.20537124802527645,0.7973493812969099,0.4859370945160389
0.20537124802527645,0.7980255595374941,0.48530066607309513
0.20695102685624012,0.7980255595374941,0.48527858952139297
0.20695102685624012,0.7981157166362386,0.48520359901337495
0.20853080568720378,0.7981157166362386,0.4850578004908287
0.20853080568720378,0.7981833344602971,0.4849795288485056
0.21011058451816747,0.7981833344602971,0.48497379677659
0.21011058451816747,0.7990849054477427,0.4836078299022664
0.21169036334913113,0.7990849054477427,0.48360134621249007
0.21169036334913113,0.7991074447224288,0.48359949343217434
0.2132701421800948,0.7991074447224288,0.48354682938919147
0.2132701421800948,0.7993779160186625,0.4829946741039251
0.21484992101105846,0.7993779160186625,0.48298542151399754
0.21484992101105846,0.8003020262807943,0.4816412732532791
0.21642969984202212,0.8003020262807943,0.48161733359809217
0.21642969984202212,0.8009331259720062,0.4807830082659607
0.21800947867298578,0.8009331259720062,0.4807743399703267
0.21800947867298578,0.8013162936416706,0.48032791503338246
0.21958925750394945,0.8013162936416706,0.4801572357959625
0.21958925750394945,0.8018121576847657,0.47946834742252803
0.2211690363349131,0.8018121576847657,0.4793349484785325
0.2211690363349131,0.8026686501228391,0.47765114807173104
0.22274881516587677,0.8026686501228391,0.477576093033068
0.22274881516587677,0.8031870534406202,0.4768302581286725
0.22274881516587677,0.8032321319899925,0.4767784487332107
0.22274881516587677,0.8032772105393648,0.47674584569679707
0.22274881516587677,0.8033222890887372,0.47674446513092295
0.22274881516587677,0.8041787815268104,0.4751739230958748
0.2259083728278041,0.8041787815268104,0.4750333546807168
0.2259083728278041,0.8042914779002411,0.4748975973609409
0.22748815165876776,0.8042914779002411,0.4747838261604653
0.22748815165876776,0.8044041742736718,0.4745696621021055
0.22906793048973143,0.8044041742736718,0.4744724773446591
0.22906793048973143,0.8045168706471025,0.4743548575214135
0.22906793048973143,0.8045619491964748,0.47431702154238564
0.22906793048973143,0.8055085987332927,0.4727848480788029
0.23064770932069512,0.8055085987332927,0.4726199848232207
0.23064770932069512,0.8056663736560957,0.4724994827136085
0.23064770932069512,0.805711452205468,0.47247132617959664
0.23064770932069512,0.8064552482701106,0.4715325269683495
0.23064770932069512,0.8065003268194829,0.47149791597892343
0.23064770932069512,0.8074018978069286,0.47026588142080716
0.23064770932069512,0.807469515630987,0.4702636019935133
0.23064770932069512,0.8080104582234544,0.46958706039755543
0.23064770932069512,0.8080555367728266,0.46955184967817504
0.23064770932069512,0.8081907724209435,0.469123361179312
0.23064770932069512,0.8082358509703158,0.4691171831095815
0.23064770932069512,0.8084612437171772,0.4688205569775293
0.23222748815165878,0.8084612437171772,0.468782525838549
0.23222748815165878,0.8085063222665495,0.4687670063782182
0.23380726698262244,0.8085063222665495,0.4687402027172816
0.23380726698262244,0.808596479365294,0.4685591355044096
0.23380726698262244,0.8086640971893524,0.46855595890355306
0.23380726698262244,0.8086866364640386,0.46854163049413045
0.2353870458135861,0.8086866364640386,0.46851767311845216
0.2353870458135861,0.8087767935627832,0.46846181179299456
0.23696682464454977,0.8087767935627832,0.4684466892797628
0.23696682464454977,0.8090021863096446,0.46812608801815686
0.23696682464454977,0.8090472648590168,0.46811393929495165
0.23696682464454977,0.8092050397818198,0.4679478563028014
0.23696682464454977,0.8092726576058783,0.46794271832113243
0.23696682464454977,0.8094529718033674,0.46727799309842294
0.23854660347551343,0.8094529718033674,0.46718966000591394
0.23854660347551343,0.8099488358464625,0.46629223167261896
0.23854660347551343,0.8099939143958348,0.4662603224810678
0.23854660347551343,0.8102643856920684,0.4656718534346197
0.2401263823064771,0.8102643856920684,0.4656637952158591
0.2401263823064771,0.8103320035161269,0.4656102758447352
0.24170616113744076,0.8103320035161269,0.46552337732786514
0.24170616113744076,0.810354542790813,0.46552231441667097
0.24328593996840442,0.810354542790813,0.4654895552663022
0.24328593996840442,0.8103996213401853,0.4654399881494924
0.24486571879936808,0.8103996213401853,0.4654032664465302
0.24486571879936808,0.8105799355376744,0.46518697706108203
0.24644549763033174,0.8105799355376744,0.46517016617359236
0.24644549763033174,0.8106250140870467,0.46515286215885426
0.2480252764612954,0.8106250140870467,0.4650710178282115
0.2480252764612954,0.810670092636419,0.46497968622077074
0.24960505529225907,0.810670092636419,0.46494496446381295
0.24960505529225907,0.8110983388554557,0.4641558691002366
0.25118483412322273,0.8110983388554557,0.4641532587326252
0.25118483412322273,0.8116843599972953,0.4632475895527933
0.25118483412322273,0.8117294385466676,0.4632256572348389
0.2527646129541864,0.8117294385466676,0.46319178164123437
0.2527646129541864,0.8122478418644488,0.46276058888983035
0.25434439178515006,0.8122478418644488,0.46261979274431697
0.25434439178515006,0.812270381139135,0.462552112701434
0.2559241706161137,0.812270381139135,0.46254386829276606
0.2559241706161137,0.8122929204138211,0.46249461453757895
0.2575039494470774,0.8122929204138211,0.4624766802612683
0.2575039494470774,0.8124506953366241,0.462233945650657
0.25908372827804105,0.8124506953366241,0.4622136316297739
0.25908372827804105,0.8126760880834855,0.4618795228208142
0.26066350710900477,0.8126760880834855,0.4618510478826822
0.26066350710900477,0.8129014808303469,0.461535090023728
0.26224328593996843,0.8129014808303469,0.4613469762443726
0.26224328593996843,0.8129240201050331,0.46134289489680064
0.2638230647709321,0.8129240201050331,0.46133336292852145
0.2638230647709321,0.813577659070931,0.46055135485545984
0.2638230647709321,0.8136452768949896,0.46045067523254074
0.2638230647709321,0.813893208916537,0.460157445826702
0.26540284360189575,0.813893208916537,0.46014344348856223
0.26540284360189575,0.8144341515090044,0.4591458692158394
0.26540284360189575,0.814524308607749,0.4591435661084681
0.26540284360189575,0.8151103297495886,0.4581939284053096
0.2669826224328594,0.8151103297495886,0.458167835154276
0.2669826224328594,0.8156061937926837,0.4578810964364783
0.2669826224328594,0.815651272342056,0.45786835382831353
0.2669826224328594,0.8162147542092095,0.4569702094883363
0.2669826224328594,0.8162598327585818,0.4569427429082944
0.2669826224328594,0.8164626862307571,0.45670861709023264
0.2669826224328594,0.8165077647801294,0.45658662472666756
0.2669826224328594,0.8165528433295016,0.4564488707868286
0.2685624012638231,0.8165753826041878,0.45643666757629575
0.2685624012638231,0.8168683931751076,0.4560002081959491
0.27014218009478674,0.8168683931751076,0.4558878644591228
0.27014218009478674,0.8170036288232244,0.4555982886359387
0.2717219589257504,0.8170036288232244,0.4555788395261642
0.2717219589257504,0.8176347285144364,0.4543930636885414
0.27330173775671407,0.8176347285144364,0.454390854503326
0.27330173775671407,0.8176798070638087,0.45438353781194707
0.27330173775671407,0.8178150427119255,0.45419563671520036
0.27488151658767773,0.8178150427119255,0.45416994644229364
0.27488151658767773,0.8178601212612978,0.45410287927728954
0.27488151658767773,0.8179051998106701,0.4540986785335733
0.27488151658767773,0.8181531318322176,0.4533368521355744
0.27488151658767773,0.8182207496562761,0.45325442224150797
0.27488151658767773,0.8189194671715464,0.45195470741898996
0.2764612954186414,0.8189194671715464,0.4519216725420394
0.2764612954186414,0.8189645457209187,0.4519136381739482
0.2764612954186414,0.819821038158992,0.4501637322712993
0.27804107424960506,0.819821038158992,0.4501236149502624
0.27804107424960506,0.8201816665539703,0.44948496041229247
0.27804107424960506,0.8202718236527149,0.4494163549819572
0.27804107424960506,0.8204746771248901,0.44902810825466277
0.2796208530805687,0.8204746771248901,0.4490187006897895
0.2796208530805687,0.8205648342236347,0.44886519626786414
0.2812006319115324,0.8205648342236347,0.44885214678294205
0.2812006319115324,0.8207451484211238,0.44849248234803857
0.2812006319115324,0.8207902269704961,0.44845240117719015
0.2812006319115324,0.8209254626186129,0.448091091760742
0.28278041074249605,0.8209254626186129,0.44806958891872467
0.28278041074249605,0.8215340230351388,0.4473662989162653
0.2843601895734597,0.8215340230351388,0.4473066502149739
0.2843601895734597,0.8217143372326279,0.4470756140166885
0.2859399684044234,0.8217143372326279,0.4470523729246047
0.2859399684044234,0.821736876507314,0.44698607270219365
0.28751974723538704,0.821736876507314,0.4469580193169753
0.28751974723538704,0.8217819550566863,0.44695477329600064
0.28751974723538704,0.8218044943313724,0.4469454870171537
0.28751974723538704,0.8218495728807447,0.44693150814216664
0.28751974723538704,0.8223905154732121,0.4462144237740772
0.28751974723538704,0.8224355940225844,0.44618834017428793
0.28751974723538704,0.8224806725719567,0.44614846160575855
0.28751974723538704,0.8225257511213289,0.4461328384167493
0.28751974723538704,0.8225933689453874,0.4460011053679401
0.2890995260663507,0.8225933689453874,0.4459757074189382
0.2890995260663507,0.8226609867694458,0.44596763681775875
0.2890995260663507,0.8236301755809498,0.4443088985769322
0.29067930489731436,0.823652714855636,0.44428176317083484
0.29067930489731436,0.8236977934050083,0.4441864031063782
0.292259083728278,0.8236977934050083,0.4441733865048958
0.292259083728278,0.8237654112290667,0.44407495514057377
0.2938388625592417,0.8237654112290667,0.44395509993321414
0.2938388625592417,0.8238555683278113,0.44388726601283374
0.2938388625592417,0.8239006468771835,0.4438290058075481
0.2938388625592417,0.8242838145468478,0.4434242332927076
0.29541864139020535,0.8242838145468478,0.4434091828566153
0.29541864139020535,0.8247346000405706,0.4427253118760605
0.29541864139020535,0.8247796785899429,0.44261352331417214
0.29541864139020535,0.8265828205648342,0.4398993871150719
0.29541864139020535,0.8266729776635788,0.439866255982917
0.29541864139020535,0.8267405954876372,0.43972851531891166
0.29541864139020535,0.8267856740370095,0.4397215574464164
0.296998420221169,0.8267856740370095,0.4396620317307641
0.296998420221169,0.8268082133116956,0.4396164056152956
0.2985781990521327,0.8268082133116956,0.43958801528500535
0.2985781990521327,0.8268532918610679,0.4395827896929908
0.2985781990521327,0.8269209096851263,0.43943704021335056
0.2985781990521327,0.8269659882344986,0.4393695020385033
0.2985781990521327,0.8274618522775937,0.43850390482019663
0.3001579778830964,0.8274618522775937,0.4384603789342609
0.3001579778830964,0.8275745486510244,0.43837891558415654
0.30173775671406006,0.8275745486510244,0.4383529764851979
0.30173775671406006,0.8276196272003967,0.4383449090250922
0.30173775671406006,0.8277774021231997,0.4380933800354267
0.3033175355450237,0.8277774021231997,0.43804270729123546
0.3033175355450237,0.8284085018144116,0.4370437754869555
0.3033175355450237,0.8284986589131562,0.4370370975851308
0.3033175355450237,0.828633894561273,0.4367669766379415
0.3033175355450237,0.8286789731106453,0.43675100901311537
0.3033175355450237,0.8287240516600176,0.4366947062223262
0.3048973143759874,0.8287240516600176,0.4366647971813185
0.3048973143759874,0.8290621407803097,0.43608429938369836
0.3048973143759874,0.829107219329682,0.43606823046681703
0.3048973143759874,0.8291973764284265,0.43595342522890557
0.30647709320695105,0.8291973764284265,0.43594308427589
0.30647709320695105,0.8294453084499741,0.43535351523391397
0.3080568720379147,0.8294453084499741,0.43534623082778123
0.3080568720379147,0.8298510153943246,0.43487698549243503
0.3080568720379147,0.8298960939436969,0.43480627178773623
0.3080568720379147,0.8304370365361643,0.4340401094399435
0.30963665086887837,0.8304370365361643,0.43391768412222925
0.30963665086887837,0.8305046543602227,0.433722304591146
0.31121642969984203,0.8305271936349088,0.4336258177103419
0.31121642969984203,0.8311132147767485,0.4324793682882223
0.3127962085308057,0.8311132147767485,0.43243061483664424
0.3127962085308057,0.8312033718754931,0.4323673333014502
0.3127962085308057,0.8312484504248653,0.4323670088884368
0.3127962085308057,0.8314963824464129,0.43193876895864414
0.315955766192733,0.8314963824464129,0.4319019423329117
0.3175355450236967,0.8315414609957852,0.4318847569342612
0.3175355450236967,0.8315865395451575,0.4317788975165553
0.31911532385466035,0.8315865395451575,0.43168302476966336
0.31911532385466035,0.8320598643135664,0.4306515729647605
0.31911532385466035,0.8321049428629387,0.43064732285680835
0.31911532385466035,0.8327811211035229,0.4294536500158591
0.31911532385466035,0.8328261996528952,0.42929928261388395
0.31911532385466035,0.8329388960263259,0.4291452568153693
0.320695102685624,0.8329388960263259,0.429129118038533
0.320695102685624,0.8331417494985012,0.4288300793528672
0.3222748815165877,0.8331417494985012,0.4288055404719549
0.3222748815165877,0.8335023778934794,0.4281595184235339
0.32385466034755134,0.8335023778934794,0.42815050827258316
0.32385466034755134,0.8335474564428517,0.42809852100257323
0.32385466034755134,0.833592534992224,0.4280963867648833
0.325434439178515,0.833592534992224,0.4280061793228117
0.325434439178515,0.8336826920909685,0.4279356618858491
0.32701421800947866,0.8336826920909685,0.42792800082084276
0.32701421800947866,0.834561723803728,0.42660811125614834
0.32701421800947866,0.8346068023531003,0.4265976342916281
0.32701421800947866,0.8348096558252756,0.4263505531014216
0.3285939968404423,0.8348096558252756,0.4263380693096785
0.3285939968404423,0.8352829805936844,0.4252428416164225
0.3285939968404423,0.8353280591430567,0.4251776766093424
0.3285939968404423,0.835373137692429,0.42516415109768946
0.3285939968404423,0.8354182162418013,0.42512440481509567
0.330173775671406,0.8354182162418013,0.4250901400594433
0.330173775671406,0.8354858340658597,0.42501938081552726
0.330173775671406,0.835530912615232,0.42494909615327314
0.330173775671406,0.8358915410102102,0.4243576085700335
0.33175355450236965,0.8358915410102102,0.42433470125461425
0.33175355450236965,0.8359140802848964,0.42432178294520234
0.3333333333333333,0.8359140802848964,0.4242431945667954
0.3333333333333333,0.8361845515811301,0.4236514821216808
0.334913112164297,0.8361845515811301,0.42357462093931847
0.334913112164297,0.8362070908558162,0.42357409832511445
0.3380726698262243,0.8362070908558162,0.4234655649341882
0.3380726698262243,0.8362521694051885,0.4234593731515536
0.3380726698262243,0.8364324836026776,0.4232646831594492
0.3380726698262243,0.8365451799761083,0.42322846743873865
0.3380726698262243,0.8365902585254806,0.42320355283455713
0.3380726698262243,0.8366353370748529,0.4231253202881697
0.3380726698262243,0.8369959654698311,0.4222876768309377
0.3380726698262243,0.8370410440192034,0.42222558256126247
0.3380726698262243,0.837288976040751,0.42165956238514724
0.3380726698262243,0.8373340545901233,0.4215956974673985
0.3380726698262243,0.8376496044357292,0.4210423060869063
0.3380726698262243,0.8376946829851015,0.42102821186333494
0.3380726698262243,0.8379876935560213,0.4204943575260316
0.33965244865718797,0.8379876935560213,0.4204713459699462
0.33965244865718797,0.8383934005003719,0.4197675577757975
0.34281200631911535,0.8383934005003719,0.41972872808023465
0.34281200631911535,0.8386187932472333,0.41953410826983395
0.344391785150079,0.8386187932472333,0.4195195728138848
0.344391785150079,0.8390245001915838,0.41849796919911086
0.344391785150079,0.8390695787409561,0.4184743282235107
0.344391785150079,0.8392048143890729,0.4184125486366997
0.344391785150079,0.8392498929384452,0.4183939725861855
0.344391785150079,0.8394978249599928,0.41783751698492844
0.3459715639810427,0.8394978249599928,0.41781052412189584
0.3459715639810427,0.8404670137714968,0.41626375186525677
0.3459715639810427,0.8405120923208691,0.4161953050518959
0.3459715639810427,0.8409177992652196,0.41568104209916834
0.3459715639810427,0.8410079563639642,0.41561266859202106
0.3459715639810427,0.8421799986476435,0.413923125674547
0.34913112164297,0.8421799986476435,0.41391049830034377
0.34913112164297,0.8425406270426218,0.41319171426550844
0.35071090047393366,0.8425406270426218,0.4131851132805265
0.35071090047393366,0.8425857055919941,0.4130710862159777
0.35071090047393366,0.8426307841413664,0.413039586299835
0.35071090047393366,0.843059030360403,0.4122618398303876
0.35071090047393366,0.8431041089097753,0.41225443847069254
0.35071090047393366,0.8431717267338337,0.41220633651831096
0.35071090047393366,0.843216805283206,0.4122017211159083
0.35071090047393366,0.8433069623819506,0.41210468706433334
0.35071090047393366,0.843374580206009,0.4120335553066018
0.3522906793048973,0.843374580206009,0.41201364593937756
0.3522906793048973,0.8434196587553813,0.411989980643653
0.3522906793048973,0.8434647373047536,0.4119106797773339
0.3522906793048973,0.8434872765794397,0.41190961814784927
0.3522906793048973,0.843532355128812,0.4118638360933612
0.3522906793048973,0.8442536119187685,0.41090318462185393
0.353870458135861,0.8442536119187685,0.41088090932882854
0.353870458135861,0.8443437690175131,0.4107757672313292
0.35545023696682465,0.8443437690175131,0.4107223386888949
0.35545023696682465,0.8448847116099804,0.4099527068324658
0.3570300157977883,0.8448847116099804,0.40994773155154873
0.3570300157977883,0.8452228007302724,0.4096448037383647
0.358609794628752,0.8452228007302724,0.40963120723685054
0.358609794628752,0.8453580363783894,0.40942103581129685
0.358609794628752,0.8454031149277617,0.4094209057570328
0.358609794628752,0.8460567538936598,0.4085308876340922
0.358609794628752,0.8461018324430319,0.4085247712811524
0.358609794628752,0.8461919895417765,0.4082410563543629
0.36018957345971564,0.8461919895417765,0.4082153043362469
0.36018957345971564,0.8465075393873825,0.40765762305040837
0.36018957345971564,0.8465751572114409,0.4075936709452181
0.3617693522906793,0.8465751572114409,0.4075851855248708
0.3617693522906793,0.8470484819798499,0.40686007430790067
0.36334913112164297,0.8470484819798499,0.4068255056501657
0.36334913112164297,0.8474541889242004,0.40636898078759476
0.36334913112164297,0.8475218067482588,0.40636168208721185
0.36334913112164297,0.8476119638470034,0.40627617109098396
0.36334913112164297,0.8476570423963757,0.4062176212344129
0.36334913112164297,0.8480176707913539,0.40581672184252254
0.36492890995260663,0.8480176707913539,0.40580961462182363
0.36492890995260663,0.8483782991863322,0.4053566039284816
0.3665086887835703,0.8483782991863322,0.40533669319290494
0.3665086887835703,0.8484008384610183,0.4053019197956244
0.3665086887835703,0.8484459170103906,0.40528342324194666
0.36808846761453395,0.8484684562850767,0.405249922188939
0.36808846761453395,0.8485811526585074,0.4050602686787259
0.3696682464454976,0.8485811526585074,0.40505318906753307
0.3696682464454976,0.8490544774269164,0.40436051051635735
0.3696682464454976,0.8490995559762887,0.4043420188731467
0.3696682464454976,0.8493024094484639,0.4041005574625854
0.3712480252764613,0.8493024094484639,0.4040557379926554
0.3712480252764613,0.8494151058218946,0.40384983766495597
0.3712480252764613,0.8494827236459531,0.4038404471040606
0.3712480252764613,0.8498658913156175,0.4032120321578001
0.3712480252764613,0.8499109698649897,0.40317952296827375
0.3712480252764613,0.8499785876890482,0.403156728697488
0.37282780410742494,0.8499785876890482,0.4031340309602009
0.37282780410742494,0.8504744517321433,0.40253304143994395
0.37282780410742494,0.8505195302815155,0.4025248318601029
0.37282780410742494,0.8505420695562017,0.40252431865262056
0.37282780410742494,0.8506547659296324,0.4024812855878819
0.37282780410742494,0.8507900015777492,0.40230728849641884
0.3744075829383886,0.8507900015777492,0.4022676132690045
0.3744075829383886,0.8509477765005522,0.4019415766284996
0.3744075829383886,0.8509928550499245,0.4019324765362167
0.3744075829383886,0.8510604728739829,0.40190378515061304
0.3744075829383886,0.8511055514233552,0.40186900528265485
0.3744075829383886,0.8514211012689612,0.4015805672356084
0.3744075829383886,0.8515337976423919,0.40147098084789096
0.3744075829383886,0.8524128293551514,0.40015115819068986
0.37756714060031593,0.8524128293551514,0.40006729232383703
0.37756714060031593,0.8527734577501296,0.3997027380071743
0.3791469194312796,0.8527734577501296,0.3996915690127573
0.3791469194312796,0.8529763112223049,0.39950293548039095
0.3791469194312796,0.8530664683210494,0.39946964666399204
0.3791469194312796,0.8533369396172831,0.39913733207014174
0.3791469194312796,0.8533820181666554,0.3991320052012301
0.3791469194312796,0.8540807356819258,0.39798966956492915
0.3807266982622433,0.8540807356819258,0.3979728481466404
0.3807266982622433,0.8541258142312981,0.3979380134514021
0.382306477093207,0.8541483535059842,0.39792520435542955
0.382306477093207,0.8542385106047288,0.3978663565979071
0.382306477093207,0.8542835891541011,0.39785026390691786
0.382306477093207,0.8543061284287872,0.3978355682371259
0.382306477093207,0.8543512069781595,0.3978220540807772
0.382306477093207,0.854441364076904,0.3977564582214336
0.38388625592417064,0.854441364076904,0.3977280106834288
0.38388625592417064,0.8545540604503347,0.39755533158727435
0.3854660347551343,0.8545540604503347,0.3975288295810964
0.3854660347551343,0.854599138999707,0.3975039070699921
0.3854660347551343,0.8546667568237654,0.3974875754626381
0.3854660347551343,0.8548245317465684,0.3973031286550747
0.3854660347551343,0.8548696102959407,0.39728180866011054
0.3854660347551343,0.8556584849099556,0.39668745259555294
0.3854660347551343,0.8557035634593279,0.3966430835160604
0.3854660347551343,0.8557711812833863,0.39655942464415983
0.38704581358609796,0.8557711812833863,0.39654969165224
0.38704581358609796,0.8558162598327586,0.3964962655543102
0.3886255924170616,0.8558162598327586,0.3964840311039888
0.3886255924170616,0.8560867311289923,0.39610970462191597
0.3886255924170616,0.8561543489530506,0.39601511515818094
0.3886255924170616,0.8566276737214596,0.3956609059568444
0.3886255924170616,0.856672752270832,0.3956373834850588
0.3886255924170616,0.8572362341379854,0.3946776913424573
0.3886255924170616,0.8573038519620438,0.3946280117369799
0.3886255924170616,0.8573940090607884,0.3944857746406955
0.3902053712480253,0.8573940090607884,0.39442551922890445
0.3902053712480253,0.8579349516532558,0.39385090329552186
0.39178515007898895,0.8579349516532558,0.39384070144121197
0.39178515007898895,0.8584082764216647,0.39327196101827333
0.39178515007898895,0.858453354971037,0.39326643002276696
0.39178515007898895,0.8599409471003223,0.3917414729806887
0.39178515007898895,0.8599860256496946,0.39173921066898926
0.39178515007898895,0.8604368111434174,0.3912618661242392
0.3933649289099526,0.8604368111434174,0.391253847512856
0.3933649289099526,0.8608199788130818,0.3906984761108949
0.3933649289099526,0.8608650573624541,0.39067294499181304
0.3933649289099526,0.8615186963283522,0.39007650836115126
0.3949447077409163,0.8615186963283522,0.3899824642247769
0.3949447077409163,0.8616088534270967,0.38995523904390855
0.39652448657187994,0.8616088534270967,0.38994687626155333
0.39652448657187994,0.8616313927017829,0.3899466062480077
0.3981042654028436,0.8616313927017829,0.3899368812874146
0.3981042654028436,0.861653931976469,0.38992003672685677
0.39968404423380727,0.861653931976469,0.3898339897314949
0.39968404423380727,0.8616990105258413,0.3898177852004815
0.40126382306477093,0.8616990105258413,0.3898119528676033
0.40126382306477093,0.8623075709423671,0.38895805194754646
0.40126382306477093,0.8623526494917394,0.38892574063062496
0.40126382306477093,0.8627132778867176,0.38858051975112484
0.4028436018957346,0.8627132778867176,0.3885725534924362
0.4028436018957346,0.8627358171614038,0.388549349935149
0.40442338072669826,0.8627358171614038,0.3884841918381371
0.40442338072669826,0.8628259742601483,0.38831466539373294
0.40442338072669826,0.8628710528095206,0.3882975970295973
0.40442338072669826,0.8632091419298127,0.3876731176680002
0.4060031595576619,0.8632091419298127,0.3876566440623358
0.4060031595576619,0.863727545247594,0.3871157141531274
0.4060031595576619,0.8638402416210247,0.38711033305319664
0.4060031595576619,0.8641783307413168,0.38667945508086893
0.4060031595576619,0.864223409290689,0.38664902761789255
0.4060031595576619,0.8643135663894336,0.3865567209723014
0.4060031595576619,0.864381184213492,0.3865242029378106
0.4060031595576619,0.8650799017287624,0.38593136718578797
0.4060031595576619,0.8651249802781347,0.3858623177859061
0.4060031595576619,0.865170058827507,0.385853573241497
0.4060031595576619,0.8652151373768792,0.38584390465240337
0.4060031595576619,0.8653052944756238,0.3858013892921626
0.4060031595576619,0.8653729122996822,0.3858003883787061
0.4060031595576619,0.865981472716208,0.385170941833426
0.4060031595576619,0.8660265512655803,0.3851696585822953
0.4060031595576619,0.8665449545833616,0.38459042467218696
0.4060031595576619,0.8665900331327338,0.38458519583808853
0.4060031595576619,0.8668830437036537,0.38430176210347916
0.4075829383886256,0.8669055829783398,0.3843003833751562
0.4075829383886256,0.8674690648454932,0.3838699021860416
0.4075829383886256,0.8675141433948655,0.3838203756838685
0.4075829383886256,0.8676268397682962,0.3837989312488795
0.40916271721958924,0.8676268397682962,0.3837433314298859
0.40916271721958924,0.8677620754164131,0.38363658246876114
0.4107424960505529,0.8677620754164131,0.38362886864384843
0.4107424960505529,0.8678747717898438,0.38355313365967536
0.4107424960505529,0.867919850339216,0.3834716868389592
0.4107424960505529,0.8679649288885883,0.3833560297282669
0.4107424960505529,0.8680100074379606,0.38331788758062235
0.4107424960505529,0.8681903216354497,0.38321464909231556
0.41232227488151657,0.8681903216354497,0.38321170338396837
0.41232227488151657,0.8683480965582527,0.38316586665752067
0.41232227488151657,0.8684382536569973,0.38314249434622677
0.41232227488151657,0.8689791962494647,0.38256509059970817
0.41390205371248023,0.8689791962494647,0.382557136980133
0.41390205371248023,0.8691369711722676,0.38241785205271484
0.4154818325434439,0.8691369711722676,0.382369496757483
0.4154818325434439,0.8693172853697568,0.382234324074896
0.4154818325434439,0.8693849031938152,0.38220377369865977
0.4154818325434439,0.8696328352153627,0.3819846251318479
0.4154818325434439,0.869677913764735,0.38193280776592764
0.4154818325434439,0.8699033065115964,0.38165845945045707
0.4154818325434439,0.8699483850609687,0.38164466674372355
0.41706161137440756,0.8699483850609687,0.3816302833319427
0.41706161137440756,0.870151238533144,0.38152684371110646
0.41706161137440756,0.8701963170825163,0.3815149711857323
0.41706161137440756,0.870309013455947,0.3813555562579324
0.41706161137440756,0.8703540920053193,0.38130425198495627
0.41706161137440756,0.8709175738724728,0.38088623601933663
0.41706161137440756,0.8709626524218451,0.3808739330173864
0.41706161137440756,0.8711655058940203,0.3807299320336234
0.41706161137440756,0.8712105844433926,0.3807020965706955
0.41706161137440756,0.8715486735636847,0.3803636778002873
0.41706161137440756,0.871593752113057,0.38035095418994674
0.41706161137440756,0.8717740663105461,0.3801627103521044
0.4186413902053712,0.8717740663105461,0.38015845752374783
0.4186413902053712,0.8719318412333491,0.3799868535570235
0.42022116903633494,0.8719318412333491,0.379978222936094
0.42022116903633494,0.8719994590574075,0.37995965670699955
0.42022116903633494,0.8720445376067798,0.3799569663767304
0.42022116903633494,0.8721797732548967,0.3798204393750431
0.42022116903633494,0.8722248518042689,0.3798012161932288
0.42022116903633494,0.8725178623751888,0.37944685472168577
0.42022116903633494,0.872562940924561,0.37940426393941334
0.42022116903633494,0.8726080194739333,0.3793522206656469
0.4218009478672986,0.8726080194739333,0.37930857341833385
0.4218009478672986,0.872720715847364,0.37924252135733266
0.4218009478672986,0.8728108729461086,0.3792198285415745
0.4218009478672986,0.8730137264182839,0.37906082672082836
0.4218009478672986,0.8730588049676561,0.3790422799443466
0.4218009478672986,0.8732391191651453,0.3787825276872837
0.42338072669826227,0.8732391191651453,0.37877413807529564
0.42338072669826227,0.873351815538576,0.37862462620044235
0.42338072669826227,0.8733968940879483,0.37858868316329736
0.42338072669826227,0.8735546690107512,0.37844596665332997
0.42496050552922593,0.8735546690107512,0.37842243859119873
0.42496050552922593,0.8736673653841819,0.3783464802982968
0.4265402843601896,0.8736673653841819,0.37832779929706695
0.4265402843601896,0.8740279937791602,0.3780080820511724
0.4265402843601896,0.8741181508779048,0.3779640958043376
0.4265402843601896,0.8742083079766493,0.3778430196167772
0.42812006319115326,0.8742083079766493,0.3778197965844886
0.42812006319115326,0.875109878964095,0.37718161419996304
0.4296998420221169,0.875109878964095,0.377181093958946
0.4296998420221169,0.8752225753375257,0.3771515989163371
0.4312796208530806,0.8752225753375257,0.3771456992086472
0.4312796208530806,0.8753127324362702,0.3770908442928897
0.43285939968404424,0.8753127324362702,0.37706883626119087
0.43285939968404424,0.8756959001059346,0.376663383622445
0.43285939968404424,0.8757409786553069,0.3766588490338506
0.43285939968404424,0.8765974710933803,0.375771845088115
0.4344391785150079,0.8765974710933803,0.3757590865862268
0.4344391785150079,0.8769580994883585,0.37537967695083485
0.43601895734597157,0.8769580994883585,0.375359601430085
0.43601895734597157,0.8774765028061396,0.37481533681681856
0.43601895734597157,0.877521581355512,0.3747931873207602
0.43601895734597157,0.8775441206301982,0.3747829765327572
0.43601895734597157,0.8776117384542566,0.37477710652495205
0.43601895734597157,0.8779498275745486,0.3745552612263367
0.43601895734597157,0.878017445398607,0.37454292167619424
0.43601895734597157,0.8783555345188991,0.3742887782029323
0.43601895734597157,0.8784006130682714,0.3742729735739232
0.43601895734597157,0.8786936236391913,0.3739405836674308
0.43759873617693523,0.8786936236391913,0.37393306942845
0.43759873617693523,0.8789640949354249,0.3737479896865425
0.43759873617693523,0.8790091734847972,0.37374656266516587
0.43759873617693523,0.8790767913088556,0.3737117881351061
0.43759873617693523,0.8791218698582279,0.3737069058580083
0.43759873617693523,0.8792120269569725,0.3735442014743906
0.43759873617693523,0.8792571055063448,0.3735430385957841
0.4391785150078989,0.8792571055063448,0.37354104280195277
0.4391785150078989,0.8796402731760092,0.3731778040626788
0.4391785150078989,0.8796853517253814,0.373145950113657
0.4391785150078989,0.8798882051975567,0.3729329298949291
0.44075829383886256,0.8798882051975567,0.3729183043353154
0.44075829383886256,0.8801812157684765,0.37269221943130965
0.44075829383886256,0.8802713728672211,0.3726564833206576
0.44075829383886256,0.880406608515338,0.3725150774593522
0.44075829383886256,0.8804516870647102,0.37250633634509145
0.44075829383886256,0.8805193048887687,0.37247621649045426
0.44075829383886256,0.8805643834381409,0.3724669006689258
0.44075829383886256,0.8811053260306083,0.37210747933337057
0.4423380726698262,0.8811053260306083,0.3721056588725027
0.4423380726698262,0.8811278653052945,0.3721046152470014
0.4423380726698262,0.8811729438546667,0.37209155901607843
0.4423380726698262,0.8813081795027836,0.37205187748457047
0.4423380726698262,0.8813532580521559,0.372010368032065
0.4423380726698262,0.8816462686230757,0.37174470405099885
0.4423380726698262,0.8817589649965064,0.37172227990732426
0.4423380726698262,0.8817815042711925,0.3717165974635682
0.4423380726698262,0.8818265828205648,0.37170355482486694
0.4423380726698262,0.8821646719408569,0.37150452885929436
0.4423380726698262,0.8822097504902292,0.3715031499545599
0.4423380726698262,0.8823449861383461,0.3713954196322945
0.4439178515007899,0.8823449861383461,0.37138936087037333
0.4439178515007899,0.8823675254130322,0.3713532552231956
0.4439178515007899,0.8824126039624045,0.3713489824841462
0.4439178515007899,0.8825703788852075,0.3710757160132848
0.4439178515007899,0.8826154574345798,0.37107159302755416
0.4439178515007899,0.8829986251042441,0.3707797203151997
0.4439178515007899,0.8830887822029887,0.3707787028638681
0.4439178515007899,0.8834944891473392,0.37036906729205266
0.44549763033175355,0.8834944891473392,0.3703491055913451
0.44549763033175355,0.8835395676967115,0.3703108934140188
0.44549763033175355,0.8835846462460838,0.37028890545558313
0.44549763033175355,0.8838776568170036,0.3700602110178149
0.4470774091627172,0.8838776568170036,0.37005130879248016
0.4470774091627172,0.8839452746410621,0.3700346184609611
0.4470774091627172,0.8839903531904343,0.3699948009188163
0.4470774091627172,0.884103049563865,0.3699372721065653
0.4470774091627172,0.8841932066626096,0.369895615658446
0.4470774091627172,0.8843509815854126,0.3697804782523043
0.4470774091627172,0.8843960601347849,0.3697757927547072
0.4470774091627172,0.8846439921563324,0.36961373931664987
0.4470774091627172,0.8847116099803908,0.3696120851416681
0.4470774091627172,0.8847566885297631,0.36956258312073254
0.4470774091627172,0.8848468456285077,0.3695554830314961
0.4470774091627172,0.8851623954741137,0.3693304367287079
0.4470774091627172,0.8852074740234859,0.369326894326821
0.4470774091627172,0.8859061915387563,0.36878552015576543
0.4470774091627172,0.8859512700881286,0.3687846861950409
0.4470774091627172,0.886492212680596,0.3683572620682746
0.45023696682464454,0.886492212680596,0.3683319698956706
0.45023696682464454,0.886649987603399,0.36823807462573244
0.45023696682464454,0.8866950661527712,0.3682375274600226
0.4518167456556082,0.8866950661527712,0.3682357241063004
0.4518167456556082,0.8871233123718079,0.3678513279564091
0.45339652448657186,0.8871233123718079,0.3678240546573489
0.45339652448657186,0.8872360087452386,0.3677490368281481
0.4549763033175355,0.8872360087452386,0.3677163867545951
0.4549763033175355,0.8875515585908446,0.36749540997626834
0.4549763033175355,0.8875966371402169,0.3674651971347667
0.4549763033175355,0.8876417156895892,0.3674606645230235
0.4549763033175355,0.8877318727883337,0.3674597684758119
0.4565560821484992,0.8877318727883337,0.367440037255829
0.4565560821484992,0.887776951337706,0.36741157362232885
0.4565560821484992,0.8880699619086257,0.36714634560230414
0.4565560821484992,0.888115040457998,0.3671453269250574
0.45813586097946285,0.888115040457998,0.367132954742958
0.45813586097946285,0.8883629724795457,0.36698841056180714
0.4597156398104265,0.8883629724795457,0.3669843579662536
0.4597156398104265,0.8883855117542317,0.36691968309749223
0.46129541864139023,0.8883855117542317,0.36691231755361686
0.46129541864139023,0.8885432866770347,0.36682326622896066
0.46129541864139023,0.8886109045010931,0.36682274532226683
0.46129541864139023,0.8890842292695021,0.36649377727066773
0.46129541864139023,0.8891293078188743,0.3664845388295222
0.46129541864139023,0.889399779115108,0.36628303519882194
0.46129541864139023,0.8894448576644803,0.36627638845961336
0.46129541864139023,0.8895350147632249,0.3661420983384156
0.4628751974723539,0.8895350147632249,0.3661311470537291
0.4628751974723539,0.8899181824328893,0.365881938790869
0.46445497630331756,0.8899181824328893,0.3658506636600969
0.46445497630331756,0.8900984966303784,0.3656904865606165
0.46445497630331756,0.8901435751797507,0.3656367784885154
0.46445497630331756,0.8907746748709626,0.3653167254706047
0.4660347551342812,0.8907746748709626,0.365315308152792
0.4660347551342812,0.8907972141456488,0.36530619375054285
0.4676145339652449,0.8907972141456488,0.36530177269149705
0.4676145339652449,0.8909775283431379,0.365216678070792
0.4676145339652449,0.8910226068925102,0.36517570858077414
0.4676145339652449,0.8910902247165686,0.36516722580383737
0.46919431279620855,0.8910902247165686,0.36515497240433337
0.46919431279620855,0.891157842540627,0.36510442260123066
0.4707740916271722,0.8911803818153132,0.365044019904723
0.4707740916271722,0.8921721099015034,0.3645027112467993
0.4707740916271722,0.8922171884508756,0.36450067294020394
0.4707740916271722,0.8923073455496202,0.3644166518779007
0.47235387045813587,0.8923073455496202,0.36435415450433084
0.47235387045813587,0.8928257488674014,0.36403097520354244
0.47393364928909953,0.8928257488674014,0.3639671104585622
0.47393364928909953,0.8932765343611243,0.36365728523098917
0.47393364928909953,0.8933216129104965,0.36365527145768495
0.47393364928909953,0.8934117700092411,0.3636114946680065
0.4755134281200632,0.8934117700092411,0.36359362550144547
0.4755134281200632,0.8934568485586134,0.3635212481742938
0.4755134281200632,0.8935470056573579,0.3634969771044068
0.4755134281200632,0.8939301733270223,0.36328063966116403
0.4755134281200632,0.8939752518763946,0.36326967999115306
0.4755134281200632,0.8942908017220006,0.3629934584836636
0.4755134281200632,0.8943358802713729,0.3629825450521975
0.4755134281200632,0.8945387337435481,0.3628888781280438
0.4755134281200632,0.8945838122929204,0.3628269736293547
0.4755134281200632,0.8947190479410373,0.3627025848504987
0.4755134281200632,0.8947641264904095,0.3626910497874136
0.4755134281200632,0.8947866657650957,0.36267715367684583
0.47709320695102686,0.8947866657650957,0.3626635098161306
0.47709320695102686,0.8951247548853878,0.3624238121458845
0.4786729857819905,0.8951472941600739,0.3623477065936109
0.4786729857819905,0.8959812473234612,0.36182404459518075
0.4786729857819905,0.8960263258728334,0.3617931287712371
0.4786729857819905,0.8961841007956364,0.3616689998616612
0.4802527646129542,0.8961841007956364,0.36163904219224224
0.4802527646129542,0.8964094935424978,0.36148278801455414
0.4802527646129542,0.8964771113665563,0.36143800958491656
0.4802527646129542,0.897243446705885,0.36078580530309606
0.48183254344391785,0.897243446705885,0.3607836974408476
0.48183254344391785,0.8975139180021187,0.3605392759605634
0.48183254344391785,0.897558996551491,0.36051363544270104
0.48183254344391785,0.8976266143755494,0.3604926974384252
0.48183254344391785,0.8976716929249217,0.3604880901068931
0.48183254344391785,0.8977393107489801,0.3604358658767199
0.48183254344391785,0.8977843892983524,0.36043335823760175
0.48183254344391785,0.8978520071224108,0.3603500545219292
0.48183254344391785,0.8978970856717831,0.3603411332817193
0.48183254344391785,0.8980999391439584,0.3602190187961868
0.48183254344391785,0.8981675569680168,0.360218254615023
0.48183254344391785,0.8982351747920752,0.3601987595216784
0.4834123222748815,0.8982351747920752,0.3601762929185925
0.4834123222748815,0.8982802533414475,0.3601393828073702
0.4834123222748815,0.8983929497148782,0.3599836594322042
0.4849921011058452,0.8984605675389365,0.35998304131854136
0.4849921011058452,0.8985507246376812,0.3599387124859202
0.4849921011058452,0.8986408817364258,0.3599257782840756
0.48657187993680884,0.8986408817364258,0.35986072632335436
0.48657187993680884,0.8990916672301486,0.35939745796176276
0.48657187993680884,0.8991367457795209,0.35939648122382417
0.48657187993680884,0.8994072170757546,0.3592286187656306
0.4881516587677725,0.8994072170757546,0.3592230116866172
0.4881516587677725,0.8997002276466743,0.3589493926387046
0.48973143759873616,0.8997002276466743,0.3589174049435089
0.48973143759873616,0.8998805418441634,0.3588583861614524
0.48973143759873616,0.8999256203935357,0.35885454844086756
0.48973143759873616,0.899970698942908,0.35881362708048986
0.48973143759873616,0.9000157774922803,0.35879181850863456
0.48973143759873616,0.900128473865711,0.35862963390902985
0.48973143759873616,0.9001735524150832,0.3586073729551543
0.48973143759873616,0.9002862487885139,0.35842404612745354
0.48973143759873616,0.9003313273378862,0.35841986003411375
0.48973143759873616,0.9007144950075506,0.3581176019433755
0.4913112164296998,0.9007144950075506,0.358106684912869
0.4913112164296998,0.901097662677215,0.35781618747267574
0.4928909952606635,0.901097662677215,0.3578057664671007
0.4928909952606635,0.9013005161493903,0.35773706417089196
0.49447077409162715,0.9013005161493903,0.35770373307798137
0.49447077409162715,0.9018639980165438,0.3572197019044887
0.4960505529225908,0.9018639980165438,0.35720970911884053
0.4960505529225908,0.9022697049608943,0.35691501608787823
0.4976303317535545,0.9022697049608943,0.3568977917624104
0.4976303317535545,0.9024049406090112,0.3567933966666269
0.49921011058451814,0.9024049406090112,0.35678809263146943
0.49921011058451814,0.9024500191583835,0.35676818518013015
0.49921011058451814,0.9025627155318142,0.3567613732143413
0.49921011058451814,0.9026077940811865,0.35674552949604155
0.49921011058451814,0.9026754119052449,0.3567410873735302
0.49921011058451814,0.9027655690039894,0.3566883511525484
0.5007898894154819,0.9027655690039894,0.35667773099353267
0.5007898894154819,0.9027881082786756,0.3566280709909084
0.5023696682464455,0.9027881082786756,0.3565899099678041
0.5023696682464455,0.9033065115964568,0.35620462692789107
0.5023696682464455,0.9033741294205152,0.3562014337656182
0.5023696682464455,0.9035093650686321,0.35612179207874534
0.5023696682464455,0.9035544436180044,0.3561163375241383
0.5023696682464455,0.9036671399914351,0.3560116236479767
0.5039494470774092,0.9036896792661212,0.3559752670550665
0.5039494470774092,0.9037347578154935,0.35595992682715305
0.5039494470774092,0.9040953862104717,0.35566081621363416
0.5055292259083728,0.9040953862104717,0.3556461499586948
0.5055292259083728,0.904140464759844,0.35561801786044817
0.5055292259083728,0.9041855433092163,0.35560333061888777
0.5055292259083728,0.9049744179232312,0.35484456933962266
0.5071090047393365,0.9049744179232312,0.35482042125217556
0.5071090047393365,0.9049969571979174,0.3547658915963912
0.5086887835703001,0.9049969571979174,0.35473181724295216
0.5086887835703001,0.9050194964726035,0.35468853881419854
0.5102685624012638,0.9050194964726035,0.3546857652627667
0.5102685624012638,0.9050645750219758,0.3546718874712252
0.5102685624012638,0.9051096535713481,0.35466817542679235
0.5102685624012638,0.9052674284941511,0.35456363149587106
0.5102685624012638,0.9053125070435233,0.3545565241715776
0.5102685624012638,0.9053801248675818,0.3545403001823899
0.5118483412322274,0.9053801248675818,0.35453384170828733
0.5118483412322274,0.9054477426916402,0.35448300512584635
0.5134281200631912,0.9054702819663263,0.3544756864482259
0.5134281200631912,0.905582978339757,0.3543898594615961
0.5150078988941548,0.905582978339757,0.3543418324769369
0.5150078988941548,0.9056280568891293,0.35433161972576493
0.5150078988941548,0.9059210674600492,0.35411793145627174
0.5150078988941548,0.9059661460094214,0.35408800484824565
0.5150078988941548,0.9061915387562828,0.35376691950020667
0.5150078988941548,0.9062366173056551,0.3537663979277377
0.5150078988941548,0.9064169315031442,0.35362816951316745
0.5150078988941548,0.9065070886018888,0.3536278248238644
0.5150078988941548,0.9065747064259472,0.3535868842529113
0.5150078988941548,0.9066874027993779,0.3535132030942256
0.5165876777251185,0.9066874027993779,0.353457115502157
0.5165876777251185,0.9069127955462393,0.35329833794831783
0.5165876777251185,0.9069578740956116,0.3532467344244824
0.5165876777251185,0.9070029526449839,0.3532304034036353
0.5165876777251185,0.9070480311943562,0.3531947345149683
0.5165876777251185,0.9071156490184146,0.3531142642075527
0.5165876777251185,0.9071607275677869,0.3530995140308267
0.5165876777251185,0.9072283453918453,0.3530171632861172
0.5181674565560821,0.9072283453918453,0.3530003790241733
0.5181674565560821,0.9074762774133929,0.3528683120667848
0.5197472353870458,0.9074762774133929,0.3528641579855972
0.5197472353870458,0.9076115130615097,0.3526386477502599
0.5213270142180095,0.9076115130615097,0.35260950593118007
0.5213270142180095,0.9080172200058602,0.3521566613671941
0.5229067930489731,0.9080172200058602,0.3521106264404041
0.5229067930489731,0.9080848378299187,0.3520218569936147
0.5244865718799369,0.9080848378299187,0.35202141914273904
0.5244865718799369,0.9082876913020939,0.3518666120230993
0.5260663507109005,0.9082876913020939,0.3518445253463451
0.5260663507109005,0.9097076656073207,0.3506190368482681
0.5260663507109005,0.909752744156693,0.3506161749948731
0.5260663507109005,0.9102260689251019,0.3502627369447555
0.5260663507109005,0.9102711474744742,0.35025519044473424
0.5260663507109005,0.9103613045732188,0.3501369152274872
0.5276461295418642,0.9103838438479049,0.35012597558182734
0.5276461295418642,0.9107444722428832,0.34986970181424676
0.5276461295418642,0.9107895507922555,0.349860381338149
0.5276461295418642,0.9108346293416277,0.3497480829060837
0.5276461295418642,0.910879707891,0.349732994726951
0.5276461295418642,0.9111727184619199,0.34954873295901207
0.5292259083728278,0.9111727184619199,0.3495424551331151
0.5292259083728278,0.911510807582212,0.3492305055827244
0.5292259083728278,0.9115558861315843,0.34920882049931734
0.5292259083728278,0.9117362003290734,0.3490033593478571
0.5292259083728278,0.9117812788784457,0.348953015478931
0.5292259083728278,0.9123898392949715,0.34822463488385275
0.5308056872037915,0.9123898392949715,0.3482177072089843
0.5308056872037915,0.9125025356684022,0.3481009031800732
0.5323854660347551,0.9125250749430883,0.3480591169923478
0.5323854660347551,0.9130209389861834,0.3475234614751957
0.5323854660347551,0.9131561746343003,0.3474225961421557
0.5323854660347551,0.9135168030292785,0.34707958762648966
0.5323854660347551,0.9135618815786508,0.34702523703082117
0.5323854660347551,0.9136069601280231,0.3469440280196812
0.5339652448657188,0.9136069601280231,0.34692481297286853
0.5339652448657188,0.9136294994027092,0.34691288622103694
0.5355450236966824,0.9136520386773953,0.34690579996597765
0.5355450236966824,0.9138774314242568,0.34672125938489745
0.5355450236966824,0.913922509973629,0.346704462177184
0.5355450236966824,0.914080284896432,0.34656045336750363
0.5355450236966824,0.9141704419951766,0.34654835731312067
0.5355450236966824,0.9152297879054252,0.3456492994001441
0.5355450236966824,0.9152748664547975,0.34564297069051503
0.5355450236966824,0.9153650235535421,0.3455775081349584
0.5355450236966824,0.9154101021029143,0.34550131233700576
0.5355450236966824,0.9154326413776005,0.3454748816699184
0.5355450236966824,0.9154777199269728,0.34547033597230625
0.5355450236966824,0.9155002592016589,0.34546054270667576
0.5371248025276462,0.9155002592016589,0.34544558777254325
0.5371248025276462,0.9155904163004035,0.34536042489606245
0.5387045813586098,0.9155904163004035,0.345360242021232
0.5387045813586098,0.9156580341244619,0.3453467830580983
0.5387045813586098,0.9157031126738342,0.3453421279501659
0.5387045813586098,0.9159735839700679,0.3450176859493892
0.5402843601895735,0.9159735839700679,0.3450145539508512
0.5402843601895735,0.9162215159916154,0.3448680448084527
0.5418641390205371,0.9162215159916154,0.34480993734901316
0.5418641390205371,0.9163342123650461,0.3446528839541957
0.5418641390205371,0.9163792909144184,0.3446497188372757
0.5418641390205371,0.9165596051119075,0.34442688892393647
0.5434439178515008,0.9165596051119075,0.3443514442259695
0.5434439178515008,0.9170103906056303,0.3439534524313701
0.5434439178515008,0.9170554691550026,0.34394135730863196
0.5450236966824644,0.9170554691550026,0.3439149081503251
0.5450236966824644,0.9172357833524917,0.3436799339100319
0.5466034755134281,0.9172357833524917,0.34365162341444394
0.5466034755134281,0.9176640295715284,0.34334740317368667
0.5481832543443917,0.9176640295715284,0.3433313562235135
0.5481832543443917,0.9176865688462146,0.34330636379829726
0.5497630331753555,0.9176865688462146,0.34330604837538004
0.5497630331753555,0.9180922757905651,0.3428525981374056
0.5497630331753555,0.9181373543399374,0.34284867062766694
0.5497630331753555,0.9181598936146235,0.3428469448096291
0.5513428120063191,0.9181824328893097,0.3428349690785439
0.5513428120063191,0.9182500507133681,0.34275357615049384
0.5513428120063191,0.9182951292627404,0.3427490464115474
0.5513428120063191,0.9187684540311493,0.34224761436111717
0.5513428120063191,0.9188135325805216,0.3422390799738955
0.5513428120063191,0.9189713075033246,0.3421432307149854
0.5529225908372828,0.9189713075033246,0.34210879196159794
0.5529225908372828,0.9190163860526969,0.3420486334928956
0.5545023696682464,0.9190163860526969,0.34199308958926883
0.5545023696682464,0.9194671715464197,0.3416817871736225
0.5545023696682464,0.919512250095792,0.3416557493084948
0.5545023696682464,0.9197827213920257,0.341408700734078
0.5545023696682464,0.9198277999413979,0.34134949960286987
0.5545023696682464,0.9198728784907702,0.3413147021283462
0.5560821484992101,0.9198728784907702,0.34127262604833813
0.5560821484992101,0.9208420673022742,0.340168340397414
0.5560821484992101,0.9208871458516465,0.3400767575896293
0.5560821484992101,0.9213153920706831,0.33952124136742334
0.5576619273301737,0.9213153920706831,0.33946681009938595
0.5576619273301737,0.9213830098947415,0.3394305297978735
0.5592417061611374,0.9213830098947415,0.3394069561149664
0.5592417061611374,0.9215858633669168,0.3392040737710676
0.5592417061611374,0.9216534811909752,0.33918784261441787
0.5592417061611374,0.9225325129037347,0.3382462924883713
0.5608214849921012,0.9225325129037347,0.3381743550129293
0.5608214849921012,0.92273536637591,0.3379395363224462
0.5624012638230648,0.92273536637591,0.3379335385093504
0.5639810426540285,0.9228255234746546,0.33792331116689844
0.5639810426540285,0.9229382198480853,0.337873123698563
0.5655608214849921,0.9229382198480853,0.33786014783631835
0.5655608214849921,0.9232537696936912,0.3374628623756589
0.5671406003159558,0.9232537696936912,0.33742737561047065
0.5671406003159558,0.9236369373633556,0.3370193382280592
0.5671406003159558,0.9236820159127279,0.3369986689459289
0.5671406003159558,0.924493429801429,0.3359947201311885
0.5687203791469194,0.9245385083508013,0.335987904189909
0.5687203791469194,0.9245835869001735,0.33598690880734255
0.5687203791469194,0.9246061261748597,0.3359620224124172
0.5703001579778831,0.9246061261748597,0.335955100670615
0.5703001579778831,0.9247188225482904,0.33570070985264616
0.5703001579778831,0.9247639010976627,0.3356894398094688
0.5703001579778831,0.9248540581964072,0.33552160503318446
0.5718799368088467,0.9248540581964072,0.3354842535608165
0.5718799368088467,0.9249442152951518,0.3351570367244503
0.5718799368088467,0.9249892938445241,0.3351197315445614
0.5718799368088467,0.9254175400635608,0.33444268184454734
0.5718799368088467,0.925462618612933,0.33441668248727746
0.5734597156398105,0.9255076971623053,0.3344023368509109
0.5734597156398105,0.9256880113597944,0.3343574850296919
0.5734597156398105,0.9257330899091667,0.3343285463572169
0.5734597156398105,0.926251493226948,0.3339124663466104
0.5734597156398105,0.9262965717763202,0.33389818759938367
0.5734597156398105,0.9265670430725539,0.3337817611297346
0.5734597156398105,0.9266121216219262,0.33368027765742975
0.5734597156398105,0.9267022787206708,0.33359217224119553
0.5750394944707741,0.9267022787206708,0.33356184918784854
0.5750394944707741,0.9267698965447292,0.3335548310938555
0.5750394944707741,0.927220682038452,0.33306663865921576
0.5750394944707741,0.9272657605878243,0.33295656575272775
0.5750394944707741,0.9274460747853134,0.33277151331138016
0.5766192733017378,0.9274460747853134,0.33276581034739167
0.5766192733017378,0.927536231884058,0.33258114024881474
0.5781990521327014,0.927536231884058,0.33257675602808656
0.5781990521327014,0.9276038497081164,0.33247075481173555
0.5781990521327014,0.9276489282574887,0.3324570441374827
0.5781990521327014,0.9277165460815471,0.33243336051099615
0.5781990521327014,0.9277616246309194,0.33240016679410567
0.5781990521327014,0.9278743210043501,0.33220372656706737
0.5797788309636651,0.9278743210043501,0.3322028824811922
0.5797788309636651,0.9280771744765254,0.3319365747011352
0.5813586097946287,0.9280771744765254,0.33191710131815005
0.5813586097946287,0.9283701850474452,0.3315586487304415
0.5829383886255924,0.9283701850474452,0.3315414396655017
0.5829383886255924,0.9284828814208759,0.33145290049194914
0.584518167456556,0.9284828814208759,0.3314490921953995
0.584518167456556,0.9288435098158542,0.3310565051745009
0.5876777251184834,0.9288435098158542,0.33101374027666275
0.5876777251184834,0.9288885883652264,0.3309925103615913
0.5892575039494471,0.9288885883652264,0.33095248293701973
0.5892575039494471,0.9291815989361463,0.3307049353101259
0.5908372827804107,0.9291815989361463,0.3306043208611908
0.5908372827804107,0.9292717560348908,0.33053538751720346
0.593996840442338,0.9292717560348908,0.3304273860899428
0.593996840442338,0.9293393738589493,0.3303572518352077
0.5955766192733017,0.9293393738589493,0.3303434561999875
0.5955766192733017,0.9294971487817522,0.3301444553620582
0.5971563981042654,0.9294971487817522,0.3301286963977418
0.5971563981042654,0.9296323844298691,0.3299768244910536
0.5971563981042654,0.9296774629792414,0.3299401822658997
0.5971563981042654,0.9297000022539275,0.32992006891814274
0.5987361769352291,0.9297000022539275,0.32989622827436615
0.5987361769352291,0.9297901593526721,0.3297506709843759
0.6003159557661928,0.9297901593526721,0.32969077332500607
0.6003159557661928,0.9298803164514166,0.3296835179507446
0.6003159557661928,0.930579033966687,0.3281052148310711
0.6018957345971564,0.930579033966687,0.327969688872289
0.6018957345971564,0.9308495052629207,0.3275320984699865
0.6034755134281201,0.9308495052629207,0.32749838334514225
0.6034755134281201,0.9311875943832127,0.3269213212295553
0.6034755134281201,0.931232672932585,0.3268910280565181
0.6050552922590837,0.931232672932585,0.32668905318601094
0.6050552922590837,0.9314806049541325,0.3262445354947484
0.6066350710900474,0.9314806049541325,0.32618302433298524
0.6066350710900474,0.9322469402934613,0.3248768994806134
0.6066350710900474,0.9322920188428336,0.3248606664342467
0.608214849921011,0.9322920188428336,0.3247938432113155
0.608214849921011,0.9323821759415782,0.32469005149505564
0.6097946287519748,0.9323821759415782,0.3246755955703708
0.6097946287519748,0.9324272544909504,0.3246514519529237
0.6097946287519748,0.9324948723150089,0.3245544891367386
0.6113744075829384,0.9324948723150089,0.32454555032601146
0.6113744075829384,0.9326075686884396,0.32423344857576075
0.6129541864139021,0.9326075686884396,0.3242001836677962
0.6129541864139021,0.9329681970834178,0.3234940667057167
0.6129541864139021,0.9330132756327901,0.32349312633471516
0.6129541864139021,0.9338472287961773,0.32249890270224385
0.6145339652448657,0.9338472287961773,0.3224179669156236
0.6145339652448657,0.9345234070367615,0.3213770655387479
0.6145339652448657,0.9345684855861338,0.3213696710210503
0.6145339652448657,0.9350192710798566,0.3207194712202602
0.6161137440758294,0.9350192710798566,0.320677014058702
0.6161137440758294,0.9350868889039151,0.32052815199028073
0.617693522906793,0.9350868889039151,0.3205059199204621
0.617693522906793,0.9351319674532873,0.32048574320439444
0.6192733017377567,0.9351319674532873,0.32047258047457955
0.6192733017377567,0.9351770460026596,0.32039597824080857
0.6208530805687204,0.935244663826718,0.3203646660589802
0.6208530805687204,0.9355827529470102,0.3198451719493827
0.6224328593996841,0.9355827529470102,0.3198304885851113
0.6224328593996841,0.9356278314963824,0.31982493972407045
0.6224328593996841,0.9358306849685577,0.31958844530223707
0.6240126382306477,0.9358306849685577,0.31950358046873667
0.6240126382306477,0.9359884598913607,0.31933091821511506
0.6255924170616114,0.9359884598913607,0.31928555827812416
0.6255924170616114,0.9363040097369667,0.3190098731370007
0.627172195892575,0.9363040097369667,0.3190082394285158
0.627172195892575,0.9364843239344558,0.31845946549968107
0.6287519747235387,0.9364843239344558,0.31839065236660274
0.6287519747235387,0.9368224130547479,0.3176915691602938
0.6303317535545023,0.9368224130547479,0.31768698792534733
0.6303317535545023,0.9372731985484707,0.3165567395990409
0.631911532385466,0.9372731985484707,0.3164885025116757
0.631911532385466,0.9374309734712737,0.31632616825211896
0.6334913112164297,0.9374309734712737,0.3162940746146911
0.6334913112164297,0.9379944553384272,0.3150254466169793
0.6350710900473934,0.9379944553384272,0.31499409552781327
0.6350710900473934,0.9385804764802669,0.31390671990385066
0.636650868878357,0.9385804764802669,0.31382661273215895
0.636650868878357,0.938918565600559,0.31315132243412985
0.6382306477093207,0.938918565600559,0.3131181289272909
0.6382306477093207,0.9392115761714788,0.31198330358300524
0.6382306477093207,0.9392566547208511,0.3119484287180507
0.6382306477093207,0.9393017332702234,0.3118716978128642
0.6398104265402843,0.9393017332702234,0.31186536622968997
0.6398104265402843,0.9394144296436541,0.3116528378911804
0.6398104265402843,0.9394595081930264,0.3116009027695719
0.6398104265402843,0.9398877544120631,0.31041090482712025
0.641390205371248,0.9398877544120631,0.31038713845075494
0.641390205371248,0.9402258435323552,0.309768012451673
0.6429699842022117,0.9402483828070413,0.3097557776450227
0.6445497630331753,0.9402483828070413,0.3097477765470435
0.6445497630331753,0.940518854103275,0.30921178152945333
0.6461295418641391,0.940518854103275,0.30920501636335035
0.6461295418641391,0.9405864719273334,0.3089120919476063
0.6477093206951027,0.9405864719273334,0.3088713338417196
0.6477093206951027,0.9406315504767057,0.3088371243156036
0.6477093206951027,0.940676629026078,0.3088007009584605
0.6477093206951027,0.9416458178375819,0.30699792494588196
0.6492890995260664,0.9416458178375819,0.3069959753756991
0.6492890995260664,0.9416683571122682,0.3069196930912754
0.6492890995260664,0.9417134356616405,0.30684473816001007
0.6492890995260664,0.9419388284085018,0.306519711455874
0.6492890995260664,0.9419839069578742,0.30647602583648026
0.6524486571879937,0.9419839069578742,0.3063925717886947
0.6524486571879937,0.9420289855072463,0.3062691330342637
0.6524486571879937,0.9420740640566186,0.3062393799235332
0.6540284360189573,0.9420740640566186,0.30623508730589055
0.6540284360189573,0.9422318389794216,0.30587293973136376
0.655608214849921,0.9422318389794216,0.30571150203653746
0.655608214849921,0.94229945680348,0.30553892308824115
0.6571879936808847,0.94229945680348,0.30538658346442016
0.6571879936808847,0.9423670746275384,0.30525197901664003
0.6587677725118484,0.9423670746275384,0.3051931130915578
0.6587677725118484,0.9427051637478306,0.30453803271150903
0.660347551342812,0.9427051637478306,0.30450472204728035
0.660347551342812,0.9433813419884148,0.30293619409750255
0.660347551342812,0.9434264205377871,0.3029183821442142
0.660347551342812,0.9457028872810873,0.2988402481741111
0.6619273301737757,0.9457028872810873,0.298834634859839
0.6619273301737757,0.9459508193026348,0.2981731359045065
0.665086887835703,0.9459508193026348,0.298105863067807
0.665086887835703,0.9460409764013794,0.29794252491459955
0.6666666666666666,0.9460409764013794,0.29792844155478226
0.6666666666666666,0.9461536727748101,0.2978293169125279
0.6666666666666666,0.9461987513241824,0.2977805812829074
0.6666666666666666,0.9462663691482408,0.2977576538361374
0.6666666666666666,0.9463114476976131,0.29774083140120605
0.6666666666666666,0.9463790655216715,0.29765758954319754
0.6666666666666666,0.9466495368179052,0.2969822351201124
0.6682464454976303,0.9466495368179052,0.2969632547384468
0.6682464454976303,0.948858385737147,0.2934077851695643
0.669826224328594,0.948858385737147,0.2933743986916728
0.669826224328594,0.9489034642865193,0.29330036573023377
0.6714060031595577,0.9489034642865193,0.2931354187154008
0.6714060031595577,0.9491063177586945,0.2929174638230209
0.6729857819905213,0.9491063177586945,0.2928766452091885
0.6729857819905213,0.9492415534068114,0.29264428384465896
0.674565560821485,0.9492415534068114,0.29261615752981013
0.674565560821485,0.9493091712308698,0.2924487521579015
0.6761453396524486,0.9493091712308698,0.29244728827030975
0.6761453396524486,0.9494218676043005,0.2922652347639335
0.6777251184834123,0.9494218676043005,0.29225774151672873
0.6777251184834123,0.9494669461536728,0.29221935213600675
0.6808846761453397,0.9494669461536728,0.29221743730583194
0.6808846761453397,0.9495796425271035,0.2920777569871281
0.6808846761453397,0.9496247210764758,0.291985906570765
0.6808846761453397,0.9497824959992788,0.2918599156352051
0.6824644549763034,0.9497824959992788,0.2918072072789632
0.6824644549763034,0.9502783600423739,0.2908617710421873
0.6824644549763034,0.9503459778664323,0.2908421838757961
0.6824644549763034,0.950616449162666,0.2902857109655016
0.684044233807267,0.950616449162666,0.2901971200380996
0.684044233807267,0.9510897739310749,0.28918605644622
0.6856240126382307,0.9510897739310749,0.2891702406965706
0.6856240126382307,0.9511348524804472,0.28903344140132103
0.688783570300158,0.9511348524804472,0.28896834124477777
0.688783570300158,0.9512926274032502,0.28886865725854205
0.688783570300158,0.9513377059526225,0.2888299452214771
0.688783570300158,0.95158563797417,0.28852369282269985
0.6903633491311216,0.9516081772488562,0.28843697597424767
0.6903633491311216,0.9517659521716592,0.2881175139050577
0.6903633491311216,0.9518110307210313,0.2881168141585083
0.6903633491311216,0.952058962742579,0.287648877428745
0.6919431279620853,0.952058962742579,0.28755438576664694
0.6919431279620853,0.9521265805666373,0.28737105433072796
0.6919431279620853,0.952216737665382,0.28736274570943854
0.6919431279620853,0.9523519733134987,0.2872399677532184
0.6919431279620853,0.9524421304122433,0.28718354025077064
0.6919431279620853,0.9524872089616157,0.2871308691630773
0.693522906793049,0.9524872089616157,0.2871177725318701
0.693522906793049,0.9527802195325354,0.2864478756736405
0.6966824644549763,0.9527802195325354,0.28642337012878144
0.6966824644549763,0.953681790519981,0.28452344978275035
0.69826224328594,0.953681790519981,0.28442531237324903
0.69826224328594,0.9542903509365068,0.28344860003683064
0.6998420221169036,0.9542903509365068,0.28342653908533166
0.6998420221169036,0.9544255865846237,0.2830291665794292
0.7014218009478673,0.9544255865846237,0.28296871387263595
0.7014218009478673,0.9544932044086821,0.2828486247602145
0.7030015797788309,0.9544932044086821,0.2827455477009048
0.7030015797788309,0.9545157436833682,0.2827386105055078
0.7045813586097947,0.9545157436833682,0.2827377620496475
0.7045813586097947,0.9547862149796019,0.28202026486022963
0.7061611374407583,0.9547862149796019,0.2820174851537391
0.7061611374407583,0.9549439899024049,0.2815141588084384
0.707740916271722,0.9549439899024049,0.28146182423460814
0.707740916271722,0.9550566862758356,0.28133088842642184
0.707740916271722,0.9551017648252079,0.28123456586627704
0.707740916271722,0.9553496968467555,0.2807556504244196
0.7093206951026856,0.9553496968467555,0.280630173420297
0.7093206951026856,0.9557103252417337,0.27990231500582535
0.7109004739336493,0.9557103252417337,0.2798840768706846
0.7109004739336493,0.9562287285595149,0.27879776125413036
0.7109004739336493,0.9562963463835734,0.2787578004334795
0.7109004739336493,0.9563865034823179,0.278633170930686
0.7140600315955766,0.9563865034823179,0.27832968749951625
0.7140600315955766,0.9564315820316902,0.27826515392635925
0.717219589257504,0.9564315820316902,0.2781067984632139
0.717219589257504,0.9564991998557486,0.2778903680227865
0.7187993680884676,0.9564991998557486,0.2778851925202163
0.7187993680884676,0.9577163206888002,0.2755277372200391
0.7203791469194313,0.9577163206888002,0.2754353067431998
0.7203791469194313,0.9577388599634864,0.27537292990947937
0.721958925750395,0.9577388599634864,0.2753518523954526
0.721958925750395,0.9579417134356616,0.27502440003892903
0.7235387045813586,0.9579417134356616,0.27487456752482814
0.7235387045813586,0.9580544098090923,0.27464535756584346
0.7251184834123223,0.9580544098090923,0.2746306406499402
0.7251184834123223,0.9584601167534429,0.2740669090630675
0.7266982622432859,0.9584601167534429,0.27402276657888675
0.7266982622432859,0.9585051953028152,0.2739703628966376
0.7266982622432859,0.9585502738521874,0.2739161519735145
0.7266982622432859,0.9587756665990489,0.2735449866536622
0.7266982622432859,0.9588432844231073,0.273499160127211
0.7266982622432859,0.9589109022471657,0.27343810674573554
0.7282780410742496,0.9589109022471657,0.27335877248992246
0.7282780410742496,0.9597223161358668,0.2715335265827338
0.7282780410742496,0.9598124732346113,0.271329392413668
0.7282780410742496,0.9601505623549034,0.27061715068921555
0.7298578199052133,0.9601505623549034,0.2706118033564447
0.7298578199052133,0.9601731016295896,0.27057472824062034
0.731437598736177,0.9601731016295896,0.2704291974623602
0.731437598736177,0.9603534158270787,0.2700305106307003
0.7330173775671406,0.9603534158270787,0.2699468120408702
0.7330173775671406,0.9615705366601303,0.267422440754056
0.7330173775671406,0.9616156152095026,0.2674176531004063
0.7330173775671406,0.9621114792525977,0.266523306487418
0.7345971563981043,0.9621340185272838,0.2665228331944086
0.7345971563981043,0.9624270290982037,0.26571643982817855
0.7345971563981043,0.9624721076475758,0.26566075847815945
0.7345971563981043,0.9625171861969481,0.26559480147977366
0.7361769352290679,0.9625171861969481,0.2655155610713324
0.7361769352290679,0.9628778145919265,0.2646645002913444
0.7377567140600316,0.9628778145919265,0.2646394002649854
0.7377567140600316,0.9631257466134739,0.26384447701765995
0.7377567140600316,0.9631708251628462,0.263840288821867
0.7377567140600316,0.9633511393603353,0.2635045496455869
0.7393364928909952,0.9633511393603353,0.26349515113741606
0.7393364928909952,0.9633736786350215,0.2634753889272775
0.740916271721959,0.9633736786350215,0.26337166905527937
0.740916271721959,0.9636892284806275,0.26264606157839476
0.740916271721959,0.9637343070299997,0.26257953482326885
0.740916271721959,0.963779385579372,0.262556625351083
0.7424960505529226,0.963779385579372,0.262476361979129
0.7424960505529226,0.9639146212274889,0.26233008660992485
0.7440758293838863,0.9639146212274889,0.26231848080650993
0.7440758293838863,0.964252710347781,0.2617226586846467
0.7456556082148499,0.964252710347781,0.26171297835358864
0.7456556082148499,0.9647936529402484,0.2608176267798578
0.7456556082148499,0.9648387314896206,0.2608168827690204
0.7472353870458136,0.9648387314896206,0.26078478379065523
0.7472353870458136,0.9649288885883652,0.26063587530344734
0.7472353870458136,0.9649739671377375,0.26053764502096427
0.7472353870458136,0.9650415849617959,0.2604925924954514
0.7472353870458136,0.9650866635111682,0.26048684874764394
0.7472353870458136,0.9654022133567742,0.2597300476536078
0.7488151658767772,0.9654022133567742,0.25967251677211567
0.7488151658767772,0.9665517163657673,0.25744373618302935
0.7503949447077409,0.9665517163657673,0.25740242860219953
0.7503949447077409,0.966664412739198,0.25725024557207793
0.7503949447077409,0.9667094912885703,0.2569378037112716
0.7503949447077409,0.9669348840354317,0.25669752837942944
0.7503949447077409,0.966979962584804,0.25657730295865944
0.7503949447077409,0.9670250411341763,0.25650785386588426
0.7519747235387045,0.9670250411341763,0.25650660585746693
0.7519747235387045,0.9670475804088624,0.2564877855365858
0.7535545023696683,0.9670475804088624,0.2564717904506878
0.7535545023696683,0.9681294655937972,0.25417146318761047
0.7535545023696683,0.9681745441431695,0.25415811894347146
0.7535545023696683,0.9682421619672279,0.2539336135334036
0.7551342812006319,0.9682421619672279,0.25392351282059505
0.7551342812006319,0.9690986544053012,0.25186320167954557
0.7567140600315956,0.9690986544053012,0.25181822337096205
0.7567140600315956,0.9695719791737102,0.25100142981512513
0.7582938388625592,0.9695719791737102,0.25089428866515867
0.7582938388625592,0.9700453039421192,0.25017083611055185
0.7582938388625592,0.9700903824914914,0.25016806401485525
0.7582938388625592,0.9701354610408637,0.25000856467948795
0.7582938388625592,0.970180539590236,0.24998993399136343
0.7582938388625592,0.9702706966889806,0.24979279832646345
0.7598736176935229,0.9702706966889806,0.2497652063957419
0.7598736176935229,0.9704284716117836,0.24960378366788413
0.7614533965244866,0.9704284716117836,0.24956281001395206
0.7614533965244866,0.9706087858092727,0.2490711057157397
0.7630331753554502,0.9706087858092727,0.24898159017524588
0.7630331753554502,0.9706313250839588,0.24888254996434456
0.7630331753554502,0.9706764036333311,0.2488702277847212
0.7630331753554502,0.9709468749295648,0.24833438598399388
0.764612954186414,0.9709468749295648,0.24831115466914283
0.764612954186414,0.9713525818739153,0.24744991866659552
0.764612954186414,0.9713976604232876,0.24744018602513207
0.764612954186414,0.971780828092952,0.247004572094098
0.7661927330173776,0.971780828092952,0.24698902274803752
0.7661927330173776,0.9718484459170104,0.24672501451170964
0.7661927330173776,0.9718935244663827,0.24671094555486964
0.7661927330173776,0.9721865350373025,0.24637335306999802
0.7677725118483413,0.9721865350373025,0.2463602920111617
0.7677725118483413,0.9726823990803976,0.24549482099199124
0.7677725118483413,0.9727274776297699,0.2454813922147159
0.7693522906793049,0.9727274776297699,0.24545895735089146
0.7693522906793049,0.9732909594969233,0.2444882434204026
0.7709320695102686,0.9732909594969233,0.24444548092472346
0.7709320695102686,0.9733134987716096,0.24442639115907383
0.7725118483412322,0.9733134987716096,0.24438970124337145
0.7725118483412322,0.9733360380462956,0.24417746673128343
0.7725118483412322,0.973381116595668,0.24405832266047842
0.7725118483412322,0.9739896770121937,0.24326085048212703
0.7740916271721959,0.9739896770121937,0.24325672707545956
0.7740916271721959,0.9740572948362521,0.24321527399659046
0.7740916271721959,0.9741023733856244,0.24319804719686938
0.7756714060031595,0.9741023733856244,0.24312723390009305
0.7756714060031595,0.9742826875831135,0.24286399746757947
0.7772511848341233,0.9742826875831135,0.24284495130946118
0.7772511848341233,0.9746883945274641,0.242093976472869
0.7772511848341233,0.9747334730768363,0.24199617742081922
0.7772511848341233,0.9749588658236978,0.24177726316918613
0.7788309636650869,0.9749814050983839,0.24174584791164666
0.7788309636650869,0.9750490229224423,0.24171267295089577
0.7804107424960506,0.9750490229224423,0.24171209274971123
0.7804107424960506,0.9751166407465007,0.2415660186880584
0.7819905213270142,0.9751166407465007,0.24150861107154706
0.7819905213270142,0.9752067978452453,0.24137281821579662
0.7819905213270142,0.9752518763946176,0.24136076105463966
0.7819905213270142,0.9756125047895958,0.24076047466803752
0.7835703001579779,0.9756125047895958,0.24073069812341102
0.7835703001579779,0.9756575833389681,0.24066113890566337
0.7851500789889415,0.9756575833389681,0.2406340323049843
0.7851500789889415,0.9757702797123988,0.2402554471067055
0.7867298578199052,0.9757702797123988,0.24024005636579346
0.7867298578199052,0.9762436044808078,0.23927247398606605
0.7867298578199052,0.9762886830301801,0.2392602537689012
0.7867298578199052,0.9763563008542385,0.2390681167741582
0.7883096366508688,0.9763563008542385,0.23904189554517685
0.7883096366508688,0.9768296256226474,0.23835620774908647
0.7898894154818326,0.9768296256226474,0.2383432159325251
0.7898894154818326,0.9773480289404287,0.23751540463789667
0.7914691943127962,0.9773705682151148,0.23751302279580364
0.7914691943127962,0.9776635787860347,0.23690986954748794
0.7930489731437599,0.9776635787860347,0.23689251558329502
0.7930489731437599,0.9779565893569545,0.23640542497353378
0.7946287519747235,0.9779565893569545,0.2363563013598628
0.7946287519747235,0.9782270606531882,0.23582501045413332
0.7946287519747235,0.9782721392025605,0.23582405210512647
0.7946287519747235,0.9792638672887507,0.23431907381334402
0.7962085308056872,0.9792638672887507,0.23426962959033085
0.7962085308056872,0.9795568778596705,0.23379091504289637
0.7962085308056872,0.9796244956837289,0.2337833589341194
0.7962085308056872,0.9801879775508824,0.2327826729003641
0.7962085308056872,0.9802330561002547,0.23274488849306413
0.7962085308056872,0.9806162237699191,0.23199586706289996
0.7962085308056872,0.9806838415939775,0.23199207346669784
0.7962085308056872,0.9809993914395835,0.2314960770043695
0.7962085308056872,0.9810670092636419,0.23149208720081585
0.7962085308056872,0.9812247841864449,0.2312208511037433
0.7977883096366508,0.9812247841864449,0.2311563989408749
0.7977883096366508,0.9812698627358172,0.23107988800709967
0.7993680884676145,0.9812698627358172,0.23107676336282792
0.7993680884676145,0.9818558838776568,0.22980331960281916
0.7993680884676145,0.9819235017017153,0.2297930382593066
0.7993680884676145,0.9819460409764014,0.2297581397692266
0.8009478672985783,0.9819460409764014,0.22974832499583242
0.8009478672985783,0.9820136588004598,0.22969796602138534
0.8025276461295419,0.9820136588004598,0.2296735760069042
0.8025276461295419,0.9821714337232628,0.22911681926967933
0.8041074249605056,0.9821714337232628,0.22909549636643198
0.8041074249605056,0.9823968264701242,0.22862116100875218
0.8056872037914692,0.9823968264701242,0.22848185336867782
0.8056872037914692,0.9824644442941826,0.22839007813057866
0.8072669826224329,0.9824869835688688,0.22837697774495538
0.8072669826224329,0.9825320621182411,0.22824114171679716
0.8072669826224329,0.9825771406676134,0.22821451583470667
0.8072669826224329,0.9828025334144748,0.22779686355406933
0.8088467614533965,0.9828025334144748,0.22779114486123925
0.8088467614533965,0.9830955439853946,0.22720314898552824
0.8104265402843602,0.9830955439853946,0.22714893563834007
0.8104265402843602,0.9832758581828837,0.22690186820966687
0.8120063191153238,0.9832758581828837,0.22685680059204397
0.8120063191153238,0.9832983974575699,0.2268544217509872
0.8135860979462876,0.9832983974575699,0.22681658031876212
0.8135860979462876,0.983343476006942,0.22666624629775833
0.8151658767772512,0.983343476006942,0.22666204488481043
0.8151658767772512,0.9833660152816283,0.22661173092704928
0.8167456556082149,0.9833660152816283,0.22659521607341926
0.8167456556082149,0.9834110938310006,0.22648381649554386
0.8167456556082149,0.983478711655059,0.22645477112585163
0.8167456556082149,0.9838618793247234,0.22584090676223287
0.8183254344391785,0.9838618793247234,0.22580182825936077
0.8183254344391785,0.9839069578740957,0.22563833927355723
0.8199052132701422,0.9839069578740957,0.22560558497679806
0.8199052132701422,0.9843126648184461,0.22471377638917364
0.8214849921011058,0.9843126648184461,0.22467786664839995
0.8214849921011058,0.9843352040931322,0.22442599434345173
0.8230647709320695,0.9843352040931322,0.22438593735343224
0.8230647709320695,0.9847409110374828,0.22360615114631788
0.8246445497630331,0.9847409110374828,0.22359550887092533
0.8246445497630331,0.9850113823337165,0.22308802496368121
0.8262243285939969,0.9850113823337165,0.22301405061894153
0.8262243285939969,0.9853945500033809,0.2224680680894105
0.8293838862559242,0.9853945500033809,0.2224093285262829
0.8293838862559242,0.985890414046476,0.22118304397040253
0.8293838862559242,0.9859354925958482,0.22114344492490826
0.8309636650868878,0.9859354925958482,0.22110091450082706
0.8309636650868878,0.9859580318705344,0.2210182192774863
0.8309636650868878,0.9860031104199067,0.22097305060628278
0.8309636650868878,0.9860932675186512,0.2208549761988681
0.8325434439178515,0.9860932675186512,0.22084099837779655
0.8325434439178515,0.9865891315617463,0.22013227183163844
0.8341232227488151,0.9865891315617463,0.2201121217976161
0.8341232227488151,0.9867469064845493,0.21955001672108007
0.8357030015797788,0.9867469064845493,0.2194772263755237
0.8357030015797788,0.9867694457592354,0.21944163119545584
0.8357030015797788,0.9868145243086077,0.21940664471966406
0.8357030015797788,0.9869722992314107,0.21911892931834145
0.8388625592417062,0.9869722992314107,0.21895682188665294
0.8388625592417062,0.9876259381973088,0.21721609835039796
0.8404423380726699,0.9876259381973088,0.2171314591751702
0.8404423380726699,0.9878738702188563,0.21619882921473446
0.8420221169036335,0.9878738702188563,0.21618729551419777
0.8420221169036335,0.9880992629657178,0.21543072579960304
0.8436018957345972,0.9880992629657178,0.21528778565406123
0.8467614533965245,0.9880992629657178,0.2152771480583703
0.8467614533965245,0.9882570378885207,0.21492633504390174
0.8483412322274881,0.9882570378885207,0.21488065569986683
0.8483412322274881,0.9886402055581851,0.21423911339925103
0.8515007898894155,0.9886402055581851,0.21418041519138167
0.8515007898894155,0.9886852841075574,0.2139868202539554
0.8515007898894155,0.9887303626569297,0.21389968598536682
0.8515007898894155,0.9888205197556743,0.2136502371617685
0.8530805687203792,0.9888205197556743,0.21360493457028473
0.8530805687203792,0.988933216129105,0.21338060214598173
0.8546603475513428,0.988933216129105,0.21333019640721126
0.8546603475513428,0.9892487659747109,0.2127422147006038
0.8562401263823065,0.9892487659747109,0.21269603962701208
0.8562401263823065,0.9893614623481416,0.2123807359792695
0.8578199052132701,0.9893614623481416,0.2122825689237481
0.8578199052132701,0.9894966979962585,0.21184991509100815
0.8593996840442338,0.9894966979962585,0.21176481566877978
0.8593996840442338,0.9899925620393536,0.21074233768846873
0.8593996840442338,0.9900376405887259,0.21067944923593684
0.8593996840442338,0.9901052584127843,0.2104276141156168
0.8593996840442338,0.9901503369621566,0.2104151196266468
0.8593996840442338,0.9903306511596457,0.2099935434517951
0.8609794628751974,0.9903306511596457,0.20997684193823224
0.8609794628751974,0.9903982689837041,0.20986466071307483
0.8641390205371248,0.9903982689837041,0.2098280435496731
0.8641390205371248,0.990533504631821,0.20948655597958585
0.8657187993680885,0.990533504631821,0.20947624088408542
0.8657187993680885,0.9906687402799378,0.2091657076153177
0.8672985781990521,0.9906687402799378,0.2091546753711942
0.8672985781990521,0.9909392115761715,0.20858262533445432
0.8688783570300158,0.9909392115761715,0.20857536742383825
0.8688783570300158,0.9911195257736606,0.2081374259389739
0.8688783570300158,0.9911646043230329,0.20800907393593873
0.8688783570300158,0.9913899970698943,0.20750247589251586
0.8704581358609794,0.9913899970698943,0.20737716199046596
0.8704581358609794,0.9916830076408141,0.20659050744874746
0.8704581358609794,0.9917280861901864,0.20654017253152848
0.8704581358609794,0.9920436360357924,0.20596801369907936
0.8720379146919431,0.9920436360357924,0.20587179756247825
0.8720379146919431,0.9920887145851647,0.20579857237542337
0.8736176935229067,0.9920887145851647,0.20573334875964475
0.8736176935229067,0.9921788716839092,0.20559785622568982
0.8751974723538705,0.9921788716839092,0.20556760319985326
0.8751974723538705,0.9922014109585954,0.20553015842714042
0.8767772511848341,0.9922014109585954,0.20546646350688036
0.8767772511848341,0.9922464895079677,0.20527004562137974
0.8783570300157978,0.9922464895079677,0.20515192772269175
0.8783570300157978,0.9926071179029459,0.20404153285231666
0.8799368088467614,0.9926071179029459,0.20401755794276907
0.8799368088467614,0.9927648928257489,0.20359559694195897
0.8815165876777251,0.9927648928257489,0.20348805634444364
0.8815165876777251,0.9934410710663331,0.201848888565422
0.8830963665086888,0.9934410710663331,0.20169439384537258
0.8830963665086888,0.9935086888903915,0.20167611345402658
0.8830963665086888,0.9935537674397638,0.20165944237352507
0.8830963665086888,0.9936439245385084,0.20137082709099066
0.8846761453396524,0.9936439245385084,0.201355928536603
0.8846761453396524,0.9938918565600559,0.2003255116670766
0.8862559241706162,0.9938918565600559,0.20025057033593827
0.8862559241706162,0.9939594743841144,0.19988026720140628
0.8862559241706162,0.9940045529334866,0.19983035213508502
0.8862559241706162,0.9940496314828589,0.19962871320262837
0.8878357030015798,0.9940496314828589,0.19960156934266496
0.8878357030015798,0.9940721707575451,0.1995330795191189
0.8894154818325435,0.9940721707575451,0.1994591727779738
0.8894154818325435,0.9942975635044065,0.19857810941371729
0.8909952606635071,0.9942975635044065,0.19853204658169268
0.8909952606635071,0.9946131133500123,0.19776756524226224
0.8909952606635071,0.9946581918993846,0.197738623993723
0.8909952606635071,0.994703270448757,0.19748333439924248
0.8925750394944708,0.994703270448757,0.19723171605405562
0.8925750394944708,0.9947708882728153,0.1967776056568515
0.8941548183254344,0.9947708882728153,0.19677562649059777
0.8941548183254344,0.9949286631956183,0.1962628681881928
0.8957345971563981,0.9949286631956183,0.19619873857597106
0.8957345971563981,0.9950638988437353,0.1958117617375819
0.8973143759873617,0.9950638988437353,0.1957364114496893
0.8973143759873617,0.9950864381184213,0.1955922538983445
0.9004739336492891,0.9950864381184213,0.19541696062013214
0.9004739336492891,0.9953794486893411,0.1943869307882335
0.9020537124802528,0.9953794486893411,0.19434239450975271
0.9020537124802528,0.9954019879640273,0.1942634414253601
0.9036334913112164,0.9954019879640273,0.1942425097033097
0.9036334913112164,0.9955823021615164,0.19370394793674417
0.9052132701421801,0.9955823021615164,0.1935867316603771
0.9052132701421801,0.9958076949083778,0.192347508771498
0.9067930489731437,0.9958076949083778,0.19225998161096627
0.9067930489731437,0.9959203912818085,0.19187997449692681
0.9083728278041074,0.9959203912818085,0.1917716401637702
0.9083728278041074,0.9960330876552392,0.19151826855286552
0.909952606635071,0.9960330876552392,0.1914124683940811
0.909952606635071,0.9964162553249036,0.18869598508831198
0.9115323854660348,0.9964162553249036,0.18860365756705033
0.9115323854660348,0.9965289516983343,0.18827594468944434
0.9131121642969984,0.9965289516983343,0.18820771126142793
0.9131121642969984,0.9966867266211373,0.18736062003658732
0.9162717219589257,0.9966867266211373,0.1872038066640876
0.9162717219589257,0.997272747762977,0.18290718498421826
0.9178515007898894,0.997272747762977,0.18194182622723037
0.9178515007898894,0.9972952870376631,0.1815882005556139
0.9178515007898894,0.9973403655870354,0.1815723996542182
0.9178515007898894,0.9973854441364077,0.18122070024780734
0.919431279620853,0.9973854441364077,0.1809708382450586
0.919431279620853,0.9974079834110938,0.18081776910653846
0.9210110584518167,0.9974079834110938,0.18073989250584163
0.9210110584518167,0.9974530619604661,0.18066020243358277
0.9210110584518167,0.9974981405098384,0.18009196328957322
0.9225908372827805,0.9974981405098384,0.18003386802455032
0.9225908372827805,0.9976784547073275,0.17797892913105218
0.9241706161137441,0.9976784547073275,0.17788066156261595
0.9241706161137441,0.9977686118060721,0.17733497573590976
0.9257503949447078,0.9977686118060721,0.17661519570725118
0.9257503949447078,0.9980165438276196,0.17201562567214226
0.9273301737756714,0.9980165438276196,0.17184966907784235
0.9273301737756714,0.9981067009263642,0.17153249639548748
0.9289099526066351,0.9981067009263642,0.17149041561171552
0.9289099526066351,0.9981743187504226,0.1707049223207247
0.9304897314375987,0.9981743187504226,0.17042337149232226
0.9304897314375987,0.9981968580251087,0.1698778785532552
0.933649289099526,0.9981968580251087,0.16937037677528663
0.933649289099526,0.9982644758491672,0.16859788788874114
0.9352290679304898,0.9982644758491672,0.16811087631491603
0.9352290679304898,0.9984447900466563,0.16578774707749244
0.9368088467614534,0.9984447900466563,0.16556210323082407
0.9383886255924171,0.9984898685960286,0.16491918080662946
0.9383886255924171,0.9986251042441454,0.16172850363578656
0.9415481832543444,0.9986251042441454,0.16068882187789488
0.9415481832543444,0.9986701827935177,0.16020962401363897
0.943127962085308,0.9986701827935177,0.16007421481119938
0.943127962085308,0.99871526134289,0.1564180855982869
0.9447077409162717,0.99871526134289,0.1563967749781051
0.9447077409162717,0.9988054184416345,0.15309111887329016
0.9462875197472354,0.9988054184416345,0.15304206851004076
0.9462875197472354,0.9989406540897514,0.15106109036558815
0.9478672985781991,0.9989406540897514,0.1498437892205597
0.9478672985781991,0.9990082719138098,0.1457469129766119
0.9494470774091627,0.9990082719138098,0.14568961936437955
0.9494470774091627,0.9990984290125544,0.14316468297563945
0.9510268562401264,0.9990984290125544,0.14190281734874705
0.9510268562401264,0.9991660468366128,0.1409663203408819
0.9541864139020537,0.9991660468366128,0.13900428820550273
0.9541864139020537,0.9992111253859851,0.13825574165018842
0.9557661927330173,0.9992111253859851,0.1379159527067803
0.9557661927330173,0.9993463610341019,0.13676441830785013
0.9605055292259084,0.9993463610341019,0.133017883933388
0.9605055292259084,0.9994365181328465,0.12878564572316709
0.9620853080568721,0.9994365181328465,0.12864361966658383
0.9620853080568721,0.9995041359569049,0.12784379451325398
0.9636650868878357,0.9995041359569049,0.1271299633512343
0.9636650868878357,0.9995492145062772,0.12644659938750438
0.966824644549763,0.9995492145062772,0.12541162386402324
0.966824644549763,0.9996168323303356,0.12293329250433395
0.9684044233807267,0.9996168323303356,0.12204382296981495
0.9684044233807267,0.9997069894290802,0.11705567291807056
0.9684044233807267,0.9997520679784525,0.11673253953179982
0.9699842022116903,0.9997520679784525,0.11634602366869828
0.9699842022116903,0.9997746072531386,0.11401180062052868
0.976303317535545,0.9997746072531386,0.11069264750894521
0.976303317535545,0.9998196858025109,0.10525025425612897
0.9778830963665087,0.9998196858025109,0.10523922461656772
0.981042654028436,0.999842225077197,0.10467727466589932
0.981042654028436,0.9998647643518832,0.1042203025145042
0.9826224328593997,0.9998873036265693,0.10356550203212468
0.9826224328593997,0.9999098429012554,0.10307215166162713
0.9842022116903634,0.9999098429012554,0.10298549940976788
0.9842022116903634,0.9999549214506277,0.10282929773967041
0.9873617693522907,0.9999549214506277,0.0992224560869851
0.990521327014218,0.9999549214506277,0.09898720330636687
0.990521327014218,0.9999774607253139,0.09846437563960847
0.9936808846761453,0.9999774607253139,0.09727824272002711
0.9936808846761453,1.0,0.09611607897862423
0.995260663507109,1.0,0.0944646180427974
1.0,1.0,0.09036783171094752
