feature,coefficient,absolute_coefficient
text__codes,-4.832374520380965,4.832374520380965
text__better,-4.716600910751992,4.716600910751992
cat__company_grouped_Other,-4.494480746481129,4.494480746481129
text__years ago,-4.491852737130681,4.491852737130681
text__forged,-4.369355643384959,4.369355643384959
text__billing,-4.367035823403977,4.367035823403977
text__provide,4.350902636591058,4.350902636591058
text__disbursement,-4.32632477045872,4.32632477045872
text__california,-4.1090731373423734,4.1090731373423734
text__coverage,-4.098655063641905,4.098655063641905
text__principal,4.098065980551363,4.098065980551363
text__xxxx today,-3.9562349067870795,3.9562349067870795
text__calls xxxx,-3.9483055996702214,3.9483055996702214
text__visa,-3.923066340958637,3.923066340958637
text__dealer,-3.898708032423122,3.898708032423122
text__debit cards,-3.8586611477885775,3.8586611477885775
text__person,3.784646364068557,3.784646364068557
text__robinhood,-3.7729550701523253,3.7729550701523253
"cat__company_grouped_Block, Inc.",-3.738424014973597,3.738424014973597
cat__sub_issue_You never received your bill or did not know a payment was due,3.734057501534384,3.734057501534384
cat__company_grouped_Netspend Corporation,-3.725328424822447,3.725328424822447
"cat__company_grouped_BANK OF AMERICA, NATIONAL ASSOCIATION",-3.7132049476379945,3.7132049476379945
text__deposits,-3.6883627943605646,3.6883627943605646
text__fraudulent account,-3.6865499945267026,3.6865499945267026
text__earned,-3.6795128198235245,3.6795128198235245
text__atm,3.675546811856672,3.675546811856672
text__updating,-3.6748183977636577,3.6748183977636577
text__created,-3.6537391841696705,3.6537391841696705
"cat__company_grouped_Shellpoint Partners, LLC",-3.6470829654961583,3.6470829654961583
text__package,-3.636213973764226,3.636213973764226
text__hsbc,-3.625815013390049,3.625815013390049
text__citibank,-3.571593000040796,3.571593000040796
text__overdraft fee,-3.546323112117047,3.546323112117047
text__today xxxx,-3.4958098778797764,3.4958098778797764
text__took xxxx,-3.4950041855116125,3.4950041855116125
text__cut,-3.4731734711736344,3.4731734711736344
text__2500 00,-3.4368850136474682,3.4368850136474682
cat__company_grouped_TRUIST FINANCIAL CORPORATION,-3.4241531618789662,3.4241531618789662
text__2500,-3.379237385476214,3.379237385476214
text__acknowledge,-3.373143840059724,3.373143840059724
text__sheriff,-3.34280897003548,3.34280897003548
text__georgia,-3.3228414995282973,3.3228414995282973
text__suntrust,3.317738718650163,3.317738718650163
text__xxxx sent,-3.317659411192579,3.317659411192579
cat__company_grouped_WELLS FARGO & COMPANY,-3.300708284322099,3.300708284322099
text__00 card,-3.2589765115952147,3.2589765115952147
text__flagstar,3.232492909565507,3.232492909565507
text__told xxxx,3.2117289651022864,3.2117289651022864
text__15000 00,-3.208227337232698,3.208227337232698
text__15000,-3.208227337232698,3.208227337232698
text__didnt,3.1856882936722233,3.1856882936722233
text__attached,3.1813036718398995,3.1813036718398995
text__business checking,-3.169586223589506,3.169586223589506
text__option,3.156273111394399,3.156273111394399
text__accounts closed,-3.155413700621844,3.155413700621844
cat__sub_issue_Late or other fees,-3.1238966750631447,3.1238966750631447
text__bb,3.1050880996205366,3.1050880996205366
text__complaints,3.0955484149651995,3.0955484149651995
text__klarna,-3.0708247675941047,3.0708247675941047
text__incorrect,-3.0682713268444224,3.0682713268444224
text__acct,-3.0511577581894924,3.0511577581894924
text__correspondence,-3.021340507558701,3.021340507558701
text__instead,3.0179882101259374,3.0179882101259374
text__bbva,3.0132971163687037,3.0132971163687037
text__previously,-3.007851047132352,3.007851047132352
text__injury,-3.0074578311701425,3.0074578311701425
text__toyota,3.004172271440069,3.004172271440069
text__different,-2.9978678155202996,2.9978678155202996
text__capital bank,-2.996611160971443,2.996611160971443
text__account removed,-2.983952266611008,2.983952266611008
text__heard,-2.976793909974375,2.976793909974375
text__pmi,2.968163192945806,2.968163192945806
text__happy,-2.9536042381158074,2.9536042381158074
text__motor,2.953043571119816,2.953043571119816
text__daily,-2.947527183842075,2.947527183842075
text__comenity,-2.9407576036269325,2.9407576036269325
text__usual,-2.9349672091171306,2.9349672091171306
text__avant,2.9341221323277575,2.9341221323277575
text__just received,-2.9302766558230084,2.9302766558230084
cat__sub_issue_Problem with paying off the loan,2.9301690058417575,2.9301690058417575
text__corporate,2.9283598209743356,2.9283598209743356
text__proof payment,-2.9117739584128,2.9117739584128
text__amex,2.9062726577463205,2.9062726577463205
text__form,-2.89126887200692,2.89126887200692
text__penfed,2.8846008392577955,2.8846008392577955
text__long,2.882342182425021,2.882342182425021
"cat__company_grouped_LoanCare, LLC",-2.8820045753898444,2.8820045753898444
text__service rep,-2.872712340412247,2.872712340412247
text__1900,-2.8590579618489786,2.8590579618489786
text__1900 00,-2.8590579618489786,2.8590579618489786
cat__sub_issue_Changes in terms mid-deal or after closing,2.849857173999819,2.849857173999819
text__received xxxx,-2.8405230538073356,2.8405230538073356
text__boa,2.8395693366425596,2.8395693366425596
text__debt,2.8157577186849707,2.8157577186849707
text__computer,-2.795698285600819,2.795698285600819
text__opt,-2.791914053995908,2.791914053995908
text__taken account,-2.783430843625721,2.783430843625721
text__200,2.7823192412068245,2.7823192412068245
text__continue,2.7819015592262355,2.7819015592262355
text__home loan,-2.7715101830221367,2.7715101830221367
cat__company_grouped_U.S. BANCORP,2.757395123134972,2.757395123134972
text__agreed,-2.744304017989134,2.744304017989134
text__coinbase,2.741345568205725,2.741345568205725
text__gm,2.7400654238890705,2.7400654238890705
text__00 loan,-2.7323606756447605,2.7323606756447605
text__case xxxx,-2.7275899269026342,2.7275899269026342
cat__sub_issue_Problem using the card to withdraw money from an ATM,2.726467341393692,2.726467341393692
text__ditech,2.72504589246424,2.72504589246424
text__assist,-2.722228419601743,2.722228419601743
text__feel,-2.7190585430493917,2.7190585430493917
text__affect credit,-2.7186368428807612,2.7186368428807612
text__took money,-2.715712054669467,2.715712054669467
text__trading,-2.713714489959543,2.713714489959543
text__account fraud,-2.7122729701454356,2.7122729701454356
text__wallet,-2.7102036889476553,2.7102036889476553
text__complaint,2.7046701206128487,2.7046701206128487
cat__sub_product_Conventional adjustable mortgage (ARM),2.6795383004551083,2.6795383004551083
text__fully,-2.6606772941617214,2.6606772941617214
text__location,2.655753942340254,2.655753942340254
text__portfolio,-2.654845095238915,2.654845095238915
text__page,2.6524196619155873,2.6524196619155873
text__security number,-2.651216981598522,2.651216981598522
text__practices,-2.6435405707282422,2.6435405707282422
text__add,-2.63732345374232,2.63732345374232
text__reached,2.635934688281903,2.635934688281903
text__year xxxx,2.6331059329098765,2.6331059329098765
text__called xxxx,-2.62596423957071,2.62596423957071
text__voicemail,-2.6257275873105597,2.6257275873105597
text__overdrawn,-2.6256586830259607,2.6256586830259607
text__section,-2.625534209427396,2.625534209427396
text__issue,2.6146116547883596,2.6146116547883596
text__week,2.614238037745397,2.614238037745397
text__assets,-2.611834541908437,2.611834541908437
text__hyundai,2.608700518151849,2.608700518151849
text__finished,-2.60825506053395,2.60825506053395
text__bank statement,-2.606945763884187,2.606945763884187
text__400 00,-2.599657009215482,2.599657009215482
"cat__sub_issue_Excess mileage, damage, or wear fees, or other problem after the lease is finished",-2.596028893960871,2.596028893960871
text__talk,2.590089785867333,2.590089785867333
text__account wells,-2.5852671889894077,2.5852671889894077
text__credit profile,-2.584424152266782,2.584424152266782
text__investigated,-2.5832085516494483,2.5832085516494483
text__american,-2.5757188966922517,2.5757188966922517
text__weekly,2.5733476980118795,2.5733476980118795
text__main,2.568823946321699,2.568823946321699
text__forcing,-2.5662886831842417,2.5662886831842417
text__authorize,2.5657781168577176,2.5657781168577176
text__agency,-2.5634313082376496,2.5634313082376496
text__identification,-2.562404823809308,2.562404823809308
text__employee,-2.561856227250994,2.561856227250994
text__agreements,-2.561259300824662,2.561259300824662
text__unwilling,-2.558524692600486,2.558524692600486
text__paid xx,-2.558483122090719,2.558483122090719
cat__state_grouped_SD,2.5582089383034416,2.5582089383034416
text__fraudulent,2.5475280201537167,2.5475280201537167
text__pennymac,2.539698353996348,2.539698353996348
text__world,-2.5319567944217387,2.5319567944217387
text__late charges,-2.5299015988631495,2.5299015988631495
text__team,-2.526781910631367,2.526781910631367
text__refuses,2.5219543936580116,2.5219543936580116
text__money transferred,-2.5215741913114202,2.5215741913114202
text__answering,-2.517022134117929,2.517022134117929
text__line credit,2.516064815249748,2.516064815249748
text__kia,2.5157967892721183,2.5157967892721183
text__venmo,-2.515274889562485,2.515274889562485
text__profit,-2.5132738756656847,2.5132738756656847
cat__company_grouped_TD BANK US HOLDING COMPANY,2.5080233448378353,2.5080233448378353
text__wait,-2.5068615149342492,2.5068615149342492
text__hours,-2.5026640889185865,2.5026640889185865
text__indicated,2.502221486645004,2.502221486645004
text__200 00,2.499872557049746,2.499872557049746
text__available credit,-2.498824779311146,2.498824779311146
text__exeter,2.4974739955582583,2.4974739955582583
text__self,2.493153777349098,2.493153777349098
cat__company_grouped_PNC Bank N.A.,2.4862649391179494,2.4862649391179494
text__need,-2.4855835609265373,2.4855835609265373
text__fake,2.473872119550417,2.473872119550417
cat__issue_Unable to get your credit report or credit score,2.472630471135998,2.472630471135998
text__initiated,-2.4669381784391953,2.4669381784391953
text__turned,2.4648360874807262,2.4648360874807262
text__recent,2.464160449628993,2.464160449628993
cat__sub_product_Manufactured home loan,2.4561740741992066,2.4561740741992066
text__washington,-2.4532062229123492,2.4532062229123492
text__gas,2.4513342493377803,2.4513342493377803
text__allow,-2.446755404476829,2.446755404476829
text__thats,-2.443861634307275,2.443861634307275
text__account received,-2.442829947443811,2.442829947443811
text__don,-2.4419985707785115,2.4419985707785115
text__business,-2.439419743388616,2.439419743388616
text__mortgage assistance,-2.4371243955516517,2.4371243955516517
text__documents,2.4330581409783782,2.4330581409783782
text__xxxx fl,-2.425076026739766,2.425076026739766
text__extension,-2.4249853956014347,2.4249853956014347
text__inaccurate,2.424431916140399,2.424431916140399
text__bank xx,2.4235381291757,2.4235381291757
text__recorded,-2.4124552054427015,2.4124552054427015
text__course,2.408286591544754,2.408286591544754
cat__issue_Credit monitoring or identity theft protection services,2.404814869395655,2.404814869395655
text__75,-2.4044030495682733,2.4044030495682733
text__secured,-2.4043552303056535,2.4043552303056535
text__orders,2.399912257942235,2.399912257942235
text__rushmore,2.395494087857033,2.395494087857033
cat__sub_issue_Problem with customer service,2.395296977143118,2.395296977143118
text__account closed,-2.3903830245977757,2.3903830245977757
cat__sub_issue_Voluntary repossession,2.382299159076853,2.382299159076853
text__bank,2.381789527363593,2.381789527363593
text__final,2.379587040944599,2.379587040944599
text__fl,-2.3743666927298492,2.3743666927298492
text__amerisave,2.372302412165275,2.372302412165275
text__requesting,-2.367673630241587,2.367673630241587
text__important,-2.367417618928294,2.367417618928294
text__authorized,2.3654423959403386,2.3654423959403386
text__account paid,2.3648526270508015,2.3648526270508015
cat__company_grouped_DISCOVER BANK,2.3529953241526407,2.3529953241526407
text__account current,-2.3522873102006487,2.3522873102006487
text__file claim,-2.351877014571971,2.351877014571971
text__submitted xx,-2.3512391488382223,2.3512391488382223
"cat__company_grouped_TRANSUNION INTERMEDIATE HOLDINGS, INC.",2.3469386255357,2.3469386255357
text__xxxxxxxx xxxx,-2.3453624902527355,2.3453624902527355
text__closed account,-2.344636535156592,2.344636535156592
text__suspicious,-2.3421481119739087,2.3421481119739087
text__zelle,2.3421087651957357,2.3421087651957357
text__confirmation,-2.3319356180714874,2.3319356180714874
text__confirming,-2.3295974114305706,2.3295974114305706
text__discussed,-2.3287884300364547,2.3287884300364547
text__feel like,2.328196445606668,2.328196445606668
text__issues,-2.3247484723546292,2.3247484723546292
text__35 00,-2.3235981008162683,2.3235981008162683
text__affirm,2.3228018347305466,2.3228018347305466
text__according,2.3218123627965777,2.3218123627965777
text__attempt,2.3189316730214817,2.3189316730214817
cat__sub_issue_Problem with direct deposit,2.3187998212108685,2.3187998212108685
text__calling,-2.318296965919171,2.318296965919171
text__simply,-2.3148472000379274,2.3148472000379274
text__track,-2.304713158921354,2.304713158921354
text__knew,2.3035383975883135,2.3035383975883135
cat__company_grouped_NAVY FEDERAL CREDIT UNION,2.300351949652078,2.300351949652078
text__loss,2.2931147094665083,2.2931147094665083
text__granted,-2.2920584456515383,2.2920584456515383
text__western,2.2903337865405256,2.2903337865405256
text__benefit,-2.2901470129526467,2.2901470129526467
text__caused,2.2884236714421085,2.2884236714421085
text__receive refund,-2.2881842429311368,2.2881842429311368
cat__issue_Identity theft / Fraud / Embezzlement,2.28235579427755,2.28235579427755
text__benefits,-2.279629279327352,2.279629279327352
cat__sub_issue_Problem with balance transfer,2.2779311168526553,2.2779311168526553
text__character,-2.268684566105663,2.268684566105663
cat__sub_product_Home equity loan or line of credit,2.26455708165053,2.26455708165053
text__verify identity,-2.2645541437742374,2.2645541437742374
text__cover,-2.2636549262944796,2.2636549262944796
text__requested,2.2623877965499926,2.2623877965499926
text__xxxx issued,-2.257439233050429,2.257439233050429
text__transaction,2.256184344249956,2.256184344249956
cat__sub_issue_Don't want a card provided by your employer or the government,2.2557239850967146,2.2557239850967146
text__feedback,-2.250678112416064,2.250678112416064
text__debited,2.2495055165365967,2.2495055165365967
text__tax,2.247757357199588,2.247757357199588
text__title company,-2.247516433792621,2.247516433792621
text__selene,2.246467229089967,2.246467229089967
text__express,2.2360942429782464,2.2360942429782464
text__funding,-2.2320141659127746,2.2320141659127746
text__car loan,2.231443275728493,2.231443275728493
text__added,-2.2304614188044325,2.2304614188044325
text__stay,-2.225696379902136,2.225696379902136
text__notice,-2.2235555887758456,2.2235555887758456
text__know,-2.219591023496361,2.219591023496361
cat__sub_issue_Privacy issues,-2.2184092097230135,2.2184092097230135
text__lifted,-2.2167943638894547,2.2167943638894547
cat__state_grouped_PR,2.2167385629843914,2.2167385629843914
text__deducted,2.210924403893545,2.210924403893545
text__paper work,-2.210746247629583,2.210746247629583
text__digital,-2.2097901816558156,2.2097901816558156
text__servicer,-2.2045680664410088,2.2045680664410088
text__explanations,-2.203448800616492,2.203448800616492
text__loan company,-2.201286612865736,2.201286612865736
text__year received,-2.198266261938067,2.198266261938067
text__website,2.1982662454301245,2.1982662454301245
text__xxxx notified,-2.1889027834389454,2.1889027834389454
text__initial,-2.188732601733132,2.188732601733132
text__amounts,2.1870052652496095,2.1870052652496095
text__75 00,-2.1857667731415327,2.1857667731415327
text__conventional,-2.1847414061390746,2.1847414061390746
cat__product_Checking or savings account,2.1846975327079727,2.1846975327079727
cat__company_grouped_Experian Information Solutions Inc.,2.1830369111247334,2.1830369111247334
text__bitcoin,-2.1790658865261388,2.1790658865261388
text__dealership,-2.1749053998542265,2.1749053998542265
text__hardship,-2.1743478933357285,2.1743478933357285
text__money account,-2.1734173742510148,2.1734173742510148
text__account requested,-2.1701639673794353,2.1701639673794353
text__canceled,-2.1646685974416444,2.1646685974416444
text__prove,2.159750322049406,2.159750322049406
text__change,2.1593513803678555,2.1593513803678555
text__bring,2.157655178621108,2.157655178621108
text__companies,2.15452920136332,2.15452920136332
text__credit karma,-2.1506735455815154,2.1506735455815154
text__write,-2.1378678400541147,2.1378678400541147
text__refuse,2.137407373415627,2.137407373415627
text__concerned,2.1358611437454176,2.1358611437454176
text__xxxx second,-2.1355068878286114,2.1355068878286114
text__finance charge,-2.1347758787347204,2.1347758787347204
cat__sub_product_Debt settlement,-2.1311088898031443,2.1311088898031443
text__america credit,2.1310473384388837,2.1310473384388837
text__nissan,2.1256417796392526,2.1256417796392526
text__money xxxx,-2.125507691098798,2.125507691098798
text__immediately called,2.119880623012735,2.119880623012735
text__paypal,-2.118426719060018,2.118426719060018
text__trace,-2.114827285500246,2.114827285500246
text__envelope,-2.1135176585585906,2.1135176585585906
text__honda,2.113082126918704,2.113082126918704
text__karma,-2.110033515184833,2.110033515184833
text__charged overdraft,-2.1099621003855575,2.1099621003855575
text__xxxx transfer,-2.107882384408634,2.107882384408634
text__denial,2.1071578946211,2.1071578946211
text__asking,-2.1014118328680946,2.1014118328680946
text__credit reports,2.1013408466289887,2.1013408466289887
text__warning,-2.0958081848996626,2.0958081848996626
text__lied,-2.092157647221761,2.092157647221761
text__advance,2.089227262455251,2.089227262455251
cat__company_grouped_BARCLAYS BANK DELAWARE,2.0892127521659725,2.0892127521659725
"cat__product_Money transfer, virtual currency, or money service",2.087901402321086,2.087901402321086
text__stealing,2.087205053448497,2.087205053448497
text__fcra,2.0849116695085463,2.0849116695085463
text__perfect,-2.0842935398178395,2.0842935398178395
text__payments xxxx,-2.0839183472602283,2.0839183472602283
text__home insurance,-2.0776639968981954,2.0776639968981954
cat__sub_issue_Foreclosure,2.077323005674823,2.077323005674823
text__copy,-2.0767825681098806,2.0767825681098806
text__took,-2.076276512529899,2.076276512529899
text__3rd,2.072019226470342,2.072019226470342
cat__company_grouped_UNITED SERVICES AUTOMOBILE ASSOCIATION,2.0662795836300285,2.0662795836300285
text__reviewed,-2.061868170030041,2.061868170030041
text__chime,-2.061844884347255,2.061844884347255
text__paid account,-2.056251747231693,2.056251747231693
cat__sub_issue_Notice to repossess,2.054280786270006,2.054280786270006
text__cares,-2.0488568083318652,2.0488568083318652
text__income,-2.048037852908743,2.048037852908743
text__supplied,-2.0474759478344584,2.0474759478344584
text__social media,-2.0471820971491654,2.0471820971491654
text__maryland,-2.046160959401249,2.046160959401249
text__funds account,-2.046006710728477,2.046006710728477
"cat__company_grouped_Early Warning Services, LLC",-2.045359502027066,2.045359502027066
text__simple,2.0429413942415304,2.0429413942415304
text__20000,-2.040724638849394,2.040724638849394
text__20000 00,-2.040724638849394,2.040724638849394
text__suspicious activity,-2.039500824745895,2.039500824745895
text__calls,-2.0375024264277855,2.0375024264277855
text__commercial,-2.03371259807482,2.03371259807482
text__banking account,-2.0259586611536435,2.0259586611536435
text__xxxx month,-2.0238959272489185,2.0238959272489185
text__okay,2.0216714635978406,2.0216714635978406
"cat__company_grouped_CITIBANK, N.A.",2.0211975329446124,2.0211975329446124
text__process,2.020310267186246,2.020310267186246
text__promotion,-2.019707488977525,2.019707488977525
text__xxxx close,-2.0184758499025373,2.0184758499025373
text__apr,2.0157756669082683,2.0157756669082683
text__time received,-2.0149831567113687,2.0149831567113687
text__security,2.0108954889086617,2.0108954889086617
text__condition,2.0105326149516585,2.0105326149516585
text__network,2.0098716940029573,2.0098716940029573
text__log,-2.005057568584641,2.005057568584641
text__deferred,2.004708805038629,2.004708805038629
text__repairs,2.004631430399619,2.004631430399619
text__transfer xxxx,-2.0031218921097533,2.0031218921097533
text__writing,2.002780745411154,2.002780745411154
text__family,2.0025651388572254,2.0025651388572254
text__maintain,-2.002455259506481,2.002455259506481
text__late fees,-2.0014457863139867,2.0014457863139867
text__received text,-1.9915735046518772,1.9915735046518772
text__ago,-1.9913585802033895,1.9913585802033895
text__sale,1.9912200288161477,1.9912200288161477
text__documented,-1.9855866582298607,1.9855866582298607
cat__sub_issue_Termination fees or other problem when ending the lease early,-1.9845952353149605,1.9845952353149605
text__xxxx company,-1.983545675977419,1.983545675977419
text__35,-1.9831429768242974,1.9831429768242974
cat__sub_issue_Changes in loan terms during or after closing,1.9803006304906734,1.9803006304906734
text__shellpoint mortgage,-1.979410035503942,1.979410035503942
text__remaining,1.9788241666037054,1.9788241666037054
text__wouldnt,-1.976469238381777,1.976469238381777
text__home mortgage,-1.9734774614034802,1.9734774614034802
text__communications,-1.9683084249924672,1.9683084249924672
text__supposed,1.9676672910944206,1.9676672910944206
text__advertised,-1.9653018606029489,1.9653018606029489
text__value,1.9641372370620716,1.9641372370620716
text__certificate,1.9636229729878307,1.9636229729878307
text__new loan,1.9631658520844903,1.9631658520844903
cat__issue_Trouble accessing funds in your mobile or digital wallet,-1.9605553498339274,1.9605553498339274
text__card xx,1.959704024656549,1.959704024656549
text__died,-1.9566620036958091,1.9566620036958091
cat__sub_issue_Trying to communicate with the company to fix an issue with the loan closing,-1.951284343538267,1.951284343538267
text__bank america,-1.9500004270571576,1.9500004270571576
text__western union,1.942888695874249,1.942888695874249
text__soon,1.9419012382564778,1.9419012382564778
text__apply,1.9409431391311025,1.9409431391311025
text__plaintiff,-1.9378500798175184,1.9378500798175184
text__refinance,-1.9369989645882055,1.9369989645882055
text__opened new,-1.9326256570220035,1.9326256570220035
text__legally,-1.9313249390376097,1.9313249390376097
text__communicated,1.9301250730008213,1.9301250730008213
text__upgrade,1.9294048444722673,1.9294048444722673
text__rent,1.92528918390448,1.92528918390448
text__ones,1.919885861482288,1.919885861482288
text__repay,1.9165292316840856,1.9165292316840856
text__maybe,1.9136139664495904,1.9136139664495904
text__materials,-1.9134743434263741,1.9134743434263741
text__xx 19,1.913345352518966,1.913345352518966
text__alert,-1.9133389132628165,1.9133389132628165
text__gm financial,1.9131402880053348,1.9131402880053348
cat__sub_issue_Loan sold or transferred to another company,-1.912048577822787,1.912048577822787
text__xxxx told,-1.9092563240300195,1.9092563240300195
text__far,-1.908575872262846,1.908575872262846
text__claim xxxx,1.9078048135152752,1.9078048135152752
text__client,-1.9072121627473344,1.9072121627473344
text__lenders,-1.9034049696236857,1.9034049696236857
text__https,-1.9015776179098072,1.9015776179098072
text__mislead,-1.899907468957413,1.899907468957413
text__led,1.898650051633513,1.898650051633513
text__today xx,1.898301987349428,1.898301987349428
text__caught,1.896277049841745,1.896277049841745
text__estimate,-1.8949398270167421,1.8949398270167421
text__overdraft,-1.8949332112794166,1.8949332112794166
text__binance,-1.8942519643276468,1.8942519643276468
text__funds xxxx,-1.892953639170558,1.892953639170558
text__acceptance,1.8924395592902536,1.8924395592902536
text__record,1.890511311717133,1.890511311717133
text__lending,-1.8840849850650563,1.8840849850650563
text__sue,-1.8828422696672964,1.8828422696672964
text__welcome,-1.8821488546101868,1.8821488546101868
text__morning,1.8821177145038013,1.8821177145038013
text__free,1.88114726167075,1.88114726167075
text__expect,1.8804894606751024,1.8804894606751024
text__unauthorized,1.8794435614497147,1.8794435614497147
cat__sub_issue_Delays in the application process,1.8762707143895079,1.8762707143895079
text__happened xx,-1.8744430749151948,1.8744430749151948
text__private,-1.8712759463622264,1.8712759463622264
text__helped,-1.8686686290651369,1.8686686290651369
text__start,1.8684162341457151,1.8684162341457151
text__rule,-1.8640662225588178,1.8640662225588178
text__parents,-1.8635682703118386,1.8635682703118386
text__needs,-1.862818663861605,1.862818663861605
text__xx year,1.8613373456251423,1.8613373456251423
text__15 code,-1.858925098216441,1.858925098216441
text__media,-1.8586728764068479,1.8586728764068479
text__time frame,-1.8584500082378463,1.8584500082378463
text__called bank,1.8574789146389248,1.8574789146389248
"cat__company_grouped_SELECT PORTFOLIO SERVICING, INC.",-1.8573228915790796,1.8573228915790796
text__remains,-1.8558035633391834,1.8558035633391834
cat__sub_issue_Paying off the loan,1.8530715495997219,1.8530715495997219
text__available xxxx,-1.8475534001592953,1.8475534001592953
text__bayview,1.8444634227390495,1.8444634227390495
text__ran,1.8443083905299136,1.8443083905299136
text__financing,-1.8436904699419825,1.8436904699419825
text__00 cash,-1.84074685330475,1.84074685330475
text__determine,-1.8399535021727045,1.8399535021727045
text__retrieve,1.8384036466264866,1.8384036466264866
text__user,-1.8357787327777861,1.8357787327777861
text__waited,1.8356195627477288,1.8356195627477288
text__hundreds,1.8334815273136504,1.8334815273136504
text__emailed,-1.832848931813028,1.832848931813028
text__nationstar,1.8319166331068728,1.8319166331068728
text__inspection,-1.8314699507359213,1.8314699507359213
text__situations,-1.8300624158744652,1.8300624158744652
text__xxxx customer,1.8284606586736183,1.8284606586736183
text__misleading,1.82744035825404,1.82744035825404
text__hand,-1.8262453941711378,1.8262453941711378
text__material,-1.8253328347868518,1.8253328347868518
text__800 00,1.821035870752679,1.821035870752679
text__purchase xxxx,-1.8198004388573674,1.8198004388573674
text__providing,-1.8194936139147517,1.8194936139147517
cat__company_grouped_ALLY FINANCIAL INC.,1.8188169131478664,1.8188169131478664
cat__sub_issue_Private mortgage insurance (PMI),-1.8169105912430454,1.8169105912430454
text__recipient,1.8163197594685307,1.8163197594685307
cat__sub_issue_Difficulty submitting a dispute or getting information about a dispute over the phone,1.8118876662400467,1.8118876662400467
text__dispute,1.8117520857755376,1.8117520857755376
text__checked,-1.8115755188974534,1.8115755188974534
text__takes,1.8058236710702966,1.8058236710702966
text__approximately,1.8051556669273712,1.8051556669273712
text__guaranteed,1.8045332287646851,1.8045332287646851
text__software,-1.8031416840040266,1.8031416840040266
text__seeking,-1.8006659229892912,1.8006659229892912
"cat__tags_Older American, Servicemember",1.7989037520676823,1.7989037520676823
text__400,-1.797279349473707,1.797279349473707
text__times told,-1.795954180223334,1.795954180223334
text__waiting,-1.7957707506724754,1.7957707506724754
text__xxxx checked,-1.7945356641531858,1.7945356641531858
cat__sub_product_Payroll card,1.792076520055877,1.792076520055877
text__real estate,-1.7920136329658938,1.7920136329658938
text__directed,-1.7906825042584593,1.7906825042584593
text__updated,-1.7876815025591457,1.7876815025591457
text__lived,1.7870879570527014,1.7870879570527014
text__fault,-1.7856704094318785,1.7856704094318785
text__xxxx immediately,-1.785548564722143,1.785548564722143
text__reaching,-1.7818097003476316,1.7818097003476316
text__lies,1.7816547420928641,1.7816547420928641
text__manner,1.7808957294357233,1.7808957294357233
text__attorneys,-1.7785957511592316,1.7785957511592316
text__asap,1.7779458267655177,1.7779458267655177
text__day received,-1.7776578083477583,1.7776578083477583
text__transfers,-1.7750248928046848,1.7750248928046848
text__forced,-1.7679633943092408,1.7679633943092408
text__validation,-1.7678943115453871,1.7678943115453871
text__bank representative,-1.766618194236043,1.766618194236043
text__everytime,1.7649757565898327,1.7649757565898327
text__docs,1.763909480052661,1.763909480052661
text__similar,-1.7625896208549163,1.7625896208549163
text__charged account,1.7622453332739565,1.7622453332739565
text__repeatedly,1.7598093887969497,1.7598093887969497
"cat__company_grouped_CITIZENS FINANCIAL GROUP, INC.",1.7592847770848388,1.7592847770848388
text__happens,1.758384414831342,1.758384414831342
cat__sub_issue_Trying to communicate with the company to fix an issue while managing or servicing your loan,-1.758196456518053,1.758196456518053
text__available,-1.7581577437381062,1.7581577437381062
text__paid balance,-1.7579419350763148,1.7579419350763148
cat__sub_product_Virtual currency,-1.7579404650031332,1.7579404650031332
text__ve,1.7558288354581804,1.7558288354581804
text__application xxxx,-1.7545852792797032,1.7545852792797032
text__ending,-1.7540580903844847,1.7540580903844847
cat__sub_issue_Fees charged,1.752402647729445,1.752402647729445
text__xxxx texas,-1.7521066567974735,1.7521066567974735
text__payments xx,-1.7517975710372906,1.7517975710372906
text__gift,-1.7513955931821248,1.7513955931821248
text__corrected,1.7482958202614634,1.7482958202614634
text__bankruptcy,-1.747882250311381,1.747882250311381
text__account overdrawn,-1.7477478167567784,1.7477478167567784
text__hard inquiry,-1.7477116063540414,1.7477116063540414
text__balance xxxx,1.746642642431048,1.746642642431048
cat__sub_issue_Problem related to refinancing,-1.745791966626647,1.745791966626647
text__reference,1.7452701485226163,1.7452701485226163
text__report late,1.7432727103019463,1.7432727103019463
text__reporting credit,1.742250193138029,1.742250193138029
text__claimed,1.7405008530511015,1.7405008530511015
text__password,1.7381986130624791,1.7381986130624791
text__coming,-1.7375082246697973,1.7375082246697973
text__time payments,-1.737274293045189,1.737274293045189
text__xxxx online,1.73672627009536,1.73672627009536
text__wrongfully,1.7362022291813999,1.7362022291813999
text__hospital,1.7355811254325226,1.7355811254325226
text__shortly,1.735490770866907,1.735490770866907
text__gone,1.7347038036650408,1.7347038036650408
text__cares act,-1.7338432622606614,1.7338432622606614
text__bsi,1.732910930890194,1.732910930890194
text__unlawful,-1.7295380529884494,1.7295380529884494
text__account compromised,-1.7249965492862067,1.7249965492862067
text__360 00,-1.7245958126715004,1.7245958126715004
text__loan account,1.7225852846560308,1.7225852846560308
text__ny,-1.7202887295900329,1.7202887295900329
text__audit,-1.7155861787089932,1.7155861787089932
text__xxxx weeks,-1.7144943059605628,1.7144943059605628
text__advise,-1.710177852059764,1.710177852059764
text__complaint cfpb,-1.7101582125448547,1.7101582125448547
text__court,1.708980589933478,1.708980589933478
text__mortgage account,1.7087297376330473,1.7087297376330473
cat__company_grouped_KEYCORP,1.706814722925819,1.706814722925819
text__directly,-1.705447426974226,1.705447426974226
text__ii,-1.7051854627062313,1.7051854627062313
text__close account,-1.7035279133849655,1.7035279133849655
text__responded,1.702739575770453,1.702739575770453
text__frame,-1.7023090897334014,1.7023090897334014
text__make purchase,-1.7014760821595867,1.7014760821595867
text__talking,-1.7002523098639937,1.7002523098639937
text__running,-1.6978291977174944,1.6978291977174944
text__lump sum,-1.6978059398383414,1.6978059398383414
text__investigate,1.6975582561866762,1.6975582561866762
text__practice,1.6971754850846292,1.6971754850846292
text__apartment,1.697086472933576,1.697086472933576
text__360,-1.696623440773026,1.696623440773026
cat__company_grouped_REGIONS FINANCIAL CORPORATION,1.69537952611421,1.69537952611421
text__protection bureau,-1.695083270158756,1.695083270158756
text__speak manager,1.6927215765035273,1.6927215765035273
text__property taxes,-1.688278767663553,1.688278767663553
text__fee,1.6818291925180757,1.6818291925180757
text__xxxx xx,-1.6816707699902584,1.6816707699902584
text__savings account,-1.6811058716229228,1.6811058716229228
text__denied claim,-1.679402534425679,1.679402534425679
text__returned xxxx,1.6768309604339224,1.6768309604339224
text__companys,-1.6727472831723889,1.6727472831723889
text__direct,1.6714963145705397,1.6714963145705397
text__obtaining,-1.6707893841624453,1.6707893841624453
text__individual,1.670458324850887,1.670458324850887
cat__tags_Servicemember,1.6698730708952347,1.6698730708952347
cat__company_grouped_Santander Consumer USA Holdings Inc.,1.6663045074175524,1.6663045074175524
text__half,1.6662245105491345,1.6662245105491345
text__hurricane,1.6624039722307358,1.6624039722307358
text__appeared,-1.662160303471601,1.662160303471601
text__middle,-1.660243829090841,1.660243829090841
text__poor,-1.6598039666440954,1.6598039666440954
text__event,1.6583858046055415,1.6583858046055415
text__autopay,-1.6583218137889641,1.6583218137889641
text__closing disclosure,-1.6563370381192757,1.6563370381192757
text__paypal account,1.6555445236963868,1.6555445236963868
text__rental,-1.6548538618369302,1.6548538618369302
text__completion,-1.6547654823325613,1.6547654823325613
text__xxxx credit,-1.6534245435079813,1.6534245435079813
text__spoke xxxx,-1.6524800580607422,1.6524800580607422
text__sofi,1.651213010350635,1.651213010350635
text__did want,-1.6510913729347687,1.6510913729347687
text__hold,1.6510830374847352,1.6510830374847352
text__activated,1.6502340188644915,1.6502340188644915
text__refund check,-1.6478936126855983,1.6478936126855983
text__card opened,1.6463783884296845,1.6463783884296845
text__raised,-1.64583938701977,1.64583938701977
text__decrease,-1.6453306793333147,1.6453306793333147
text__called told,1.6443607564653226,1.6443607564653226
text__wire transfers,-1.6442310623359504,1.6442310623359504
text__helpful,1.6439845661074868,1.6439845661074868
text__contact xxxx,1.6431359053007093,1.6431359053007093
text__spoken,1.6430530914490478,1.6430530914490478
text__00 charged,-1.6418832759486273,1.6418832759486273
text__sitting,-1.641256469612124,1.641256469612124
text__trustee,1.6412430293242475,1.6412430293242475
text__safety,-1.6411374203197908,1.6411374203197908
text__netspend,1.6402716091046436,1.6402716091046436
text__transferred,1.639782931835387,1.639782931835387
text__said,1.639533028082332,1.639533028082332
text__correct,-1.6387609745433451,1.6387609745433451
text__question,1.629940563849334,1.629940563849334
text__holds,1.62932112987488,1.62932112987488
text__rate xxxx,1.6286727317145964,1.6286727317145964
text__contacted,-1.6282025948058683,1.6282025948058683
text__10 days,-1.627313179691109,1.627313179691109
text__excellent credit,-1.6268579926502655,1.6268579926502655
text__temporarily,-1.6239537449859496,1.6239537449859496
text__talked,1.620815873231809,1.620815873231809
text__money order,-1.6205921679031343,1.6205921679031343
text__guidelines,1.620192504805978,1.620192504805978
text__ignored,-1.6191217568149847,1.6191217568149847
text__balance owed,1.6170994471032003,1.6170994471032003
text__payments loan,1.6146793256620642,1.6146793256620642
text__loan servicer,1.6125354453551484,1.6125354453551484
text__frustrating,-1.6109746083412981,1.6109746083412981
text__phone calls,-1.608165151738811,1.608165151738811
text__xx 20,-1.6079800145021903,1.6079800145021903
text__xxxx savings,-1.606205833285551,1.606205833285551
text__fay servicing,-1.6053259132464184,1.6053259132464184
text__present,1.6052565066893534,1.6052565066893534
text__scammer,1.6046408211402745,1.6046408211402745
text__lost,1.6045324778007968,1.6045324778007968
text__invoice,1.6045152487854155,1.6045152487854155
text__cashier,1.6044193844575574,1.6044193844575574
text__xxxx transaction,-1.6039567686645195,1.6039567686645195
text__email phone,-1.6037447413317425,1.6037447413317425
text__extensive,-1.60321500138546,1.60321500138546
text__life,-1.6023264301491842,1.6023264301491842
text__acquired,1.6014393869281134,1.6014393869281134
text__contractor,1.6002336640087276,1.6002336640087276
text__national bank,1.5998331525725231,1.5998331525725231
text__intentionally,-1.5991524089143412,1.5991524089143412
text__tried,-1.598835683151645,1.598835683151645
cat__product_infrequent_sklearn,1.598737005093334,1.598737005093334
"cat__company_grouped_HUNTINGTON NATIONAL BANK, THE",1.5959677486901809,1.5959677486901809
text__insisted,1.5951298205020394,1.5951298205020394
text__xxxx employee,-1.5923566778989753,1.5923566778989753
text__xxxx request,1.592196486958199,1.592196486958199
cat__sub_issue_Delays with the closing process,1.5919541419023997,1.5919541419023997
text__price,1.591531141817438,1.591531141817438
text__authorization,1.5905560797976521,1.5905560797976521
cat__issue_Vehicle was repossessed or sold the vehicle,1.5883802701603926,1.5883802701603926
text__efta,-1.5883004899047186,1.5883004899047186
text__additional,1.5872254397339784,1.5872254397339784
cat__company_grouped_M&T BANK CORPORATION,1.5866196374827406,1.5866196374827406
text__card credit,-1.5857893175818374,1.5857893175818374
text__financial,1.5853806826575518,1.5853806826575518
text__purchases,1.5838625264977366,1.5838625264977366
text__lump,-1.581881885942551,1.581881885942551
text__xxxx got,-1.5804493580684182,1.5804493580684182
text__child,-1.5784547032849625,1.5784547032849625
text__xxxx went,1.5783022959713537,1.5783022959713537
text__term,-1.5779160739169515,1.5779160739169515
text__withdrawing,1.5756173635872734,1.5756173635872734
text__financial services,1.5753779390583198,1.5753779390583198
text__thought,1.5752855538031103,1.5752855538031103
text__borrow,-1.5726535737837417,1.5726535737837417
text__xxxx agreed,-1.5723757784520807,1.5723757784520807
text__account hold,-1.5711619123850267,1.5711619123850267
text__emails,-1.5694269583014864,1.5694269583014864
text__loan payments,1.5687896977118987,1.5687896977118987
text__agencies,1.5686771022229193,1.5686771022229193
text__login,1.5683719451931997,1.5683719451931997
text__xxxx 00,-1.5674732055439182,1.5674732055439182
cat__sub_issue_Bounced checks or returned payments,1.5667831673409303,1.5667831673409303
text__called wells,1.5666728778051522,1.5666728778051522
text__request xxxx,-1.5665902140844143,1.5665902140844143
text__holding money,1.5656758866689362,1.5656758866689362
text__card xxxx,-1.5649067812822721,1.5649067812822721
text__xxxx came,-1.5641386817305742,1.5641386817305742
cat__state_grouped_NH,1.5634477140873007,1.5634477140873007
text__delays,-1.5625056628113587,1.5625056628113587
text__60 days,1.562336291972274,1.562336291972274
text__greatly,1.562272671378619,1.562272671378619
text__follow,-1.5621277724811022,1.5621277724811022
text__tired,-1.5617112412635359,1.5617112412635359
text__fraudulently,1.561107361069597,1.561107361069597
cat__submitted_via_Postal mail,1.5609964624725647,1.5609964624725647
text__outrageous,-1.5609537473523447,1.5609537473523447
text__account open,1.560576616347818,1.560576616347818
cat__product_Prepaid card,-1.5599331433882329,1.5599331433882329
text__170 00,-1.5596990660118006,1.5596990660118006
text__square,1.5588118723612427,1.5588118723612427
text__did pay,1.5587320026866383,1.5587320026866383
text__cards,-1.5581919362125194,1.5581919362125194
text__save,1.557286357421235,1.557286357421235
text__veteran,1.5572214972590197,1.5572214972590197
text__busy,-1.5570231117047673,1.5570231117047673
text__met,1.556771245978626,1.556771245978626
text__170,-1.5558846869045704,1.5558846869045704
text__fighting,1.5518836110920458,1.5518836110920458
text__draw,1.551301855628099,1.551301855628099
text__equal,-1.550485484505288,1.550485484505288
text__american express,1.550387664260756,1.550387664260756
text__account used,-1.549473973572126,1.549473973572126
text__used card,1.5486408049419653,1.5486408049419653
text__forth,1.5462062508202357,1.5462062508202357
text__creditors,1.5457296142217132,1.5457296142217132
text__dates,1.5439162716179526,1.5439162716179526
text__transaction history,-1.5435666361305813,1.5435666361305813
text__screen,1.542837289630267,1.542837289630267
text__truck,-1.5424977588696627,1.5424977588696627
text__credit union,-1.5414200346076974,1.5414200346076974
text__virtual,1.5410592273448498,1.5410592273448498
text__payment credit,-1.5403831442788134,1.5403831442788134
text__original,1.540373948270571,1.540373948270571
text__payments received,1.5401056170684342,1.5401056170684342
text__frozen,-1.5397599664076376,1.5397599664076376
text__00 late,-1.5380228325392984,1.5380228325392984
text__dept,1.537776440505324,1.537776440505324
cat__company_grouped_Ocwen Financial Corporation,1.5370731539247042,1.5370731539247042
text__negatively,1.535835343759638,1.535835343759638
text__overpayment,1.535063067724515,1.535063067724515
text__fraud charges,1.535016469640277,1.535016469640277
text__successfully,1.5333970006026487,1.5333970006026487
text__loan servicing,1.5327974924477419,1.5327974924477419
text__opened,-1.5325761563265194,1.5325761563265194
text__account money,1.5322362808234875,1.5322362808234875
text__xxxx shows,-1.5316411695363001,1.5316411695363001
text__banks,1.5302001711416595,1.5302001711416595
text__flagged,1.5286284123690863,1.5286284123690863
text__net,1.5283328942316246,1.5283328942316246
text__indicating,-1.5260158664752284,1.5260158664752284
text__tuesday xx,1.5248840941731157,1.5248840941731157
text__xxxx spoke,-1.5232165657760675,1.5232165657760675
text__makes,-1.520633737052587,1.520633737052587
text__incomplete,1.520542104690056,1.520542104690056
text__xxxx points,1.5198300532374796,1.5198300532374796
text__restricted,-1.5178542145693577,1.5178542145693577
text__scheduled,1.5177781779276398,1.5177781779276398
cat__company_grouped_Freedom Mortgage Company,-1.5169719124212302,1.5169719124212302
text__taxes insurance,1.5169637595216685,1.5169637595216685
text__review,-1.5145633934825242,1.5145633934825242
text__happening,-1.5142051136959467,1.5142051136959467
text__synchrony,-1.5135862261715847,1.5135862261715847
text__cents,-1.5134611545388927,1.5134611545388927
text__house xxxx,1.513054091966121,1.513054091966121
text__resolving,1.5110343732380367,1.5110343732380367
text__mail xxxx,1.5109475549715132,1.5109475549715132
text__lock,-1.5108864268309856,1.5108864268309856
text__score,-1.5093609744729342,1.5093609744729342
text__24,1.5093173370690485,1.5093173370690485
text__account opening,1.5091274651850362,1.5091274651850362
text__appears,1.5071445837313686,1.5071445837313686
"cat__sub_issue_Trouble getting, activating, or registering a card",-1.5057785719278285,1.5057785719278285
text__applicant,-1.505563731645199,1.505563731645199
text__charged,1.50491832562575,1.50491832562575
text__credit cards,1.5025279527152458,1.5025279527152458
text__site,1.501688855332323,1.501688855332323
text__didn,-1.501592648485405,1.501592648485405
text__satisfied,-1.5015390794593293,1.5015390794593293
text__debit card,1.501346650225697,1.501346650225697
text__early,1.5007081318031443,1.5007081318031443
text__water,-1.500568519775438,1.500568519775438
text__discrimination,-1.5002788734555386,1.5002788734555386
text__weeks later,1.5001916469815941,1.5001916469815941
text__allowing,-1.5000932694982592,1.5000932694982592
text__serviced,-1.4994846369643076,1.4994846369643076
text__effective xx,-1.4990855164228147,1.4990855164228147
text__inquired,-1.4988378697747144,1.4988378697747144
text__delete,1.4977896526521874,1.4977896526521874
text__taken care,-1.4975822674086787,1.4975822674086787
text__tila,1.4967455196842485,1.4967455196842485
text__logged,-1.4941793616571604,1.4941793616571604
text__called today,1.4936748587515045,1.4936748587515045
text__180,1.4933973207151627,1.4933973207151627
text__bad,1.4933550483269546,1.4933550483269546
text__having,-1.4905776537625586,1.4905776537625586
text__issuing,-1.4890751077063826,1.4890751077063826
text__banking,-1.489074420006991,1.489074420006991
text__reimbursed,1.4888544533842654,1.4888544533842654
text__received xx,-1.4884987223949,1.4884987223949
cat__company_grouped_Specialized Loan Servicing Holdings LLC,-1.4873879596628075,1.4873879596628075
text__xxxx phone,-1.486975411670083,1.486975411670083
text__rules,1.4841309475605153,1.4841309475605153
cat__company_grouped_Mr. Cooper Group Inc.,1.484037577904937,1.484037577904937
text__00 total,-1.4836382986253405,1.4836382986253405
text__purchased,1.4834180719673782,1.4834180719673782
text__id,-1.4827614561506244,1.4827614561506244
text__cancel,-1.4810865471299792,1.4810865471299792
text__app account,1.4796062792519604,1.4796062792519604
text__time,-1.4792558450608788,1.4792558450608788
text__entirely,1.479226125215734,1.479226125215734
text__closing,1.4788259644222368,1.4788259644222368
text__despite,-1.4784414865380462,1.4784414865380462
text__45 days,1.4747461054707658,1.4747461054707658
text__evidence,1.4736692676559275,1.4736692676559275
text__pull,1.4734272410261502,1.4734272410261502
text__secure,1.4733470451153206,1.4733470451153206
text__hold money,-1.4728369519465412,1.4728369519465412
text__multiple attempts,1.4723602917822733,1.4723602917822733
text__performed,1.4719812320958645,1.4719812320958645
text__xx xxxxxxxx,-1.471206443531713,1.471206443531713
text__make xxxx,1.4705749559032366,1.4705749559032366
text__deposited account,1.4704698462434658,1.4704698462434658
text__account reason,1.4702513316263761,1.4702513316263761
text__problems,-1.4681260312581064,1.4681260312581064
text__occurred,-1.4673184748194505,1.4673184748194505
text__officially,-1.4672852684482771,1.4672852684482771
text__extreme,1.4669351429392008,1.4669351429392008
text__responsible,-1.4669053321062746,1.4669053321062746
text__xxxx dollar,-1.4657268757142166,1.4657268757142166
cat__issue_Problem with customer service,-1.4635621510930954,1.4635621510930954
text__phone xxxx,-1.4626325363258843,1.4626325363258843
text__called asked,-1.460431561789578,1.460431561789578
text__sent emails,-1.4584775596678443,1.4584775596678443
text__check xx,-1.4584759030236834,1.4584759030236834
text__investors,-1.4584123369973685,1.4584123369973685
text__1st,-1.4578020924546655,1.4578020924546655
"cat__sub_issue_An existing modification, forbearance plan, short sale, or other loss mitigation relief",1.4571920329495196,1.4571920329495196
text__fraudulent charges,-1.4571746645620303,1.4571746645620303
text__check deposited,1.4569991220453313,1.4569991220453313
text__went,-1.4567972429255238,1.4567972429255238
text__fees account,1.4557912020674932,1.4557912020674932
text__deal,1.4551507593922646,1.4551507593922646
cat__company_grouped_FIFTH THIRD FINANCIAL CORPORATION,-1.4531374617506314,1.4531374617506314
text__various,1.4514943487509246,1.4514943487509246
text__added account,-1.4514397832161618,1.4514397832161618
text__ssn,1.4513127322757409,1.4513127322757409
text__xxxx currently,1.4506476339449572,1.4506476339449572
text__called credit,-1.4501641528358769,1.4501641528358769
text__balance transfer,1.4482016338726253,1.4482016338726253
text__employer,-1.446156585904537,1.446156585904537
text__mortgage company,-1.4460377596815128,1.4460377596815128
text__loan balance,1.4455403952900583,1.4455403952900583
text__truist bank,1.4445142650118725,1.4445142650118725
text__locked account,-1.4441208559668466,1.4441208559668466
text__car,-1.443508307268827,1.443508307268827
text__received notification,1.4425093182114093,1.4425093182114093
text__negative balance,1.4421344702344148,1.4421344702344148
text__00 months,-1.441884596506344,1.441884596506344
text__requirement,-1.4412856714634876,1.4412856714634876
text__adverse,1.4408702357565089,1.4408702357565089
text__suspended,-1.4383631935981132,1.4383631935981132
text__locate,-1.4379479546425158,1.4379479546425158
text__xxxx bank,1.436231425701207,1.436231425701207
text__quickly,1.435877704497085,1.435877704497085
text__consider,-1.4355325704465094,1.4355325704465094
text__allowed,-1.4344523191210212,1.4344523191210212
text__failures,-1.4339949035887694,1.4339949035887694
text__member,1.4331001076625913,1.4331001076625913
text__group,-1.432716472527414,1.432716472527414
text__holding,1.4325322306403085,1.4325322306403085
text__harm,-1.432508391580881,1.432508391580881
text__weren,1.4309728886742046,1.4309728886742046
text__basis,-1.4308298897172633,1.4308298897172633
text__dont understand,1.430771396077979,1.430771396077979
text__provided,1.4285838461857474,1.4285838461857474
text__realtor,1.4284930831178198,1.4284930831178198
text__reach xxxx,-1.426827303059545,1.426827303059545
text__immediate,-1.4255440902668082,1.4255440902668082
cat__state_grouped_ME,1.4239349183435208,1.4239349183435208
text__literally,1.4230690698050292,1.4230690698050292
text__number xxxx,-1.4199652104155598,1.4199652104155598
text__obtain,1.4198563766246641,1.4198563766246641
text__account using,1.4195718602437677,1.4195718602437677
text__paperwork,-1.4168785319771147,1.4168785319771147
cat__sub_product_International money transfer,-1.415997039691976,1.415997039691976
text__essential,-1.4157372096105432,1.4157372096105432
text__associate,1.4128374522810754,1.4128374522810754
text__delinquent,1.4105594238441816,1.4105594238441816
text__wasnt,1.4079791046566383,1.4079791046566383
cat__company_grouped_AMERICAN EXPRESS COMPANY,-1.4067681398587248,1.4067681398587248
text__xxxx sold,-1.4064915459287453,1.4064915459287453
text__travel,1.4064035048282786,1.4064035048282786
text__emergency,1.4063920040996467,1.4063920040996467
text__gift card,-1.405866883264792,1.405866883264792
text__year xx,1.4052877279355995,1.4052877279355995
text__regulatory,1.4051372343737858,1.4051372343737858
text__account funds,1.4042565561318339,1.4042565561318339
text__xxxx order,1.4041589204093818,1.4041589204093818
text__credit history,1.404087251759602,1.404087251759602
text__140 00,-1.4037799768899255,1.4037799768899255
text__notified xxxx,-1.4036874591864235,1.4036874591864235
text__3000,1.4035259141257412,1.4035259141257412
text__cash app,1.4030082812736548,1.4030082812736548
text__link,-1.4017742784411913,1.4017742784411913
text__judge,1.4006618914195905,1.4006618914195905
text__bank manager,-1.3998826205429964,1.3998826205429964
text__xxxx transactions,1.3992185627211498,1.3992185627211498
text__weeks,-1.3981022604884956,1.3981022604884956
text__removed credit,1.3979140320704386,1.3979140320704386
text__xxxx website,1.395440234507154,1.395440234507154
cat__tags_Unknown,1.3954306107837644,1.3954306107837644
text__receive,1.3953980947407956,1.3953980947407956
text__xxxx know,-1.395379033221695,1.395379033221695
text__ordered,1.3947803449408083,1.3947803449408083
text__chose,1.3925826949930165,1.3925826949930165
text__xxxx fraudulent,1.3917668259087403,1.3917668259087403
text__3000 00,1.3915007472114196,1.3915007472114196
text__dollar,-1.3909139594382938,1.3909139594382938
text__statement xxxx,-1.3877198556839978,1.3877198556839978
text__returning,1.3873660609086191,1.3873660609086191
text__savings,-1.3872810604237786,1.3872810604237786
text__won,1.3871223086115394,1.3871223086115394
text__xxxx fraud,1.3869370957879055,1.3869370957879055
text__refund,-1.3860223895375565,1.3860223895375565
text__leading,-1.383790051033132,1.383790051033132
text__emotional distress,-1.3833554175202891,1.3833554175202891
text__confirm,1.3833029517329265,1.3833029517329265
text__post,-1.3830548121354729,1.3830548121354729
text__charging,-1.3825293767175004,1.3825293767175004
text__xxxx able,1.3814626213476566,1.3814626213476566
text__arbitration,-1.3809304342342499,1.3809304342342499
text__trade,-1.380126398738913,1.380126398738913
text__xx 2025,-1.3793993338865849,1.3793993338865849
text__transactions,-1.3787670333011601,1.3787670333011601
text__vehicle,-1.378292697548417,1.378292697548417
text__cardholder,1.3779703682230537,1.3779703682230537
text__payment returned,-1.3774484902289068,1.3774484902289068
text__card closed,-1.377286289917721,1.377286289917721
text__guys,1.3765843240829458,1.3765843240829458
text__behavior,1.3762831442268721,1.3762831442268721
text__fourth,-1.376175810531766,1.376175810531766
text__telling,-1.3758717117868662,1.3758717117868662
text__wise,-1.375580742446762,1.375580742446762
text__homeless,-1.3749211078812593,1.3749211078812593
text__reopened,-1.374303367276597,1.374303367276597
text__00 transaction,1.3722276871225523,1.3722276871225523
text__severe,1.3715991747398275,1.3715991747398275
text__xxxx manager,1.3675708181886752,1.3675708181886752
text__relief,1.366920389354607,1.366920389354607
text__card issued,1.3662804836466063,1.3662804836466063
text__owner,-1.364634040089346,1.364634040089346
text__contacted xxxx,-1.3626112155403625,1.3626112155403625
text__savings accounts,-1.3618184690392854,1.3618184690392854
text__reached xxxx,1.360241249753546,1.360241249753546
text__delaying,-1.3601089340142365,1.3601089340142365
text__tracking,-1.359759747454462,1.359759747454462
text__quote,1.359274764264613,1.359274764264613
text__times,1.3582573137117901,1.3582573137117901
text__supporting,1.3575109478762666,1.3575109478762666
text__ask,1.3560414657053512,1.3560414657053512
text__wire transfer,1.355549646172103,1.355549646172103
text__xx 2022,-1.355513039201415,1.355513039201415
text__return,-1.3553617236742268,1.3553617236742268
text__promotional,1.3549086203661664,1.3549086203661664
text__higher rate,-1.3546708943380195,1.3546708943380195
text__xxxx payments,1.3530452624346814,1.3530452624346814
text__closing date,-1.35291281472649,1.35291281472649
text__pay credit,-1.351514756669167,1.351514756669167
text__description,1.351338545954586,1.351338545954586
text__liable,1.3512195959788231,1.3512195959788231
cat__sub_product_Money order,-1.3507276487334148,1.3507276487334148
text__window,1.3494334598632778,1.3494334598632778
text__140,-1.3490781176239697,1.3490781176239697
text__submitted,-1.3476226905070905,1.3476226905070905
text__appreciated,1.3472000276293616,1.3472000276293616
text__spouse,1.3452639754830087,1.3452639754830087
text__exists,1.345256274784468,1.345256274784468
text__pay account,1.3447968092023812,1.3447968092023812
text__sure,1.3438893129579874,1.3438893129579874
text__attempting,-1.3438572321653504,1.3438572321653504
text__date,-1.3436224196242927,1.3436224196242927
text__morning xx,1.3430008779506328,1.3430008779506328
cat__submitted_via_Referral,1.3410098366506185,1.3410098366506185
text__2nd,-1.340389737060043,1.340389737060043
text__legal action,-1.3374279995304705,1.3374279995304705
text__frustrated,-1.3367509878685007,1.3367509878685007
text__placed hold,-1.3359385303406341,1.3359385303406341
text__disputed,1.3356156333876874,1.3356156333876874
text__old,1.3355388026424124,1.3355388026424124
text__department,-1.332507253669639,1.332507253669639
text__handle,1.3309762787338626,1.3309762787338626
text__entitled,1.3301963110438502,1.3301963110438502
text__message xxxx,-1.3300657125516206,1.3300657125516206
text__discrepancy,1.329520460435864,1.329520460435864
text__noted,-1.3294887123750034,1.3294887123750034
text__thousands,1.3294800300963934,1.3294800300963934
text__broken,-1.3289400032504843,1.3289400032504843
text__individuals,1.3283529318545078,1.3283529318545078
text__profile,-1.328100629299041,1.328100629299041
cat__year_received_2024,1.3272283117260668,1.3272283117260668
text__happened,-1.3272160191963809,1.3272160191963809
text__used,-1.3268272371410526,1.3268272371410526
cat__sub_product_Conventional fixed mortgage,1.3266661845409926,1.3266661845409926
text__qualifying,1.326632727470452,1.326632727470452
text__division,1.3262239737818173,1.3262239737818173
text__dispute xxxx,1.3255636590960276,1.3255636590960276
text__repayment,-1.325384278928636,1.325384278928636
cat__sub_issue_Was not notified of investigation status or results,-1.3253623490098807,1.3253623490098807
text__100 00,-1.3245362867044919,1.3245362867044919
text__temporary credit,1.3245045074454278,1.3245045074454278
text__theyve,1.3235394086441463,1.3235394086441463
text__referred,-1.322860566035895,1.322860566035895
text__contact bank,1.3226608850285229,1.3226608850285229
text__equity,1.322435270742601,1.322435270742601
text__small business,-1.3219326631978887,1.3219326631978887
text__xxxx total,1.3214248372026076,1.3214248372026076
text__mortgage xxxx,-1.3208355813865393,1.3208355813865393
text__rep said,1.3205836444418249,1.3205836444418249
text__voice,1.3201968532625854,1.3201968532625854
text__qualify,-1.3200235226291828,1.3200235226291828
text__receipts,-1.3199856901423654,1.3199856901423654
text__creditor,-1.3193870615168228,1.3193870615168228
text__payable,1.3193391102545347,1.3193391102545347
text__finally got,1.318199768832337,1.318199768832337
text__xxxx card,1.3179652627767386,1.3179652627767386
text__users,-1.317457529544831,1.317457529544831
text__withdraw,-1.315714680907075,1.315714680907075
text__trip,1.315092604109271,1.315092604109271
text__operating,-1.314690463357864,1.314690463357864
text__inability,1.3141731037356894,1.3141731037356894
text__identify,-1.3141277806590783,1.3141277806590783
text__funds transfer,-1.3129215032730113,1.3129215032730113
text__resulted,-1.3128758384850239,1.3128758384850239
text__mortgage,-1.3120232019011064,1.3120232019011064
text__passed away,1.3115446252522232,1.3115446252522232
cat__company_grouped_BMO BANK NATIONAL ASSOCIATION,1.310791288907968,1.310791288907968
text__xx 18,-1.3097031793801346,1.3097031793801346
text__united,1.309533784967106,1.309533784967106
text__complained,1.3094919368876148,1.3094919368876148
text__constantly,-1.308888600371432,1.308888600371432
text__26,-1.3086548283937436,1.3086548283937436
text__code xxxx,1.308556074988801,1.308556074988801
text__continued,-1.3083050907746558,1.3083050907746558
text__use xxxx,-1.3077728027761766,1.3077728027761766
text__wife,1.3076783255935396,1.3076783255935396
text__bonus,-1.3050261142940212,1.3050261142940212
cat__sub_issue_Non-sufficient funds and associated fees,1.3044467804224285,1.3044467804224285
text__multiple occasions,-1.3033529637802386,1.3033529637802386
text__firm,1.3028702706277067,1.3028702706277067
cat__company_grouped_GOLDMAN SACHS BANK USA,-1.3019599803692763,1.3019599803692763
text__employed,1.3014483236747696,1.3014483236747696
text__means,-1.3010730955697494,1.3010730955697494
text__item,1.3007843221897548,1.3007843221897548
text__report,-1.3005602795409004,1.3005602795409004
text__results,1.2995036364167372,1.2995036364167372
text__end,1.29923484190463,1.29923484190463
text__bank bank,1.297715749391496,1.297715749391496
text__receive email,1.2972120740772284,1.2972120740772284
text__00 paid,1.296647177952701,1.296647177952701
text__said needed,1.2959987172471623,1.2959987172471623
text__sent money,-1.2934523570857723,1.2934523570857723
text__account review,1.2930399054164912,1.2930399054164912
text__internet,1.2904970556228788,1.2904970556228788
text__loan,-1.290232814043427,1.290232814043427
text__transfer,-1.2898788191766886,1.2898788191766886
text__linked,-1.288929904657097,1.288929904657097
text__interested,-1.2879800377108628,1.2879800377108628
text__accounts,-1.2879484611843137,1.2879484611843137
text__time xxxx,-1.2877769667783459,1.2877769667783459
text__subscription,1.2876455144757721,1.2876455144757721
text__dispute credit,-1.2874988928952993,1.2874988928952993
cat__tags_Older American,1.2871279197436798,1.2871279197436798
text__couldn,1.2868602190525433,1.2868602190525433
text__grace,1.2847869214984105,1.2847869214984105
text__00 day,1.2839678973135398,1.2839678973135398
text__appraisal,1.2833734200537914,1.2833734200537914
text__xxxx let,1.282659780171011,1.282659780171011
text__bank sent,1.2803762829236598,1.2803762829236598
text__ahead,-1.2802699242566518,1.2802699242566518
text__ive,1.2801052813302476,1.2801052813302476
text__card did,-1.2763033231809355,1.2763033231809355
text__safe,1.2760088946095274,1.2760088946095274
text__case number,1.2756926921042495,1.2756926921042495
text__setting,-1.2753811770323316,1.2753811770323316
text__dollars,-1.2750463742962568,1.2750463742962568
text__steal,1.273995607195432,1.273995607195432
text__able help,1.272663437557431,1.272663437557431
text__xxxx tax,-1.2725672091130658,1.2725672091130658
text__havent,-1.271797999236321,1.271797999236321
text__selling,1.27129685274498,1.27129685274498
text__regard,1.2701994861026853,1.2701994861026853
text__international,-1.2697306988309922,1.2697306988309922
text__service line,1.2687136702148056,1.2687136702148056
text__xxxx claims,1.2680879691993414,1.2680879691993414
cat__submitted_via_Phone,1.267912461944529,1.267912461944529
text__nearly,-1.267882301849658,1.267882301849658
"cat__company_grouped_Westlake Services, LLC",1.2676006796902366,1.2676006796902366
text__filing,1.2671167410845514,1.2671167410845514
text__funds returned,1.2663334421140988,1.2663334421140988
text__treasury,1.2662683139293067,1.2662683139293067
text__xxxx asked,-1.2656851769472532,1.2656851769472532
text__business day,1.2648228135537067,1.2648228135537067
text__180 days,1.2630349722816814,1.2630349722816814
text__husband,-1.2627045132246264,1.2627045132246264
text__electronic,-1.2617852746964378,1.2617852746964378
text__late fee,-1.2615627266384424,1.2615627266384424
text__believe,1.2605975213426617,1.2605975213426617
text__honor,-1.2598398627388196,1.2598398627388196
text__unresolved,-1.259315160369877,1.259315160369877
text__gave xxxx,1.2591913219646333,1.2591913219646333
text__bank xxxx,-1.258719490717074,1.258719490717074
text__statements,-1.2584615959178573,1.2584615959178573
text__civil,-1.2580733809732811,1.2580733809732811
text__belong,1.2578340669323735,1.2578340669323735
text__loan application,1.2566612891281785,1.2566612891281785
text__explanation,-1.2560596575288019,1.2560596575288019
text__enrolled,1.2550241224688228,1.2550241224688228
text__validate,1.2542906573878738,1.2542906573878738
text__authority,-1.25427424217681,1.25427424217681
text__2100 00,1.254250755967565,1.254250755967565
text__2100,1.254250755967565,1.254250755967565
text__xxxx tried,-1.2539354621603251,1.2539354621603251
cat__issue_Other,1.2532413464950558,1.2532413464950558
text__phone,1.253069955637003,1.253069955637003
text__deliver,-1.2526740137993808,1.2526740137993808
text__feature,1.2520459393352354,1.2520459393352354
text__revenue,-1.2513014865048027,1.2513014865048027
text__went branch,1.2504386140228259,1.2504386140228259
text__release,-1.2500079645676447,1.2500079645676447
text__unethical,1.2482500619952555,1.2482500619952555
text__county,1.24785322238451,1.24785322238451
text__00 payments,1.247745511119891,1.247745511119891
text__lie,-1.2471223497014536,1.2471223497014536
text__800,1.2465618456501595,1.2465618456501595
text__representative,-1.2465587555142568,1.2465587555142568
text__xxxx just,1.2457362394017037,1.2457362394017037
cat__sub_issue_Unable to receive car title or other problem after the loan is paid off,-1.2450885309627013,1.2450885309627013
text__truth,1.244045243036052,1.244045243036052
text__explained,1.2438522829327316,1.2438522829327316
text__25,1.2438337835987314,1.2438337835987314
text__did authorize,1.2437451737906993,1.2437451737906993
text__email xxxx,1.24298476080667,1.24298476080667
text__kept,1.2425392064657848,1.2425392064657848
text__lawsuit,-1.2425054439596015,1.2425054439596015
text__xxxx requesting,1.2421555016084669,1.2421555016084669
text__escalate,1.2408244753453888,1.2408244753453888
text__shop,1.2408044842117973,1.2408044842117973
text__hold funds,1.2399501209817168,1.2399501209817168
text__xxxx used,1.2399147867676985,1.2399147867676985
text__cash,-1.2390188071048691,1.2390188071048691
text__occur,1.2386856654876397,1.2386856654876397
text__store xxxx,1.2376415095490771,1.2376415095490771
text__received new,-1.2375570281076176,1.2375570281076176
text__froze,1.2373465670645318,1.2373465670645318
text__assignment,1.2357683232506067,1.2357683232506067
text__borrower,1.2349958022512297,1.2349958022512297
text__letting know,-1.2331757672251331,1.2331757672251331
text__terms,1.2327818551337308,1.2327818551337308
text__waive,-1.2316694816773772,1.2316694816773772
text__xxxx offered,1.2316150310961405,1.2316150310961405
text__apple,1.2302755036852375,1.2302755036852375
text__invalid,-1.229891115954763,1.229891115954763
text__title,-1.229713692725924,1.229713692725924
text__unable,1.2292260863183455,1.2292260863183455
text__modified,-1.2291098390279849,1.2291098390279849
text__buy,-1.2287401073345208,1.2287401073345208
text__card account,1.2281087862996034,1.2281087862996034
text__thursday,1.2278811039658186,1.2278811039658186
text__just,1.2263120190766919,1.2263120190766919
text__00 charge,-1.2242504633915388,1.2242504633915388
text__duties,-1.224125374732875,1.224125374732875
text__new york,-1.2239172562143423,1.2239172562143423
text__horrible,1.2238841304863115,1.2238841304863115
text__protect,1.2230256895654443,1.2230256895654443
text__credit agencies,1.22177893761668,1.22177893761668
text__partner,-1.2213497713394414,1.2213497713394414
text__committed,1.2204128625306332,1.2204128625306332
text__admitted,-1.2198479426280024,1.2198479426280024
text__began,-1.218842027231305,1.218842027231305
text__resolution,1.2184170158224727,1.2184170158224727
text__auto finance,-1.2183391431989843,1.2183391431989843
text__rescind,1.2180511655738517,1.2180511655738517
text__continues,-1.2179722654352112,1.2179722654352112
text__help,1.217911847676532,1.217911847676532
text__xxxx received,1.2175631458702525,1.2175631458702525
text__called number,1.2166199710968049,1.2166199710968049
text__indicates,1.2164770642642637,1.2164770642642637
text__equipment,1.2158409343766081,1.2158409343766081
text__return funds,1.2152248229043097,1.2152248229043097
text__xxxx consumer,-1.2148629691404937,1.2148629691404937
text__pm,1.2145488873977774,1.2145488873977774
text__couple days,-1.2141256402892036,1.2141256402892036
text__got,1.211937108316786,1.211937108316786
text__products,1.2115416839616289,1.2115416839616289
text__2017,-1.2102336972369268,1.2102336972369268
text__00 xxxx,-1.2092358816279736,1.2092358816279736
text__longer,-1.208425565394166,1.208425565394166
text__00 received,-1.2083525348558022,1.2083525348558022
text__automatic,-1.2072244235727376,1.2072244235727376
text__manual,1.2063543399822036,1.2063543399822036
text__2000 00,1.2059644580224886,1.2059644580224886
text__incoming,-1.2057762231555393,1.2057762231555393
text__account number,-1.2055491868529655,1.2055491868529655
text__requested xxxx,1.205316069083844,1.205316069083844
text__stated did,1.2046598033908544,1.2046598033908544
text__fay,-1.2040967700930125,1.2040967700930125
text__financial hardship,-1.2036015478676731,1.2036015478676731
text__social,-1.203234790552809,1.203234790552809
text__vehicle xxxx,1.2030614895429184,1.2030614895429184
text__plans,-1.2025487904568113,1.2025487904568113
text__proceedings,-1.2020641875445328,1.2020641875445328
text__got email,1.201681509745933,1.201681509745933
text__disabled,1.2016722896492888,1.2016722896492888
text__glitch,-1.2011851526555475,1.2011851526555475
text__switch,1.2009103794810498,1.2009103794810498
text__removed,-1.1987917018487886,1.1987917018487886
text__repo,-1.1984492433700351,1.1984492433700351
cat__year_received_2023,1.19792188949926,1.19792188949926
text__verified,1.1977894801183422,1.1977894801183422
"cat__company_grouped_SANTANDER HOLDINGS USA, INC.",1.1965236295134518,1.1965236295134518
text__situation,1.1958465533776375,1.1958465533776375
text__auto loan,-1.194739892877562,1.194739892877562
text__xxxx check,-1.1947030993351881,1.1947030993351881
text__prepaid,1.1941434521474699,1.1941434521474699
text__xxxx submitted,-1.1930501317113573,1.1930501317113573
text__xxxx pm,1.1920418391742524,1.1920418391742524
text__xxxx representative,1.1917563582488409,1.1917563582488409
text__scores,-1.1915447072211542,1.1915447072211542
text__aka,1.1910699475839919,1.1910699475839919
text__hours phone,1.1910590387780264,1.1910590387780264
text__protections,-1.1910269443888775,1.1910269443888775
text__modification,-1.1903989674261288,1.1903989674261288
text__missed payments,1.1903821839636546,1.1903821839636546
text__new account,1.189438684990086,1.189438684990086
text__new card,-1.1893715926894928,1.1893715926894928
text__complaint regarding,-1.1892553455501291,1.1892553455501291
cat__sub_issue_Money was taken from your account on the wrong day or for the wrong amount,1.1888392835945871,1.1888392835945871
text__physical,1.1885503440858058,1.1885503440858058
text__unlock,-1.1884419447392864,1.1884419447392864
text__40,1.1880897424496755,1.1880897424496755
text__continuously,1.1877838289889706,1.1877838289889706
cat__sub_issue_Deposits or withdrawals,1.1875420849939904,1.1875420849939904
text__mortgage loan,1.1874715646455674,1.1874715646455674
text__home,-1.1872494593717122,1.1872494593717122
text__york,-1.1871422180221434,1.1871422180221434
text__closing costs,1.1870515204545884,1.1870515204545884
text__mobile,-1.1850715388924582,1.1850715388924582
text__usage,-1.1825594747779786,1.1825594747779786
text__xxxx monthly,-1.1824246014885593,1.1824246014885593
text__company called,-1.1819079946858846,1.1819079946858846
text__2016,-1.1816604605834824,1.1816604605834824
text__pay,-1.1813886906897884,1.1813886906897884
text__file dispute,1.1810574974658918,1.1810574974658918
text__36,-1.1808665764538184,1.1808665764538184
text__damaged,1.1802397594879077,1.1802397594879077
text__formally,1.1800496321054534,1.1800496321054534
text__repair,-1.1798000391829295,1.1798000391829295
text__purchased xxxx,1.1797119776187086,1.1797119776187086
text__marketing,1.179435048671353,1.179435048671353
text__hotel,1.17893580333416,1.17893580333416
text__id xxxx,-1.1767443690362993,1.1767443690362993
text__image,-1.1766291475095532,1.1766291475095532
text__require,-1.1760900300057657,1.1760900300057657
text__insufficient funds,1.1757009416887676,1.1757009416887676
cat__sub_product_Mobile or digital wallet,-1.1756096082107657,1.1756096082107657
text__complied,1.1754630010346636,1.1754630010346636
text__multiple times,-1.1748380101540428,1.1748380101540428
text__looked,-1.1730357100954394,1.1730357100954394
text__taking money,-1.1719816902038969,1.1719816902038969
text__handled,1.1702896408004826,1.1702896408004826
text__00 bonus,1.169142982489418,1.169142982489418
text__xxxx claimed,1.1690471938505909,1.1690471938505909
text__customer xxxx,-1.1690377630829794,1.1690377630829794
text__stopped,-1.1687028531201236,1.1687028531201236
text__easily,1.1683176476544723,1.1683176476544723
text__owed,-1.1676122305698642,1.1676122305698642
text__000,-1.1673673212958862,1.1673673212958862
text__increasing,1.1672127830777674,1.1672127830777674
text__worried,1.166806207062073,1.166806207062073
text__make,1.1664456845034965,1.1664456845034965
text__alternative,-1.1663580077190416,1.1663580077190416
text__account despite,-1.1654914908466267,1.1654914908466267
text__good,1.1648542669425912,1.1648542669425912
text__xxxx don,1.1644655643287252,1.1644655643287252
cat__sub_issue_Trying to communicate with the company to fix an issue with the application process,-1.1642149800500812,1.1642149800500812
text__lead,-1.1641385373288922,1.1641385373288922
text__activity account,1.1639717465501023,1.1639717465501023
text__rep told,-1.1637625048513915,1.1637625048513915
text__spending,1.1636043767321567,1.1636043767321567
text__wire,-1.1631012384934953,1.1631012384934953
text__game,1.1628529499888713,1.1628529499888713
text__quality,1.1628151367614012,1.1628151367614012
cat__year_received_2025,1.1614155154723096,1.1614155154723096
text__new credit,1.1604512133821345,1.1604512133821345
text__posted,-1.1604467455761376,1.1604467455761376
text__check sent,-1.1598695428091512,1.1598695428091512
text__uploaded,1.1593506467746186,1.1593506467746186
text__keeping,1.1590142453119037,1.1590142453119037
text__called xx,-1.157275224635323,1.157275224635323
text__restore,1.157163429259338,1.157163429259338
text__chapter,1.1566204560923095,1.1566204560923095
text__concerns,-1.156441175867331,1.156441175867331
text__lose,1.154379691564852,1.154379691564852
text__piece,1.1537546035538933,1.1537546035538933
text__2022,-1.1519682771735327,1.1519682771735327
text__xxxx agent,-1.1519159978339524,1.1519159978339524
text__mind,-1.1518252297715599,1.1518252297715599
text__straight,-1.1502020494776062,1.1502020494776062
text__accessing,1.1498837992767053,1.1498837992767053
cat__company_grouped_JPMORGAN CHASE & CO.,1.1498029765904723,1.1498029765904723
text__cashier check,1.1497552521942451,1.1497552521942451
text__replace,1.1495634369591015,1.1495634369591015
text__want pay,1.1488921388081166,1.1488921388081166
text__sincerely xxxx,-1.148622722131562,1.148622722131562
text__hacked,1.1485622477635644,1.1485622477635644
text__provide documentation,1.147442504647527,1.147442504647527
text__looks,-1.1468859909664413,1.1468859909664413
text__said going,1.1465225963619206,1.1465225963619206
text__xxxx service,1.1458103086512261,1.1458103086512261
text__dispute charges,1.1457374294039384,1.1457374294039384
text__putting,-1.1456841265913478,1.1456841265913478
text__huge,-1.1454480613279558,1.1454480613279558
text__applying,-1.1445579164749065,1.1445579164749065
text__selene finance,1.144292612993915,1.144292612993915
text__received payment,-1.1440522755146425,1.1440522755146425
text__friend,-1.143839920829719,1.143839920829719
text__past xxxx,-1.1437457352454066,1.1437457352454066
text__unhelpful,1.143363493626793,1.143363493626793
text__student,1.143219735226856,1.143219735226856
text__xxxx veteran,1.1427661396690127,1.1427661396690127
text__assistant,1.1426258256940935,1.1426258256940935
text__online account,1.1425211042597532,1.1425211042597532
cat__issue_Struggling to pay mortgage,1.1423334510463843,1.1423334510463843
text__mailing address,-1.1418762503539388,1.1418762503539388
text__caller,1.1404540251996835,1.1404540251996835
text__declined,1.1399128573123347,1.1399128573123347
text__highly,1.1394904708635445,1.1394904708635445
text__new,1.1393545210236657,1.1393545210236657
text__visit,1.1391100503618596,1.1391100503618596
text__verbally,1.139059177078011,1.139059177078011
text__adverse action,1.1389685321736167,1.1389685321736167
text__obligations,1.1387275429125414,1.1387275429125414
text__match,-1.13845641573067,1.13845641573067
text__document,1.1384186730663501,1.1384186730663501
text__total,1.1372524798730408,1.1372524798730408
text__expiration date,1.1370852145594532,1.1370852145594532
text__thank,1.1350254635197137,1.1350254635197137
text__assume,-1.1340865254579031,1.1340865254579031
text__resources,1.1339997566377176,1.1339997566377176
text__incorrect information,1.1335725812844921,1.1335725812844921
text__worth,-1.1335015701194677,1.1335015701194677
cat__submitted_via_Web,1.1327453919039712,1.1327453919039712
cat__issue_Can't stop withdrawals from your bank account,-1.1327072176104798,1.1327072176104798
text__sort,1.1318334515771877,1.1318334515771877
text__representative spoke,-1.131555952815148,1.131555952815148
text__money bank,1.1313321034866408,1.1313321034866408
text__possession,1.1306687269969025,1.1306687269969025
text__terms conditions,-1.1301823883957942,1.1301823883957942
text__warranty,1.1296815620595118,1.1296815620595118
"cat__issue_Loan modification,collection,foreclosure",1.1296520587624388,1.1296520587624388
text__xxxx florida,-1.1294688533245705,1.1294688533245705
text__signed,1.1293941594476873,1.1293941594476873
text__account said,1.1293429343131183,1.1293429343131183
cat__company_grouped_CREDIT ACCEPTANCE CORPORATION,1.1289511423357659,1.1289511423357659
text__60,1.128549170688655,1.128549170688655
text__restrictions,1.1283864141525297,1.1283864141525297
text__exactly,1.1282037076222202,1.1282037076222202
text__accurately,1.1281270588005918,1.1281270588005918
text__letter dated,1.1277103007778542,1.1277103007778542
text__union,1.1264298310198715,1.1264298310198715
text__closed xxxx,1.1255974090192755,1.1255974090192755
text__representative stated,1.125225782032646,1.125225782032646
text__00 asked,-1.1242875245273511,1.1242875245273511
text__account months,-1.1240829934745387,1.1240829934745387
text__account hacked,1.1238479597917304,1.1238479597917304
text__inquire,1.1237683864097439,1.1237683864097439
text__keeps,1.1229349918800176,1.1229349918800176
text__received message,-1.1225445793279596,1.1225445793279596
text__xxxx office,1.1218753509831902,1.1218753509831902
text__police department,1.1214281308664373,1.1214281308664373
text__220 00,-1.121007717683416,1.121007717683416
cat__sub_issue_Application denials,-1.1197122253458445,1.1197122253458445
text__gov,1.1192939856258106,1.1192939856258106
text__30 minutes,-1.1191862013672418,1.1191862013672418
text__payroll,-1.1188591569899868,1.1188591569899868
text__related,1.1183817484549987,1.1183817484549987
text__trade commission,-1.1178431862478637,1.1178431862478637
text__lower,-1.1158441088154023,1.1158441088154023
text__negative credit,1.1153033349130261,1.1153033349130261
text__said send,1.114792900118544,1.114792900118544
text__filled,-1.114180517202327,1.114180517202327
text__kids,-1.1141615083613725,1.1141615083613725
text__450 00,-1.114157737984346,1.114157737984346
text__16,-1.1141572821269357,1.1141572821269357
text__counter,1.1138290219468512,1.1138290219468512
text__effort,-1.1136419404099864,1.1136419404099864
text__hang,1.1134920255793586,1.1134920255793586
text__listen,1.1134440114423365,1.1134440114423365
text__450,-1.1132965151330179,1.1132965151330179
text__10 00,1.113225411581102,1.113225411581102
text__class,-1.113194442841561,1.113194442841561
text__moving,1.1129642599361769,1.1129642599361769
text__lowered,1.1128051242843382,1.1128051242843382
text__issue resolved,1.1127791688091848,1.1127791688091848
text__did receive,1.1126903303737714,1.1126903303737714
text__reference number,1.1124324727692665,1.1124324727692665
text__debt collection,1.1122684115699062,1.1122684115699062
text__2800,1.112090607543973,1.112090607543973
text__2800 00,1.112090607543973,1.112090607543973
text__fraudulent activity,1.1112389252610122,1.1112389252610122
text__licensed,-1.1111898689921322,1.1111898689921322
text__apologized,1.110438160771662,1.110438160771662
text__reports,-1.110400631012632,1.110400631012632
text__xxxx provide,-1.1094586691968258,1.1094586691968258
text__earn,1.1084636293131458,1.1084636293131458
text__account contacted,1.1083141746480327,1.1083141746480327
text__unaware,1.1081949697376516,1.1081949697376516
text__work,1.1074949021722842,1.1074949021722842
text__waived,1.1070358811202217,1.1070358811202217
text__30 day,-1.106526647406745,1.106526647406745
text__permanent,1.1063922627270195,1.1063922627270195
text__30 00,1.1060344762555523,1.1060344762555523
text__past months,1.104191360833123,1.104191360833123
text__pursuant 15,1.103219946328983,1.103219946328983
text__suggested,-1.1021921155007464,1.1021921155007464
text__post office,-1.1018927286817288,1.1018927286817288
text__level,-1.1017757959070433,1.1017757959070433
text__ending xxxx,-1.1012264840122024,1.1012264840122024
text__human,1.1010902151711155,1.1010902151711155
text__account access,1.1009881285096494,1.1009881285096494
text__reversal,-1.1001992132276315,1.1001992132276315
text__pick,-1.1001070497051686,1.1001070497051686
text__pa,1.0999090836818144,1.0999090836818144
text__xx 2021,-1.0998907098178432,1.0998907098178432
text__5000,1.099872904287593,1.099872904287593
text__reduce,1.0988665191601594,1.0988665191601594
text__solve,-1.0982628929741602,1.0982628929741602
text__committing,-1.098125623371495,1.098125623371495
text__written confirmation,-1.097560794964077,1.097560794964077
text__220,-1.097462682819157,1.097462682819157
text__affect,-1.0963088825986018,1.0963088825986018
text__xxxx receiving,-1.0961152767931164,1.0961152767931164
text__day,-1.0958173046868322,1.0958173046868322
text__fraud claim,1.0952598776257692,1.0952598776257692
text__false information,1.0950324224918377,1.0950324224918377
text__00 time,1.0948734953547188,1.0948734953547188
text__wells,-1.094829459633927,1.094829459633927
text__response,-1.0947541102299372,1.0947541102299372
text__addresses,1.0945234067702194,1.0945234067702194
text__support,-1.0941474136160456,1.0941474136160456
text__payments credit,1.0937927472432638,1.0937927472432638
text__320 00,1.0933308300055804,1.0933308300055804
text__procedure,-1.092960023129684,1.092960023129684
text__confirmation number,1.0918943334826878,1.0918943334826878
text__violated,-1.0915147329893096,1.0915147329893096
text__card possession,-1.0904162703613927,1.0904162703613927
text__possible,-1.0901790342418374,1.0901790342418374
text__credit limit,1.089974769150141,1.089974769150141
text__initially,-1.0897417645520389,1.0897417645520389
text__president,-1.0890873586466572,1.0890873586466572
text__make payments,-1.0886114773661204,1.0886114773661204
text__west,1.0885885269090916,1.0885885269090916
text__home loans,-1.0881544177101399,1.0881544177101399
text__damaging,1.0880998756784388,1.0880998756784388
text__stuck,-1.0876929630390084,1.0876929630390084
text__calculated,-1.0871859739170027,1.0871859739170027
text__point contact,1.0866651425137772,1.0866651425137772
text__fixed,1.0865296233936392,1.0865296233936392
text__deceptive,-1.086357194421182,1.086357194421182
text__mailed,-1.0860985329274613,1.0860985329274613
text__month xxxx,1.0842973065126376,1.0842973065126376
text__account transferred,1.0839885759517323,1.0839885759517323
text__account holder,1.0838401020756012,1.0838401020756012
text__store,-1.0837266353605122,1.0837266353605122
text__college,1.0822809382694039,1.0822809382694039
cat__sub_issue_Transaction was not authorized,-1.0820355693775547,1.0820355693775547
text__payout,1.0817450549125316,1.0817450549125316
text__error occurred,-1.0817226448942512,1.0817226448942512
text__10,1.081383782975296,1.081383782975296
text__determined,-1.0807219844643807,1.0807219844643807
text__extend,1.080716652157775,1.080716652157775
text__called fraud,-1.0803883633823674,1.0803883633823674
text__tried contact,1.0793865130713152,1.0793865130713152
text__xxxx mailed,1.079316784645879,1.079316784645879
text__offered,1.0791986365603015,1.0791986365603015
text__federal trade,-1.0785926455372064,1.0785926455372064
text__told check,1.0784918051865495,1.0784918051865495
text__unreasonable,-1.0782859768508255,1.0782859768508255
text__investor,-1.0781394911635496,1.0781394911635496
text__online access,-1.0781156310269873,1.0781156310269873
text__pocket,1.0775800919085134,1.0775800919085134
text__stop payment,-1.076592474660021,1.076592474660021
text__fraudulent transaction,1.0764864824641236,1.0764864824641236
text__spent,-1.076313963251323,1.076313963251323
"cat__company_grouped_Rocket Mortgage, LLC",1.0760831443398804,1.0760831443398804
text__funds available,1.0734645419643136,1.0734645419643136
text__complaining,-1.0729002180579292,1.0729002180579292
cat__issue_Opening an account,-1.0728052429236992,1.0728052429236992
text__went local,1.0717372464990467,1.0717372464990467
text__entities,-1.0715041211459477,1.0715041211459477
text__card accounts,-1.0714493275794992,1.0714493275794992
text__final payment,1.07052710451246,1.07052710451246
text__chain,1.0694194709152811,1.0694194709152811
text__modification agreement,1.0694189108738967,1.0694189108738967
text__conclusion,-1.06918519394237,1.06918519394237
text__15 usc,-1.0690744844033238,1.0690744844033238
text__possibility,-1.0690743032122012,1.0690743032122012
text__collector,1.068784472243265,1.068784472243265
text__hoa,-1.0685586999299694,1.0685586999299694
text__numerous,1.0682503081514212,1.0682503081514212
text__escrow balance,-1.0677379836927248,1.0677379836927248
text__entered,1.0674047260679713,1.0674047260679713
text__incident,-1.0663643868621522,1.0663643868621522
text__expenses,1.0661606768618734,1.0661606768618734
text__completely,1.0659305627685847,1.0659305627685847
text__use account,1.0646078521647389,1.0646078521647389
text__respectfully,1.0642108661414469,1.0642108661414469
text__america,-1.0636673742382594,1.0636673742382594
cat__sub_issue_Card company isn't resolving a dispute about a purchase or transfer,1.0631647053444533,1.0631647053444533
text__courts,-1.0628476833752893,1.0628476833752893
text__print,-1.0624079337088204,1.0624079337088204
text__getting money,1.0620174858732718,1.0620174858732718
text__friday,1.0619069580869145,1.0619069580869145
"cat__company_grouped_Bread Financial Holdings, Inc.",1.0617820501253015,1.0617820501253015
text__damage,-1.0609233205889639,1.0609233205889639
text__incompetent,-1.060869388002249,1.060869388002249
text__distress,-1.060154970267661,1.060154970267661
text__correctly,1.0598971570503428,1.0598971570503428
text__fees charged,1.0596746315455905,1.0596746315455905
text__affidavit,1.0593891515485576,1.0593891515485576
text__furnish,-1.0592188330388193,1.0592188330388193
text__310,1.0579593149241329,1.0579593149241329
text__xxxx didnt,1.0568889281318627,1.0568889281318627
text__disputes,1.0566289934806254,1.0566289934806254
text__xxxx issue,-1.0560192473977774,1.0560192473977774
text__total loss,1.055946902614622,1.055946902614622
text__processor,1.054281704017135,1.054281704017135
cat__sub_issue_Confusing or missing disclosures,-1.0533862157153844,1.0533862157153844
text__statement,-1.0533789606438775,1.0533789606438775
text__90,1.0532435861880822,1.0532435861880822
text__reimbursement,1.0529848594420126,1.0529848594420126
text__work xxxx,1.0526067640937657,1.0526067640937657
text__5000 00,1.0525085144519397,1.0525085144519397
text__account late,1.0522150726789379,1.0522150726789379
text__bills,-1.0517714304716757,1.0517714304716757
text__clarification,1.0513032022285824,1.0513032022285824
text__expense,-1.050900722191033,1.050900722191033
text__supervisors,1.0508735877915207,1.0508735877915207
text__41,1.0508221513850127,1.0508221513850127
text__citizen,1.0498082355301988,1.0498082355301988
text__severely,-1.049498298514174,1.049498298514174
text__veterans,1.0485484127493532,1.0485484127493532
text__xxxx open,1.048449088975635,1.048449088975635
text__account asked,1.0465086633494143,1.0465086633494143
text__guess,1.0457093496231686,1.0457093496231686
text__grace period,1.0456476454445836,1.0456476454445836
text__received mail,1.0451348050360378,1.0451348050360378
text__sps,1.0444409061543518,1.0444409061543518
text__available balance,1.0444297156828963,1.0444297156828963
text__future,-1.0442440258061592,1.0442440258061592
text__xxxx point,1.043564783816157,1.043564783816157
text__treatment,1.0426704346047178,1.0426704346047178
text__investigator,1.0425668017622276,1.0425668017622276
text__officer xxxx,-1.041564596526179,1.041564596526179
text__answered,1.0407972816506454,1.0407972816506454
text__saying account,1.0404946924757708,1.0404946924757708
text__xxxx date,1.0404356108277117,1.0404356108277117
text__opening account,-1.0383997972452548,1.0383997972452548
text__unlocked,1.0381602269788663,1.0381602269788663
text__llc,-1.0369248759259209,1.0369248759259209
text__account got,-1.0360316500246018,1.0360316500246018
text__leave,1.0360216778536062,1.0360216778536062
text__favor,1.0359804907307204,1.0359804907307204
text__reach,-1.0356983267832065,1.0356983267832065
text__escrow shortage,1.0355518976869615,1.0355518976869615
text__making payment,1.034969581218675,1.034969581218675
text__access account,1.0349086449329563,1.0349086449329563
text__hadn,1.0348065836735794,1.0348065836735794
text__real,-1.0345885004809527,1.0345885004809527
text__commitment,1.033991012672758,1.033991012672758
text__caliber,1.0339798554297857,1.0339798554297857
text__court order,1.0336562296110652,1.0336562296110652
text__hearing,1.033417889904134,1.033417889904134
text__1700,1.0332909226146056,1.0332909226146056
text__little,1.0331456081494224,1.0331456081494224
text__suspense,1.0328228862672517,1.0328228862672517
text__cease,-1.0318047234900505,1.0318047234900505
text__monthly mortgage,1.0316807111722457,1.0316807111722457
text__reason,1.03117663683664,1.03117663683664
text__charges,-1.0308451707835615,1.0308451707835615
text__490 00,-1.0306915840921111,1.0306915840921111
text__card use,1.030112733404192,1.030112733404192
text__fast forward,1.029811375888391,1.029811375888391
text__exchange,-1.0298071296339337,1.0298071296339337
text__synchrony bank,-1.0297413813250562,1.0297413813250562
text__online payment,1.0291802767737355,1.0291802767737355
text__diligence,-1.0289249254888533,1.0289249254888533
text__address file,-1.0278611143194987,1.0278611143194987
text__money told,1.0277305165355526,1.0277305165355526
text__checks,-1.0276113793933868,1.0276113793933868
text__unauthorized transactions,1.0269762758117285,1.0269762758117285
text__stating account,1.0268483554472443,1.0268483554472443
text__320,1.0259757316124871,1.0259757316124871
text__xxxx late,-1.0259505491195053,1.0259505491195053
text__usc 1666b,-1.0258954389369688,1.0258954389369688
text__lady,1.0258898421966467,1.0258898421966467
text__card mail,-1.0254076894899704,1.0254076894899704
text__code,-1.0253594307619234,1.0253594307619234
text__appreciate,-1.0252776022691388,1.0252776022691388
text__services,-1.024976381400231,1.024976381400231
text__open end,-1.0248557021607045,1.0248557021607045
text__credit card,1.024338456048194,1.024338456048194
text__finally able,-1.0240619049850925,1.0240619049850925
text__understand,-1.0240157989229777,1.0240157989229777
text__letter stating,1.0238767903749184,1.0238767903749184
text__pass,1.0237475425912705,1.0237475425912705
text__collection agency,-1.0233752286616171,1.0233752286616171
text__checking accounts,-1.023170301687072,1.023170301687072
text__physically,1.02258357068999,1.02258357068999
text__wish,1.0224004966325055,1.0224004966325055
text__insufficient,1.022197789109295,1.022197789109295
text__charge xx,-1.0220058012530462,1.0220058012530462
text__lien release,1.021916898122939,1.021916898122939
"cat__issue_Loan servicing, payments, escrow account",1.0215004066362454,1.0215004066362454
text__regardless,1.0211750502571764,1.0211750502571764
text__irs,1.020697963785051,1.020697963785051
text__percent,-1.020250176747242,1.020250176747242
text__promise,1.0201426565474274,1.0201426565474274
text__xxxx department,-1.0194230602496968,1.0194230602496968
text__securities,1.0193644767019774,1.0193644767019774
text__310 00,1.019138184593804,1.019138184593804
"cat__sub_issue_Escrow, taxes, or insurance",-1.017190561902359,1.017190561902359
text__xxxx notice,1.0169797172860549,1.0169797172860549
text__mobile app,1.0168199642380942,1.0168199642380942
text__run,1.0167017609854865,1.0167017609854865
text__xxxx longer,1.0165410884924462,1.0165410884924462
text__ship,1.0165215418176983,1.0165215418176983
text__use,-1.0164731711248267,1.0164731711248267
text__cfpb,-1.016170447365059,1.016170447365059
text__promised,1.0159058869942132,1.0159058869942132
cat__sub_product_Unknown,-1.0155670176875211,1.0155670176875211
text__local branch,1.0146876019283364,1.0146876019283364
text__pre,-1.0141198726074996,1.0141198726074996
text__1700 00,1.0139785985232919,1.0139785985232919
text__answer,-1.013873657211243,1.013873657211243
text__sent xxxx,-1.0124695985042598,1.0124695985042598
text__ftc,1.01123825153789,1.01123825153789
text__affordable,1.0109863604848843,1.0109863604848843
text__outstanding,-1.0109388219942481,1.0109388219942481
text__requirements,1.0104713279221271,1.0104713279221271
text__attach,1.0095093005358529,1.0095093005358529
text__fl xxxx,-1.0092566741598445,1.0092566741598445
text__documentation,1.009118883798937,1.009118883798937
text__fast,-1.0081813361621812,1.0081813361621812
text__decline,-1.0080167754959972,1.0080167754959972
text__xxxx making,-1.007962523036457,1.007962523036457
text__wait xxxx,1.0076068604957507,1.0076068604957507
text__intent,1.007085120493886,1.007085120493886
text__hope,1.0051066483331113,1.0051066483331113
text__currently,1.0039413217479385,1.0039413217479385
text__air,1.0035453860934975,1.0035453860934975
text__maintained,-1.00336016815362,1.00336016815362
text__improperly,-1.0031341967001668,1.0031341967001668
text__personal account,1.00302171704239,1.00302171704239
text__shortage,1.0029984426948721,1.0029984426948721
text__debits,-1.002041052387791,1.002041052387791
text__issuer,-1.0020074033330564,1.0020074033330564
text__company did,1.0018695814302487,1.0018695814302487
"cat__issue_Managing, opening, or closing your mobile wallet account",-1.0009949409725738,1.0009949409725738
text__told representative,-1.0000671941594663,1.0000671941594663
text__xxxx took,0.9995538158976547,0.9995538158976547
text__lien,-0.9982173454387352,0.9982173454387352
text__inaccurate information,0.9970015405239159,0.9970015405239159
text__transfer money,0.996699143339773,0.996699143339773
text__repayment plan,0.9966063881889358,0.9966063881889358
text__legitimate,0.9962181211299077,0.9962181211299077
text__days payment,-0.9960455388198276,0.9960455388198276
text__documents sent,0.9957693465343633,0.9957693465343633
text__00 went,0.9951152388706664,0.9951152388706664
text__manager told,0.9932150004254207,0.9932150004254207
text__refused refund,-0.992340556051324,0.992340556051324
text__buyer,0.9921526177148601,0.9921526177148601
text__gain,-0.992040110027596,0.992040110027596
text__paid loan,0.9915399587072716,0.9915399587072716
text__reissue,0.9911006545468587,0.9911006545468587
text__xxxx tx,-0.9908084092046605,0.9908084092046605
text__blue,0.9902233090660898,0.9902233090660898
text__fraud xxxx,0.9899830529305701,0.9899830529305701
text__conversation,-0.9897268453000133,0.9897268453000133
text__late,-0.9896429117392014,0.9896429117392014
text__acted,-0.9891566702790023,0.9891566702790023
text__driver,0.9888923821044024,0.9888923821044024
text__accepted,0.9882849704095383,0.9882849704095383
text__fix,-0.9882754882359003,0.9882754882359003
text__determination,0.9880893117744045,0.9880893117744045
text__dont,0.9877638175007633,0.9877638175007633
text__dispute department,0.9873407675467893,0.9873407675467893
text__applied principal,0.9866018836460158,0.9866018836460158
text__xxxx checking,-0.9862740994421136,0.9862740994421136
text__11,0.9861507409292217,0.9861507409292217
text__160,0.9856692827925633,0.9856692827925633
text__xxxx store,0.9855646230941951,0.9855646230941951
text__promo,0.9854339050318999,0.9854339050318999
text__holder,-0.9850553741028795,0.9850553741028795
text__provided xxxx,0.9849463564900036,0.9849463564900036
text__disputing,-0.9847842176476476,0.9847842176476476
cat__issue_Problems at the end of the loan or lease,0.9838053673347121,0.9838053673347121
text__service told,0.9826864990626809,0.9826864990626809
text__claims department,0.9818968218236962,0.9818968218236962
cat__sub_issue_Problem using a debit or ATM card,-0.9816660472432704,0.9816660472432704
text__received funds,-0.9811418627554063,0.9811418627554063
text__stress,0.9806068760458211,0.9806068760458211
text__payment went,-0.9805575059291833,0.9805575059291833
text__owe xxxx,0.9803539247361988,0.9803539247361988
text__mid,0.979239831669185,0.979239831669185
text__resolving matter,0.9792349025151975,0.9792349025151975
text__misrepresented,0.9787963304939266,0.9787963304939266
text__expired,0.9787441302148859,0.9787441302148859
text__intention,-0.9774242298269095,0.9774242298269095
text__chase,0.9768832515706662,0.9768832515706662
text__fulfilled,0.976264200092023,0.976264200092023
text__latest,-0.9761527684154909,0.9761527684154909
text__account business,-0.9758863046279485,0.9758863046279485
text__fees charges,0.9758222776235891,0.9758222776235891
text__employment,-0.9744461259980454,0.9744461259980454
text__said need,0.9742895510006331,0.9742895510006331
text__told did,0.9738645517899154,0.9738645517899154
text__year,0.9734964251968101,0.9734964251968101
text__health,0.9734027042597908,0.9734027042597908
text__told receive,0.9716752720106392,0.9716752720106392
text__closed,-0.9712244323721362,0.9712244323721362
text__asset,-0.9711859643761199,0.9711859643761199
text__monthly payment,-0.9705728370652528,0.9705728370652528
text__fraudulent charge,0.9703080075901558,0.9703080075901558
text__processing,0.9699958241863476,0.9699958241863476
text__deceased,0.9696450134421579,0.9696450134421579
text__true,0.9695066543562901,0.9695066543562901
"cat__company_grouped_SOFI TECHNOLOGIES, INC.",0.9693552944637662,0.9693552944637662
text__stating,0.968808792081379,0.968808792081379
text__charge card,0.9683234085874101,0.9683234085874101
cat__state_grouped_VT,-0.9679217599861696,0.9679217599861696
text__va loan,0.9678985320486717,0.9678985320486717
text__verification,-0.9677463451475037,0.9677463451475037
text__annual,0.9676218839973694,0.9676218839973694
text__cooper,0.9669493270838302,0.9669493270838302
text__father,-0.966922624167888,0.966922624167888
text__seek,-0.9668526509410285,0.9668526509410285
text__18 months,0.9666541572699328,0.9666541572699328
text__sensitive,-0.966432770118956,0.966432770118956
text__appointment,0.9659475689036722,0.9659475689036722
text__phh,0.9658168067523278,0.9658168067523278
text__validity,0.9647188028444404,0.9647188028444404
text__xxxx way,0.9646457755144189,0.9646457755144189
cat__sub_issue_Add-on products and services,0.9640805896524919,0.9640805896524919
text__xxxx new,-0.9638935426542167,0.9638935426542167
text__fee charged,0.9638318762521302,0.9638318762521302
cat__sub_issue_Information is missing that should be on the report,-0.9635587927215418,0.9635587927215418
text__assured,0.962315004900489,0.962315004900489
text__time did,0.9611669023625679,0.9611669023625679
text__automatic payment,0.9611159086922756,0.9611159086922756
text__written explanation,-0.9604254285855466,0.9604254285855466
text__xxxx help,0.9601552528386359,0.9601552528386359
text__information regarding,0.9596556674106206,0.9596556674106206
text__digits,0.9593891725283142,0.9593891725283142
text__refund xxxx,0.9592957510895144,0.9592957510895144
text__mr cooper,0.9588326193185412,0.9588326193185412
text__account status,0.9584091634581478,0.9584091634581478
text__asked xxxx,-0.9582519865757949,0.9582519865757949
text__expecting,0.9582391265595817,0.9582391265595817
text__contacted customer,0.9581535646350452,0.9581535646350452
text__routing number,-0.9576494198042567,0.9576494198042567
text__deed,0.9576217223048634,0.9576217223048634
text__xxxx responded,0.9565662008877357,0.9565662008877357
text__checking account,-0.9562895655063235,0.9562895655063235
text__pages,0.9561643035086154,0.9561643035086154
text__ok,0.9560392100096261,0.9560392100096261
text__shipping,0.9558773895385977,0.9558773895385977
text__needed pay,0.9556680575113069,0.9556680575113069
text__standards,0.9539871770399846,0.9539871770399846
text__letter xx,-0.953549256736051,0.953549256736051
text__xx 2017,-0.9532280398954674,0.9532280398954674
"cat__product_Payday loan, title loan, or personal loan",0.953017680444798,0.953017680444798
text__tried use,-0.9519229355853607,0.9519229355853607
text__judgment,0.9516240072410389,0.9516240072410389
text__money orders,0.9492263255063119,0.9492263255063119
text__tried calling,0.9491508001857948,0.9491508001857948
text__estate,-0.9490372128428687,0.9490372128428687
text__xxxx debit,0.9487868470102516,0.9487868470102516
text__illegally,0.9487212403380332,0.9487212403380332
text__debts,0.9483243545854997,0.9483243545854997
text__default,0.9481554282562032,0.9481554282562032
text__town,0.947795778534859,0.947795778534859
cat__sub_issue_Didn't receive advertised or promotional terms,0.9468359247479119,0.9468359247479119
text__policy,0.9467982504577467,0.9467982504577467
text__honestly,0.9464976035095759,0.9464976035095759
text__confused,-0.9452674358757771,0.9452674358757771
text__did know,-0.9438798793042522,0.9438798793042522
text__complaint xxxx,0.9438118633886428,0.9438118633886428
text__wont,0.943622394244511,0.943622394244511
text__frustration,-0.942652305627039,0.942652305627039
text__years xxxx,0.9426138594485787,0.9426138594485787
text__delinquency,-0.9424994538129575,0.9424994538129575
text__unapplied,0.9416228566054277,0.9416228566054277
text__xxxx,-0.9414638630231189,0.9414638630231189
text__shady,-0.9414340362468224,0.9414340362468224
text__unauthorized charge,0.941425235503499,0.941425235503499
text__entire,-0.9405533258079959,0.9405533258079959
text__contacts,0.940241492128568,0.940241492128568
text__promises,-0.9400040524725036,0.9400040524725036
text__ira,0.9399066817546806,0.9399066817546806
text__pay balance,-0.9398227087953005,0.9398227087953005
text__web,0.9398035639559637,0.9398035639559637
text__balance,-0.9396265795220996,0.9396265795220996
text__saw,-0.9395421322045565,0.9395421322045565
text__deny,0.9392551661942684,0.9392551661942684
text__messages,-0.9389411502488936,0.9389411502488936
text__denied,0.938693655272726,0.938693655272726
text__complete,0.9383015435572029,0.9383015435572029
text__withdrawn,-0.9375693690321244,0.9375693690321244
text__check,0.9374560887002434,0.9374560887002434
text__payment xxxx,0.9369902061059595,0.9369902061059595
text__directly xxxx,0.9369599288696893,0.9369599288696893
text__resolve,-0.9368571069749598,0.9368571069749598
text__held,-0.9362025329024429,0.9362025329024429
text__3rd party,0.9356256835475861,0.9356256835475861
text__listing,0.9348472209428212,0.9348472209428212
text__removal,0.9341589186140052,0.9341589186140052
text__did xxxx,0.9341387762086742,0.9341387762086742
text__spoke said,0.9337750576819801,0.9337750576819801
text__monitoring,-0.933695695623294,0.933695695623294
cat__company_grouped_CAPITAL ONE FINANCIAL CORPORATION,0.9334474371851168,0.9334474371851168
text__mark,0.933262595277166,0.933262595277166
text__erroneous,-0.9326010577923224,0.9326010577923224
text__starting xx,0.9325135526220825,0.9325135526220825
"cat__company_grouped_CARRINGTON MORTGAGE SERVICES, LLC",0.9324916357909643,0.9324916357909643
text__payment paid,-0.9322409435586823,0.9322409435586823
text__email account,0.9320887229815612,0.9320887229815612
text__reported late,-0.9319317734912004,0.9319317734912004
text__unprofessional,-0.9313184012111463,0.9313184012111463
text__debit,-0.9310697576083522,0.9310697576083522
text__high,-0.9310098684063984,0.9310098684063984
text__reputation,0.9306195167286977,0.9306195167286977
text__drivers,0.9304988950849846,0.9304988950849846
text__20 years,0.9288666622338955,0.9288666622338955
text__paypal xxxx,0.9285429295471659,0.9285429295471659
text__effectively,0.9282868448452136,0.9282868448452136
text__police report,-0.928111482078552,0.928111482078552
text__required,-0.928047564001655,0.928047564001655
text__nice,0.9279533981672251,0.9279533981672251
text__xxxx approved,0.9274265533501631,0.9274265533501631
text__servicers,0.9273776990776893,0.9273776990776893
text__490,-0.927324187844133,0.927324187844133
text__efforts,0.9270819205957419,0.9270819205957419
text__hopefully,0.926683943271309,0.926683943271309
text__month payment,0.9262674462029867,0.9262674462029867
text__market,0.9262122301913454,0.9262122301913454
text__transparency,-0.9260103319651016,0.9260103319651016
text__50 00,-0.9255249689688089,0.9255249689688089
text__believed,0.9248198237102137,0.9248198237102137
text__36 00,-0.92298748850821,0.92298748850821
text__membership,-0.9222406337806758,0.9222406337806758
text__really,0.9220445126371307,0.9220445126371307
text__executive office,0.9215437337896373,0.9215437337896373
text__application,0.9213076443250181,0.9213076443250181
text__license,0.9212736156172455,0.9212736156172455
text__loan xxxx,0.9209754208462764,0.9209754208462764
text__late credit,-0.9206060474493428,0.9206060474493428
text__refi,0.9198807258802111,0.9198807258802111
text__suspect,0.9190011393414638,0.9190011393414638
text__monetary,0.918691441768988,0.918691441768988
"cat__sub_issue_Applying for or obtaining a modification, forbearance plan, short sale, or deed-in-lieu",-0.9174882371720883,0.9174882371720883
text__larger,0.9173812648506431,0.9173812648506431
text__00 00,0.9171678539471796,0.9171678539471796
text__citizens,0.9163797578928077,0.9163797578928077
text__xxxx want,-0.916269630130369,0.916269630130369
text__despite multiple,0.9154924345103653,0.9154924345103653
text__xxxx original,0.915323062891828,0.915323062891828
cat__state_grouped_DC,-0.9151021023838536,0.9151021023838536
cat__sub_product_Vehicle loan,0.9146792180449665,0.9146792180449665
text__predatory,0.914460738097545,0.914460738097545
text__00 taken,0.9143232320908388,0.9143232320908388
text__fargos,0.9137807368142811,0.9137807368142811
text__limits,-0.9136598629369309,0.9136598629369309
text__xxxx week,-0.9133854713678973,0.9133854713678973
text__restored,-0.9130711529540221,0.9130711529540221
text__way,-0.9130481137034586,0.9130481137034586
text__bank credit,0.9129685339978875,0.9129685339978875
text__700 00,0.912515038340532,0.912515038340532
text__branch xxxx,-0.9124039109464334,0.9124039109464334
text__45,-0.912347789381587,0.912347789381587
text__ach,-0.9122454598831611,0.9122454598831611
text__furniture,0.9118760035850184,0.9118760035850184
text__measures,0.9118473473584034,0.9118473473584034
text__contained,-0.9108662564736865,0.9108662564736865
text__unsure,0.9108653830902758,0.9108653830902758
text__xxxx file,0.910800187662501,0.910800187662501
text__contact customer,0.9107778160785005,0.9107778160785005
text__account charged,0.9102382492223633,0.9102382492223633
cat__product_Vehicle loan or lease,0.9101696512911943,0.9101696512911943
text__financed,0.9101263624352677,0.9101263624352677
text__priority,0.9098942362398915,0.9098942362398915
text__explained situation,-0.9091649963969599,0.9091649963969599
text__know xxxx,0.9085955388675051,0.9085955388675051
text__violations,-0.9082230151159052,0.9082230151159052
text__filed dispute,0.9079062158951565,0.9079062158951565
text__refusing,0.9076822901650994,0.9076822901650994
text__fulfill,-0.9074403369123509,0.9074403369123509
text__vague,0.9055441963398381,0.9055441963398381
text__went xxxx,0.9055104740829469,0.9055104740829469
text__recognize,0.9050401185101365,0.9050401185101365
text__matters,-0.9042785117422123,0.9042785117422123
text__immediately contacted,-0.9041784562729405,0.9041784562729405
text__money deposited,0.90391834009353,0.90391834009353
text__reward,0.9038518341796232,0.9038518341796232
text__29,0.9032720202980291,0.9032720202980291
text__payment xx,-0.9031714864165661,0.9031714864165661
text__additionally,-0.9030433759927984,0.9030433759927984
text__xxxx cash,0.9029030556721943,0.9029030556721943
text__try,-0.9023889662375614,0.9023889662375614
text__xxxx denied,-0.902090979102094,0.902090979102094
text__marked,-0.9011899715655738,0.9011899715655738
text__paid mortgage,0.9004385287986406,0.9004385287986406
text__compensation,0.9002669915574606,0.9002669915574606
text__protected,0.9001805187821875,0.9001805187821875
text__properties,0.8994917808771123,0.8994917808771123
text__discharge,0.8993262780244383,0.8993262780244383
text__fee xxxx,0.8988638723461507,0.8988638723461507
text__xxxx closing,-0.8982942661524727,0.8982942661524727
text__money returned,0.8968368595111118,0.8968368595111118
text__cycle,-0.8962951895091762,0.8962951895091762
text__denied credit,-0.8960440083299631,0.8960440083299631
text__contradictory,0.8958028039128327,0.8958028039128327
text__evening,0.8952280984481418,0.8952280984481418
text__summary,-0.8948552038190511,0.8948552038190511
text__accounts xxxx,0.8941956459130544,0.8941956459130544
text__respond,0.8939270335814242,0.8939270335814242
cat__sub_issue_Credit inquiries on your report that you don't recognize,-0.8937965781486968,0.8937965781486968
text__auction,0.8937204242033847,0.8937204242033847
text__check cleared,0.8927315632796871,0.8927315632796871
text__opinion,0.8924659337388914,0.8924659337388914
text__account phone,0.8918233125367576,0.8918233125367576
text__inquiry,0.8916567517487989,0.8916567517487989
text__bank received,0.8916051465737806,0.8916051465737806
text__affecting,0.8915302268422426,0.8915302268422426
cat__issue_Problem with additional add-on products or services,-0.8911279445077968,0.8911279445077968
text__xxxx purchased,0.8910858033168667,0.8910858033168667
text__organization,0.8909311382440442,0.8909311382440442
text__phone numbers,-0.8902427463635005,0.8902427463635005
text__submission,0.8900008789254501,0.8900008789254501
text__hired,-0.8891577842211748,0.8891577842211748
text__conversations,0.8891196929496021,0.8891196929496021
text__old account,0.8890865131469995,0.8890865131469995
text__inform,0.8888194801923315,0.8888194801923315
text__fbi,0.8881300041040306,0.8881300041040306
text__times day,-0.887542159329393,0.887542159329393
text__00 xx,0.8874354662895717,0.8874354662895717
text__financial institution,-0.8871922300695165,0.8871922300695165
text__grant,-0.886793139481631,0.886793139481631
text__requesting cfpb,-0.8865093950473489,0.8865093950473489
text__cancel card,-0.8851406093520096,0.8851406093520096
cat__issue_Managing the loan or lease,0.8849192537261408,0.8849192537261408
text__hasn,0.8846584025940286,0.8846584025940286
text__xx 22,-0.8846320564188483,0.8846320564188483
text__advising,0.8846141072429834,0.8846141072429834
text__personal checking,0.8844056539648433,0.8844056539648433
cat__issue_Confusing or missing disclosures,-0.884283987680928,0.884283987680928
text__160 00,0.8838559355376118,0.8838559355376118
text__notify,-0.8837830715089295,0.8837830715089295
text__idea,-0.8835235314545393,0.8835235314545393
text__failing,-0.8831646579432971,0.8831646579432971
text__foreclosure sale,-0.8829048638084811,0.8829048638084811
text__letter xxxx,-0.8825032254913602,0.8825032254913602
text__named,0.8810328064200611,0.8810328064200611
text__xxxx claim,0.8798092552173606,0.8798092552173606
text__fraud alert,0.8796001041099514,0.8796001041099514
text__xxxx wanted,0.8794147335514688,0.8794147335514688
text__language,0.8793892262661914,0.8793892262661914
text__xxxx trying,-0.879378873681452,0.879378873681452
text__ohio,0.8793673112245374,0.8793673112245374
text__knowingly,-0.8793025164771181,0.8793025164771181
text__check account,0.8789694621833415,0.8789694621833415
text__vacation,-0.8785967560144452,0.8785967560144452
text__fix problem,0.8777358254595319,0.8777358254595319
text__cases,-0.8774757855282612,0.8774757855282612
text__like know,-0.8771968230356662,0.8771968230356662
text__friends,-0.876661844521956,0.876661844521956
text__served,0.8765247634593302,0.8765247634593302
text__wired,-0.8764184117583134,0.8764184117583134
text__obtained,-0.8750411150774414,0.8750411150774414
text__cash advance,0.8749799327213303,0.8749799327213303
text__master,0.87492695248376,0.87492695248376
text__extended,-0.8748893589594243,0.8748893589594243
text__stolen,0.8747291770063778,0.8747291770063778
text__balloon,0.874563469642937,0.874563469642937
text__manually,-0.8740591426554992,0.8740591426554992
text__stuff,0.8736981091754906,0.8736981091754906
text__closed xx,0.8730481940616152,0.8730481940616152
text__area,0.8728566341080791,0.8728566341080791
text__overall,0.8725630251599327,0.8725630251599327
text__speak supervisor,-0.8724502051693206,0.8724502051693206
text__information needed,-0.8712280949687429,0.8712280949687429
text__remove,0.8708528968765837,0.8708528968765837
text__interests,0.8700400135928416,0.8700400135928416
text__prohibits,-0.8680238382993783,0.8680238382993783
text__month xx,-0.8677664620477813,0.8677664620477813
text__accumulated,-0.8674534333280401,0.8674534333280401
text__account frozen,0.8673993389519977,0.8673993389519977
text__credit transaction,0.8671423691224652,0.8671423691224652
text__hours later,-0.8670639327398363,0.8670639327398363
cat__company_grouped_Chime Financial Inc,-0.8665287389039185,0.8665287389039185
text__auto pay,-0.8664306252613238,0.8664306252613238
text__connection,0.8663582431343072,0.8663582431343072
text__called said,0.8662647637111388,0.8662647637111388
text__00 checking,0.8658244402057234,0.8658244402057234
text__xxxx funds,-0.8657036802164328,0.8657036802164328
text__00 told,0.8653217692857325,0.8653217692857325
text__account transfer,-0.8652010472620879,0.8652010472620879
text__occurring,-0.8634378559745773,0.8634378559745773
text__requiring,-0.8633239221358434,0.8633239221358434
text__criteria,0.8630345645673231,0.8630345645673231
text__airline,-0.8629152927761653,0.8629152927761653
text__errors,0.8620429750858611,0.8620429750858611
text__obligor,0.8618527507748347,0.8618527507748347
text__touch,0.861497266074864,0.861497266074864
text__address issue,0.8610530933609896,0.8610530933609896
text__active,-0.8603360038596288,0.8603360038596288
text__knowledge,0.8601686845505508,0.8601686845505508
text__dated xxxx,0.8600485450338068,0.8600485450338068
text__drop,0.8589834251950917,0.8589834251950917
text__complaint cash,0.858759095113786,0.858759095113786
text__card bank,0.8576635969776537,0.8576635969776537
text__respect,-0.8575481779968018,0.8575481779968018
text__couple,-0.8574632766693936,0.8574632766693936
text__flight,0.857423156800486,0.857423156800486
text__reporting act,0.8572224580293015,0.8572224580293015
text__mortgage statement,0.85715105618543,0.85715105618543
text__working,-0.857039809797038,0.857039809797038
text__fifth,0.8568116944493132,0.8568116944493132
text__limitation,0.8562816643889716,0.8562816643889716
text__account set,-0.8562034553297925,0.8562034553297925
text__checking,-0.8560889599693807,0.8560889599693807
cat__sub_issue_Problem with fees charged,-0.855871120202004,0.855871120202004
text__current balance,-0.8555823202958255,0.8555823202958255
text__afternoon,-0.8553892404019445,0.8553892404019445
text__according xxxx,-0.8553449235743785,0.8553449235743785
text__vendor,0.8552739660169995,0.8552739660169995
text__300 00,0.8547949610918524,0.8547949610918524
text__account immediately,0.8547696989251738,0.8547696989251738
text__alleged debt,0.8546675530994878,0.8546675530994878
text__paid xxxx,0.854388167193073,0.854388167193073
text__days past,0.8543063519327149,0.8543063519327149
text__taken,0.8541142202735477,0.8541142202735477
text__maintenance,0.8536960475602892,0.8536960475602892
text__gets,0.8535212422321071,0.8535212422321071
text__meet,-0.8533807437360785,0.8533807437360785
text__xxxx called,-0.8532732118060078,0.8532732118060078
text__drivers license,0.8530452729597587,0.8530452729597587
text__denied access,0.8521884399234956,0.8521884399234956
text__xxxx tracking,-0.85153955938236,0.85153955938236
text__series,-0.8511161898580057,0.8511161898580057
text__wrong address,0.8508073293477948,0.8508073293477948
text__identified,-0.850460487155051,0.850460487155051
text__aware,0.8497293017760489,0.8497293017760489
text__credits,-0.8496226619781488,0.8496226619781488
text__38,0.8494276425302236,0.8494276425302236
text__send check,-0.8489859193898055,0.8489859193898055
text__xxxx car,0.8487092382822444,0.8487092382822444
text__xx 24,0.8483003007927497,0.8483003007927497
text__12000,0.847577190373226,0.847577190373226
text__12000 00,0.847577190373226,0.847577190373226
text__xxxx going,0.8473706455086004,0.8473706455086004
text__look,-0.8473566373716445,0.8473566373716445
text__including,-0.8469665823367676,0.8469665823367676
text__create,0.8465503948190019,0.8465503948190019
text__emails xxxx,0.8464789009324271,0.8464789009324271
text__lack transparency,-0.8450072393653622,0.8450072393653622
text__removed account,0.8449731147610756,0.8449731147610756
text__days receive,0.8443183503104342,0.8443183503104342
text__sincerely,-0.8441296358527616,0.8441296358527616
text__costs,0.8437924461423874,0.8437924461423874
text__recording,-0.8437682134393307,0.8437682134393307
text__upset,-0.8437475143515892,0.8437475143515892
text__logging,0.8434617650047381,0.8434617650047381
text__harassment,-0.8433578688286768,0.8433578688286768
text__tickets,-0.8427606334942775,0.8427606334942775
text__continually,-0.8417820954315833,0.8417820954315833
text__payment loan,0.8416760311073713,0.8416760311073713
text__xxxx need,0.8416553275934561,0.8416553275934561
text__deposited xxxx,0.8416187414854922,0.8416187414854922
text__isnt,0.8415444289361954,0.8415444289361954
text__endorsed,0.8412050802242355,0.8412050802242355
text__representatives,0.8411209233284048,0.8411209233284048
text__finance charges,-0.8411195065107916,0.8411195065107916
text__email sent,0.8410814229717467,0.8410814229717467
text__paid time,-0.8410352674905995,0.8410352674905995
text__personal information,-0.8408684958570656,0.8408684958570656
text__order xxxx,-0.8408372790148437,0.8408372790148437
text__applied xxxx,0.8406464716350476,0.8406464716350476
cat__sub_issue_Funds not handled or disbursed as instructed,-0.8406267242023405,0.8406267242023405
text__tomorrow,0.8399421621401162,0.8399421621401162
text__advice,-0.8393830509412423,0.8393830509412423
text__lease,0.8392256586879389,0.8392256586879389
text__xxxx dear,-0.839209960734901,0.839209960734901
text__00 fees,-0.8390405141116186,0.8390405141116186
text__housing,-0.8390087934455017,0.8390087934455017
text__involved,-0.8389631801843954,0.8389631801843954
text__making payments,-0.8388868336061671,0.8388868336061671
text__approve,-0.838634232146427,0.838634232146427
text__step,0.8367841253222866,0.8367841253222866
text__xxxx returned,0.8366562598190159,0.8366562598190159
text__disputed transaction,0.836356881158246,0.836356881158246
text__attachment,0.8356441609250804,0.8356441609250804
text__settle,0.8354773349224196,0.8354773349224196
text__knowing,0.8354458736241418,0.8354458736241418
text__business xxxx,-0.8351467434247913,0.8351467434247913
text__referenced,0.8350648815047778,0.8350648815047778
text__branch,0.8335219193334757,0.8335219193334757
text__communicate,0.8330533998521915,0.8330533998521915
text__perform,0.8328599605699727,0.8328599605699727
text__laws,0.8326797357495533,0.8326797357495533
text__day late,0.8325909491645567,0.8325909491645567
text__blame,-0.8325589410104207,0.8325589410104207
text__depositing,0.8324419767794923,0.8324419767794923
text__produce,0.8312764229091945,0.8312764229091945
text__resume,0.8312169521144213,0.8312169521144213
text__homeowners insurance,-0.8310555277635421,0.8310555277635421
text__provide written,0.8308574259549897,0.8308574259549897
text__money paid,-0.8301351873219696,0.8301351873219696
text__advertisement,0.8298137582377298,0.8298137582377298
text__missing,0.8295137163781845,0.8295137163781845
text__sold xxxx,0.8285691943222961,0.8285691943222961
text__dispute transaction,-0.8284124488572145,0.8284124488572145
text__choose,0.8277596634122298,0.8277596634122298
text__cryptocurrency,0.8273096816602346,0.8273096816602346
text__shut,0.8270606567616097,0.8270606567616097
text__return money,-0.8269042587004635,0.8269042587004635
text__hung,0.8265142666656538,0.8265142666656538
text__told phone,0.8258895469981454,0.8258895469981454
text__1666b,-0.8256888144013783,0.8256888144013783
text__investigation,0.825562114987532,0.825562114987532
text__charges account,-0.8251919401085781,0.8251919401085781
text__employees,-0.8251188805207353,0.8251188805207353
text__kind,0.8250314660238692,0.8250314660238692
text__access funds,0.8234925956776573,0.8234925956776573
text__credit,0.8223774984731858,0.8223774984731858
cat__issue_Wrong amount charged or received,0.822354625821374,0.822354625821374
text__upfront,0.8204845501444825,0.8204845501444825
text__deposited check,0.8204158498004208,0.8204158498004208
text__financial harm,-0.8202523668432377,0.8202523668432377
text__notarized,0.8199406997035972,0.8199406997035972
text__dear sir,-0.8198515345037507,0.8198515345037507
text__struggling,0.8194975865705324,0.8194975865705324
text__file xxxx,-0.818972169670511,0.818972169670511
text__count,0.8187061270402071,0.8187061270402071
text__2021,-0.8185740142554692,0.8185740142554692
text__xxxx vehicle,-0.818465037827372,0.818465037827372
text__wouldn,-0.8170230910098608,0.8170230910098608
text__registration,0.8166535210971975,0.8166535210971975
text__dealing,-0.8164159305758137,0.8164159305758137
text__pattern,-0.8161318189176313,0.8161318189176313
text__xx 2020,0.8159288202431666,0.8159288202431666
text__account need,0.8158133266064896,0.8158133266064896
text__money did,-0.815578152498768,0.815578152498768
text__reinstated,-0.8149975292613526,0.8149975292613526
text__refinanced,0.8146595280440467,0.8146595280440467
text__strange,-0.8143882194177,0.8143882194177
text__happened xxxx,-0.814344982600873,0.814344982600873
text__xxxx charges,0.8142768314158365,0.8142768314158365
text__xx 2018,-0.8134103831279587,0.8134103831279587
text__sat,-0.8133535847383525,0.8133535847383525
text__freedom,-0.812589435147926,0.812589435147926
text__opened checking,0.8124053001298989,0.8124053001298989
text__transparent,0.8120132536819388,0.8120132536819388
text__xxxx assured,-0.8118035592271784,0.8118035592271784
text__texas,-0.8116431632068486,0.8116431632068486
text__official,-0.8103273577753424,0.8103273577753424
text__9000 00,0.8101726893546575,0.8101726893546575
text__9000,0.8101726893546575,0.8101726893546575
text__mortgage servicing,-0.8101600852485217,0.8101600852485217
text__xxxx xxxxxx,0.8101547643713054,0.8101547643713054
text__notifications,0.8099684903076222,0.8099684903076222
text__70,0.8097998251497465,0.8097998251497465
text__looks like,-0.8097400886835991,0.8097400886835991
text__processes,-0.809310737543426,0.809310737543426
text__mortgages,0.8092603816500183,0.8092603816500183
text__footage,-0.8092442534243706,0.8092442534243706
cat__sub_issue_Denied request to lower payments,0.8088178832371388,0.8088178832371388
text__15 years,-0.808751254456369,0.808751254456369
text__retirement,-0.8083544913321752,0.8083544913321752
text__gives,0.807203321637152,0.807203321637152
text__bounced,0.8071625182848368,0.8071625182848368
text__justify,0.80689192291419,0.80689192291419
text__number provided,0.8068388870378363,0.8068388870378363
text__insurance company,0.8058118789658829,0.8058118789658829
text__america xx,0.8040723171562012,0.8040723171562012
text__ms,0.8039314977520897,0.8039314977520897
text__dmv,-0.8032570654577446,0.8032570654577446
text__approximately xxxx,-0.8031326099037857,0.8031326099037857
text__initiate,0.8026551596493138,0.8026551596493138
text__choice,0.8026020312617029,0.8026020312617029
text__refer,0.8023680763422343,0.8023680763422343
text__actively,0.8021983284409338,0.8021983284409338
text__pandemic,-0.8016572692019017,0.8016572692019017
cat__sub_issue_Can't use card to make purchases,-0.8014517459200728,0.8014517459200728
text__payment did,0.8011174362162902,0.8011174362162902
text__flood,-0.8004046625561149,0.8004046625561149
text__shown,0.8000313333731982,0.8000313333731982
text__able use,-0.7999200839239854,0.7999200839239854
text__fix issue,0.7995860634434802,0.7995860634434802
text__misrepresentation,0.7993288419963305,0.7993288419963305
cat__sub_issue_Billing dispute for services,0.7992865860227033,0.7992865860227033
text__bit,0.7986505670175992,0.7986505670175992
text__420,0.7984918881817927,0.7984918881817927
text__filing complaint,0.7981594781958119,0.7981594781958119
text__product,-0.7980873885083236,0.7980873885083236
text__principal balance,0.7978600093385048,0.7978600093385048
text__outcome,0.7977999670496481,0.7977999670496481
text__xxxx number,0.7974652038196332,0.7974652038196332
text__420 00,0.7971104382686457,0.7971104382686457
text__foreclosed,-0.7970354486423705,0.7970354486423705
text__set,0.7967794084738304,0.7967794084738304
text__board,0.7954126209620445,0.7954126209620445
text__screenshot,0.7949699517123011,0.7949699517123011
text__number listed,0.7942906584330619,0.7942906584330619
text__account closure,-0.7942556812685113,0.7942556812685113
text__chapter xxxx,0.7939928691885401,0.7939928691885401
text__primary,0.793053077242874,0.793053077242874
text__ratio,-0.792821538041258,0.792821538041258
text__money said,0.7925781330659938,0.7925781330659938
text__finance,0.7920517294165641,0.7920517294165641
text__account tried,-0.7918356811049232,0.7918356811049232
text__tactics,-0.7917007575358805,0.7917007575358805
text__lagged,-0.7916784757136246,0.7916784757136246
text__xxxx given,-0.7916500869714491,0.7916500869714491
text__excellent,-0.7912314335817908,0.7912314335817908
text__theyre,-0.7912266499137092,0.7912266499137092
text__letter received,0.7906881422594458,0.7906881422594458
text__account restricted,-0.7885680980386646,0.7885680980386646
text__partial claim,-0.7882527129498283,0.7882527129498283
text__refused,-0.7880787236540892,0.7880787236540892
text__xxxx multiple,-0.7878881321664196,0.7878881321664196
text__starting,0.7871461824478535,0.7871461824478535
text__systems,0.7869686549254724,0.7869686549254724
text__accounts opened,-0.786845243567869,0.786845243567869
text__min,0.7866458354142019,0.7866458354142019
cat__issue_Closing your account,0.7858203995118413,0.7858203995118413
text__citizens bank,0.7856846447813877,0.7856846447813877
text__withdrawals,-0.7850537075969465,0.7850537075969465
text__sent email,-0.7847802399140967,0.7847802399140967
text__recently,0.7838015545416693,0.7838015545416693
text__tx xxxx,-0.7835632043902653,0.7835632043902653
text__100,-0.7834656324916321,0.7834656324916321
text__17000 00,0.783148136941852,0.783148136941852
text__uses,-0.7830695787083982,0.7830695787083982
text__17000,0.782546352346404,0.782546352346404
text__notification,0.782501056521525,0.782501056521525
text__decision,0.7824426484193137,0.7824426484193137
text__xxxx state,-0.7819238608108467,0.7819238608108467
text__posted account,0.7817936584391216,0.7817936584391216
text__payment sent,-0.7814327055232816,0.7814327055232816
text__admit,0.7810854896658666,0.7810854896658666
text__reasons,-0.7805586867261257,0.7805586867261257
text__protecting,-0.7793924526465438,0.7793924526465438
text__bank customer,0.7791527607000898,0.7791527607000898
text__overdraft protection,0.7789357585164175,0.7789357585164175
text__00 pay,0.7789304584411949,0.7789304584411949
text__50000 00,0.7785860993152495,0.7785860993152495
text__50000,0.7785860993152495,0.7785860993152495
text__company told,0.7777159998278182,0.7777159998278182
text__xxxx id,0.777555527345518,0.777555527345518
text__justice,0.7773713446573493,0.7773713446573493
text__1500 00,-0.777332187445574,0.777332187445574
text__limited,-0.7772049964105463,0.7772049964105463
cat__product_Bank account or service,-0.776883560723218,0.776883560723218
text__assumption,-0.7767550057943292,0.7767550057943292
text__rep xxxx,-0.7763652355590674,0.7763652355590674
text__power,-0.7761367902812615,0.7761367902812615
cat__state_grouped_WV,-0.7760964372922735,0.7760964372922735
text__technical,0.7759670989118289,0.7759670989118289
text__promotional offer,0.7755058691153495,0.7755058691153495
text__pay mortgage,0.7753787354211905,0.7753787354211905
text__phone number,0.775165815144747,0.775165815144747
text__xxxx nj,0.7748871003174864,0.7748871003174864
text__whats,-0.7741752179114627,0.7741752179114627
text__discussion,0.773717942856669,0.773717942856669
text__ip,0.7734118909341653,0.7734118909341653
text__researching,-0.7732460764464496,0.7732460764464496
text__conducted,-0.7732390403056585,0.7732390403056585
text__destroyed,0.7725115616937089,0.7725115616937089
text__xxxx attempted,0.772413457745973,0.772413457745973
text__dont want,0.7723565919391123,0.7723565919391123
text__random,0.7721933555351811,0.7721933555351811
text__lending act,-0.7719437442713455,0.7719437442713455
text__48,-0.7714722073706737,0.7714722073706737
num__has_narrative,0.7707729536172014,0.7707729536172014
text__electronically,0.7702368380135134,0.7702368380135134
text__rating,0.7701253952654102,0.7701253952654102
text__picked,0.7701138960010143,0.7701138960010143
text__accepting,0.7699927277243517,0.7699927277243517
text__deferment,0.7697323572329938,0.7697323572329938
text__disclosures,0.7694404535638973,0.7694404535638973
text__lives,0.76906488405226,0.76906488405226
text__car xxxx,-0.7688104856504973,0.7688104856504973
text__rejected,0.7685649980291476,0.7685649980291476
text__loan number,0.7684788100614457,0.7684788100614457
text__belongings,-0.7684102544206882,0.7684102544206882
text__integrity,-0.7683288123826764,0.7683288123826764
text__just want,0.7683081470033631,0.7683081470033631
text__called citibank,-0.7682742192867787,0.7682742192867787
text__raises,0.7682687260931035,0.7682687260931035
text__card time,0.7677374396279328,0.7677374396279328
text__act fcra,0.7673058520859166,0.7673058520859166
text__collect,0.7672865937170154,0.7672865937170154
text__beneficiary,0.7670380734107178,0.7670380734107178
text__given,-0.7669604484428442,0.7669604484428442
text__closed credit,0.7665572187355183,0.7665572187355183
text__prior,-0.7663778311560822,0.7663778311560822
text__collection practices,-0.7660187702429155,0.7660187702429155
text__xxxx 1000,0.7648285453671022,0.7648285453671022
text__file complaint,-0.7647067636774858,0.7647067636774858
text__death,-0.7646878402029872,0.7646878402029872
text__highest,-0.7645943486295406,0.7645943486295406
text__balance xx,-0.7643889041141039,0.7643889041141039
text__knows,0.7642635314345969,0.7642635314345969
text__local,0.7631210085678592,0.7631210085678592
text__camera,-0.7629557341619501,0.7629557341619501
text__sender,0.762819450825982,0.762819450825982
text__fargo account,0.762757136898482,0.762757136898482
text__verbal,-0.7626432886322632,0.7626432886322632
text__personnel,0.7619711075594799,0.7619711075594799
text__broke,0.7619509636785097,0.7619509636785097
text__noticed,0.7616921741373409,0.7616921741373409
text__190,0.7604254144695535,0.7604254144695535
text__luck,0.7601729579239117,0.7601729579239117
text__receive check,0.7601597090088005,0.7601597090088005
text__2700,0.760060950104476,0.760060950104476
text__violation,-0.7596896974422139,0.7596896974422139
text__xxxx saying,-0.7594304498742894,0.7594304498742894
text__minimum,-0.7591115795964851,0.7591115795964851
text__190 00,0.7579362225044015,0.7579362225044015
text__pointed,0.7579017749974986,0.7579017749974986
text__550,0.7565956602284644,0.7565956602284644
text__instantly,0.7561704767606049,0.7561704767606049
text__logs,0.7558268430955972,0.7558268430955972
text__actually,-0.7556331710755915,0.7556331710755915
text__550 00,0.7543997157682077,0.7543997157682077
text__sent documents,-0.7543446412088577,0.7543446412088577
text__stated,-0.7537971706562118,0.7537971706562118
text__addition,-0.753742389410662,0.753742389410662
text__average,-0.7531479404096352,0.7531479404096352
text__face,0.7529918692895448,0.7529918692895448
text__period,0.7526710891713648,0.7526710891713648
text__details,0.7526364850954022,0.7526364850954022
text__monitor,-0.7525721545158276,0.7525721545158276
text__telephone,-0.7524640312977781,0.7524640312977781
cat__issue_Problem with a purchase or transfer,-0.7520486741756371,0.7520486741756371
text__00 annual,0.7512544932535364,0.7512544932535364
text__thanks,0.751143300389657,0.751143300389657
text__shows,-0.7506593013958235,0.7506593013958235
text__sent xx,0.7506294970821452,0.7506294970821452
text__changing,-0.7503275534553652,0.7503275534553652
text__2700 00,0.7502660907204172,0.7502660907204172
text__agent xxxx,-0.750114331984951,0.750114331984951
text__text messages,-0.7500802678628417,0.7500802678628417
text__did work,0.7500746494679644,0.7500746494679644
text__customer,-0.7500323844528987,0.7500323844528987
text__reported xxxx,0.7496599420128968,0.7496599420128968
text__update,-0.7488499141129776,0.7488499141129776
text__pushed,-0.7487981099876,0.7487981099876
text__withdraw funds,-0.7485204681223575,0.7485204681223575
text__transferred xxxx,-0.7484611324156621,0.7484611324156621
text__hamp,0.7481776583436389,0.7481776583436389
text__understood,0.7472261344035442,0.7472261344035442
cat__issue_Problems when you are unable to pay,0.7469379773636442,0.7469379773636442
text__adding,0.7467992191462786,0.7467992191462786
text__increase,-0.7464690617626154,0.7464690617626154
text__rewards,0.7459404162248853,0.7459404162248853
text__answers,-0.7457647206971817,0.7457647206971817
text__saturday,0.74546815262136,0.74546815262136
text__notified,0.7453469862804503,0.7453469862804503
text__satisfaction,0.7451514311578477,0.7451514311578477
text__pdf,0.7449406882431328,0.7449406882431328
text__xxxx wrote,0.7432580058787867,0.7432580058787867
text__scrub,0.7430602189097699,0.7430602189097699
text__shellpoint,0.7425082941844635,0.7425082941844635
text__access xxxx,0.7421101797370158,0.7421101797370158
text__tracking number,0.7416439687297904,0.7416439687297904
text__provided proof,-0.7410434383925412,0.7410434383925412
text__billing statement,-0.740760023619906,0.740760023619906
text__homes,0.7404902440398927,0.7404902440398927
text__oh,0.7404547863945515,0.7404547863945515
text__settlement,0.7401130649325918,0.7401130649325918
text__mother,-0.7400398399242424,0.7400398399242424
text__zero,0.740037245442107,0.740037245442107
text__underwriter,0.7396364963675824,0.7396364963675824
text__want know,0.7389043171243,0.7389043171243
text__photo,-0.7387486534019875,0.7387486534019875
text__major,0.7382375103000415,0.7382375103000415
text__past years,0.738080332932087,0.738080332932087
text__xxxx citibank,-0.7375818881239361,0.7375818881239361
text__surprise,0.7373608130573693,0.7373608130573693
text__xxxx pay,0.7373097533632974,0.7373097533632974
text__maximum,0.7371024227912186,0.7371024227912186
text__tx,-0.7364074140016578,0.7364074140016578
cat__issue_Trouble using your card,0.7361554573565833,0.7361554573565833
text__told,0.734414313491426,0.734414313491426
text__shopping,0.7341581383167378,0.7341581383167378
text__estimated,-0.733829149131464,0.733829149131464
text__internal,0.733815900965402,0.733815900965402
text__usps,0.733441393152008,0.733441393152008
cat__sub_product_FHA mortgage,0.7333681469118505,0.7333681469118505
text__opportunity,-0.7332844112853844,0.7332844112853844
text__sls,0.7330022651264908,0.7330022651264908
text__supporting documents,0.732821663945179,0.732821663945179
cat__sub_issue_Closing disclosure or other related disclosures,-0.7320259050714798,0.7320259050714798
text__electronic fund,-0.73202210727848,0.73202210727848
text__days account,0.7313485931745953,0.7313485931745953
text__specified,0.7306385937599095,0.7306385937599095
text__reduced,-0.7301506364922105,0.7301506364922105
text__notes,-0.7300950501075187,0.7300950501075187
text__attorney,0.7297765773023642,0.7297765773023642
text__claims,-0.7295636193741947,0.7295636193741947
cat__issue_Trouble during payment process,0.7294815101172426,0.7294815101172426
text__website xxxx,-0.7291953025368014,0.7291953025368014
text__dollars xxxx,-0.7281414361954073,0.7281414361954073
text__woman,0.7280716832853994,0.7280716832853994
text__xxxx 100,-0.7276892294364373,0.7276892294364373
text__loans,-0.7266305136009921,0.7266305136009921
text__violation fair,0.7262814265228084,0.7262814265228084
text__assumed,-0.7260700565224617,0.7260700565224617
text__xxxx signed,-0.7259554215670557,0.7259554215670557
text__underwriting,-0.7255841759670835,0.7255841759670835
text__did send,0.7255172143936781,0.7255172143936781
text__entity,-0.7254469792747757,0.7254469792747757
text__missed payment,0.7251038903792091,0.7251038903792091
text__xx scrub,0.7250482465235438,0.7250482465235438
text__entry,0.7248673453309584,0.7248673453309584
text__difficult,0.7243163357642554,0.7243163357642554
text__regular,0.7242507562203911,0.7242507562203911
text__formal,0.7240492484436931,0.7240492484436931
cat__sub_issue_Investigation took more than 30 days,-0.723932365953509,0.723932365953509
text__common,0.7239041654936813,0.7239041654936813
text__making,0.7237264951995795,0.7237264951995795
text__xxxx filed,0.7229711609030389,0.7229711609030389
text__days later,-0.722817858970126,0.722817858970126
text__chime account,0.7226022224299965,0.7226022224299965
text__unusual,0.721754321953875,0.721754321953875
text__request xx,0.7215404079031307,0.7215404079031307
text__receive xxxx,0.721333762101885,0.721333762101885
text__long time,0.7210451301481213,0.7210451301481213
text__xxxx refused,0.7208389423469016,0.7208389423469016
text__supervisor xxxx,0.7208376107363544,0.7208376107363544
text__professional,0.720825744082927,0.720825744082927
text__property tax,-0.7206131052425027,0.7206131052425027
text__stand,0.7205944482396872,0.7205944482396872
text__changes,0.7204044124797767,0.7204044124797767
text__control,0.7203585324246401,0.7203585324246401
text__transactions authorized,0.7193548582767741,0.7193548582767741
text__compliance,-0.719075849912881,0.719075849912881
text__bank refused,0.7185084118794657,0.7185084118794657
text__verify,-0.7185011960073333,0.7185011960073333
text__xxxx husband,0.7179367183097636,0.7179367183097636
text__leaving account,0.717804947190016,0.717804947190016
text__regarding,-0.7176178891000035,0.7176178891000035
text__transferring,-0.7174228465051448,0.7174228465051448
cat__sub_issue_Banking errors,-0.7170387377503966,0.7170387377503966
text__mistakes,0.7164514697253582,0.7164514697253582
text__reflected,0.7163368022844829,0.7163368022844829
text__cell phone,0.7162879810858296,0.7162879810858296
text__sent,0.7159751928218658,0.7159751928218658
text__bank denied,-0.7158294911979614,0.7158294911979614
text__email address,-0.7156225638666522,0.7156225638666522
text__ucc,0.7149915907844536,0.7149915907844536
cat__sub_product_General-purpose prepaid card,0.7149339662297878,0.7149339662297878
text__eligibility,0.7144684839497845,0.7144684839497845
text__marks,-0.7138053297250858,0.7138053297250858
text__assisted,0.7134962107427935,0.7134962107427935
cat__sub_product_CD (Certificate of Deposit),0.7128066833456346,0.7128066833456346
text__select,0.7125039396746395,0.7125039396746395
text__fargo bank,0.7123800056452444,0.7123800056452444
text__30 days,-0.7117168288123122,0.7117168288123122
text__1500,-0.7116438179853783,0.7116438179853783
text__check bank,-0.7116414058971501,0.7116414058971501
text__xxxx use,-0.7116231746206301,0.7116231746206301
text__received check,0.7112305406929337,0.7112305406929337
cat__sub_issue_Confusing or misleading advertising or marketing,-0.7111802128280323,0.7111802128280323
text__truly,0.7111208896290083,0.7111208896290083
text__recognized,0.7110057282987922,0.7110057282987922
text__times xx,0.7109821988552665,0.7109821988552665
text__new xxxx,-0.7109044264490001,0.7109044264490001
text__xxxx did,-0.710720520136372,0.710720520136372
text__instances,-0.7103910276632773,0.7103910276632773
text__modifications,-0.7102341653977892,0.7102341653977892
text__days called,-0.7098924984633335,0.7098924984633335
text__united states,0.7094380751437889,0.7094380751437889
text__position,0.7092986138784214,0.7092986138784214
cat__sub_issue_Billing problem,-0.7089759624341921,0.7089759624341921
text__mr,0.7086375445569139,0.7086375445569139
text__generic,0.7086320291517689,0.7086320291517689
text__class action,-0.7082627390013237,0.7082627390013237
text__permission,-0.7081001705253621,0.7081001705253621
text__xxxx hold,0.708081979658792,0.708081979658792
text__saving,-0.7080439869096523,0.7080439869096523
text__00 said,0.7072801307002401,0.7072801307002401
text__valid,0.7071551964089824,0.7071551964089824
text__00 new,0.7070686612408509,0.7070686612408509
text__xxxx placed,0.7068844516658804,0.7068844516658804
text__negligence,0.7065924430371656,0.7065924430371656
text__times xxxx,0.706292722288831,0.706292722288831
text__00 statement,-0.7057675455049661,0.7057675455049661
text__told received,0.705756991808674,0.705756991808674
text__loan xx,0.7049940475195505,0.7049940475195505
text__getting,-0.7049678152163462,0.7049678152163462
text__xxxx police,0.7049507684866776,0.7049507684866776
text__corrections,-0.7049127968580792,0.7049127968580792
text__deactivated,0.7048428836696705,0.7048428836696705
text__help xxxx,0.7046741197328357,0.7046741197328357
cat__sub_issue_Trouble getting information about the card,-0.7040277075880413,0.7040277075880413
text__payee,0.7034799184274916,0.7034799184274916
text__2000,-0.7031869202082546,0.7031869202082546
text__card balance,-0.7031548966035371,0.7031548966035371
text__business days,0.7031241717372733,0.7031241717372733
text__morgan,0.7029490402970586,0.7029490402970586
text__account did,0.7029296553981856,0.7029296553981856
cat__issue_Deposits and withdrawals,-0.7029042927260951,0.7029042927260951
text__card sent,0.702759292997811,0.702759292997811
text__xxxx ve,0.7025104469406397,0.7025104469406397
text__filed police,-0.702334303256087,0.702334303256087
cat__issue_Problem when making payments,-0.7021489311647815,0.7021489311647815
text__property,0.702063286789129,0.702063286789129
text__letter mail,0.7020077612225165,0.7020077612225165
text__replaced,0.701900842714818,0.701900842714818
text__reflecting,0.7009454099702743,0.7009454099702743
text__spoke customer,0.7008463303727108,0.7008463303727108
text__signing,0.7004896426345795,0.7004896426345795
text__send xxxx,-0.7003820471991355,0.7003820471991355
text__account negative,0.69803251406884,0.69803251406884
text__xxxx asking,-0.6979682276493583,0.6979682276493583
text__loancare,-0.6967070118390444,0.6967070118390444
text__lapse,-0.6963056392743634,0.6963056392743634
text__house,-0.6962225444533775,0.6962225444533775
text__unemployment,-0.6960195628303775,0.6960195628303775
cat__sub_issue_Problem during payment process,0.6957355762345081,0.6957355762345081
cat__issue_Can't contact lender or servicer,-0.69542286417035,0.69542286417035
text__remained,-0.6953035968333933,0.6953035968333933
text__help money,0.6949812289896906,0.6949812289896906
text__missed,0.6948100404510299,0.6948100404510299
text__bank said,-0.6947045724572326,0.6947045724572326
text__check status,0.6940987384787685,0.6940987384787685
text__proof,-0.6940747840288681,0.6940747840288681
text__totaling,-0.6938095995107972,0.6938095995107972
"cat__company_grouped_Coinbase, Inc.",-0.6935824605934682,0.6935824605934682
text__financially,0.6932587528585469,0.6932587528585469
text__transaction xxxx,0.6930276746559474,0.6930276746559474
text__shipped,0.6927935842621508,0.6927935842621508
text__lot,0.6919757369039413,0.6919757369039413
text__xxxx confirmed,0.6919272627316675,0.6919272627316675
text__ref,0.6918672815011442,0.6918672815011442
text__brother,0.6918643065463226,0.6918643065463226
text__usa,-0.6917506149563378,0.6917506149563378
text__00 escrow,-0.6915043696357445,0.6915043696357445
text__hadnt,-0.6911316392451187,0.6911316392451187
text__1026,0.6905711431064718,0.6905711431064718
text__penalized,0.6901659257941375,0.6901659257941375
text__funds released,-0.6900078176097678,0.6900078176097678
text__sec,0.6899624843335912,0.6899624843335912
text__support team,0.6886585770113511,0.6886585770113511
text__dealt,-0.6885288862589068,0.6885288862589068
text__enforce,0.6883819737932722,0.6883819737932722
text__calculation,-0.6878212048854936,0.6878212048854936
text__hard,0.6875159616778339,0.6875159616778339
text__did open,-0.6873261789044308,0.6873261789044308
text__notifying,0.6868443195577306,0.6868443195577306
text__210,0.6864282088479244,0.6864282088479244
text__accrue,0.686400077920526,0.686400077920526
text__mental,-0.6862998504016022,0.6862998504016022
text__moment,0.6861669400822825,0.6861669400822825
text__adequate,0.6854605681905243,0.6854605681905243
text__credit plan,-0.6854180140214341,0.6854180140214341
text__wanted,0.6850521010231678,0.6850521010231678
cat__product_Consumer Loan,-0.6848012925951041,0.6848012925951041
cat__state_grouped_NE,0.6844820048709731,0.6844820048709731
text__standard,-0.6838464935582146,0.6838464935582146
text__doesn,0.6837517076058884,0.6837517076058884
text__consequences,0.6835864317072646,0.6835864317072646
text__opened dispute,0.6834016913700404,0.6834016913700404
text__meant,0.6833729606899387,0.6833729606899387
text__forms,0.6829304644761384,0.6829304644761384
text__pending,-0.6827721579290689,0.6827721579290689
text__ensuring,0.6815075221180185,0.6815075221180185
text__card declined,-0.6812240792702468,0.6812240792702468
text__increased,0.6806262679220091,0.6806262679220091
text__enclosed,0.6804557858679577,0.6804557858679577
text__attention,-0.6796475244143646,0.6796475244143646
text__trying make,0.6794551938207497,0.6794551938207497
text__cost,0.67904946913692,0.67904946913692
text__second,-0.6790021437702153,0.6790021437702153
text__reflects,-0.6789936762054958,0.6789936762054958
text__charge credit,0.6789856484697349,0.6789856484697349
text__reporting agency,-0.6788731792443726,0.6788731792443726
text__home equity,-0.678569110284542,0.678569110284542
text__card charged,-0.678386352577329,0.678386352577329
text__charged xxxx,0.6782235463845443,0.6782235463845443
text__just like,0.6781747172403808,0.6781747172403808
cat__issue_Confusing or misleading advertising or marketing,-0.6779951000120584,0.6779951000120584
text__attempted make,-0.6775783952932924,0.6775783952932924
text__stores,0.677284032380867,0.677284032380867
text__proven,0.6768695545979686,0.6768695545979686
text__matter resolved,-0.6763115305875417,0.6763115305875417
text__xxxx year,0.6762713175809433,0.6762713175809433
text__questioned,-0.6759814587262399,0.6759814587262399
text__usd xxxx,-0.6755048110855055,0.6755048110855055
text__manager said,0.6752145744547343,0.6752145744547343
text__purchasing,-0.6744866246132522,0.6744866246132522
text__packet,0.6742048419890795,0.6742048419890795
text__regulation,-0.6732600082377362,0.6732600082377362
text__military,-0.672719570619908,0.672719570619908
text__till,-0.6727165409920925,0.6727165409920925
text__resolve matter,-0.6727164054702289,0.6727164054702289
text__statement credit,0.6727097777139084,0.6727097777139084
text__collecting,0.6724115865386352,0.6724115865386352
text__partial,0.6721382573746839,0.6721382573746839
text__xxxx page,0.67068917555703,0.67068917555703
text__money sent,0.6706216128587582,0.6706216128587582
text__received email,0.6705248135060065,0.6705248135060065
text__send new,0.6704544914174778,0.6704544914174778
text__relevant,-0.6701263022791198,0.6701263022791198
text__america account,0.669389507775552,0.669389507775552
text__financial loss,0.669129766489763,0.669129766489763
text__realized,0.6687419891734339,0.6687419891734339
text__xxxx 10,-0.668680524430512,0.668680524430512
cat__issue_Problem with the payoff process at the end of the loan,-0.6683884342382803,0.6683884342382803
text__explaining,-0.6682039844264219,0.6682039844264219
text__criminals,0.6672570477540049,0.6672570477540049
text__prevented,0.667167642330048,0.667167642330048
text__spoke supervisor,0.666241229351817,0.666241229351817
text__money taken,0.6656996273925689,0.6656996273925689
cat__sub_issue_Credit card company won't increase or decrease your credit limit,0.6650463239811687,0.6650463239811687
text__xxxx balance,0.6649677802757282,0.6649677802757282
text__button,0.6649560673819569,0.6649560673819569
text__response xx,0.6648854313530477,0.6648854313530477
text__center,-0.6647838871660159,0.6647838871660159
text__suspected,0.664687516627711,0.664687516627711
text__account opened,-0.6646354086062445,0.6646354086062445
text__worst,-0.6643297544849562,0.6643297544849562
text__sellers,0.6638054927372736,0.6638054927372736
text__reset,-0.6628105780828241,0.6628105780828241
text__able make,-0.6626781623763915,0.6626781623763915
text__head,0.6625121517886359,0.6625121517886359
text__4500,0.6624157058179058,0.6624157058179058
text__managers,0.6619575162706984,0.6619575162706984
text__mastercard,-0.6617041535174008,0.6617041535174008
text__xxxx days,0.6613636225614113,0.6613636225614113
text__terminated,0.6610614945648068,0.6610614945648068
text__accessed,-0.6609163763533568,0.6609163763533568
text__increases,-0.6603753001359044,0.6603753001359044
text__collateral,0.6598346005268954,0.6598346005268954
text__sum,-0.6596297383333185,0.6596297383333185
text__label,0.6594352087194171,0.6594352087194171
text__balance credit,-0.6585947908385098,0.6585947908385098
text__mortgage servicer,0.6581633037107221,0.6581633037107221
text__management,0.6575751950373552,0.6575751950373552
text__walked,0.6560884458240305,0.6560884458240305
text__adjustment,-0.6560076099450647,0.6560076099450647
text__attachments,0.655745313217285,0.655745313217285
text__dropped,-0.6555489228310026,0.6555489228310026
text__schedule,0.6554806176930719,0.6554806176930719
text__did comply,0.6554573504133444,0.6554573504133444
text__generated,0.6553541218847927,0.6553541218847927
text__request assistance,-0.6547289688849184,0.6547289688849184
text__funds received,0.6544276451003113,0.6544276451003113
text__withdrew,0.6543392437390874,0.6543392437390874
text__remarks,0.6542003335554526,0.6542003335554526
text__exhibit,0.6523740168557143,0.6523740168557143
text__app failed,0.6521471068321014,0.6521471068321014
text__undue,0.6521235454443142,0.6521235454443142
text__xx 2019,-0.6515547865707219,0.6515547865707219
text__writing formally,0.6509490881023277,0.6509490881023277
cat__sub_issue_Trouble using the card to spend money in a store or online,-0.6504201162595178,0.6504201162595178
text__manager xxxx,-0.6502829976765607,0.6502829976765607
text__mess,0.6496921886444683,0.6496921886444683
text__error resolution,0.6491825754525169,0.6491825754525169
text__filed xxxx,0.648749522812486,0.648749522812486
text__sit,-0.6486660050638658,0.6486660050638658
text__recommended,0.6486522854085469,0.6486522854085469
text__associated,0.6484343894076725,0.6484343894076725
text__recall,0.6483644495288158,0.6483644495288158
text__billing cycle,-0.6469926386858698,0.6469926386858698
cat__sub_issue_Problem with rewards from credit card,-0.6469363823275195,0.6469363823275195
text__remove late,-0.6468389531565999,0.6468389531565999
text__said did,0.6466157187062185,0.6466157187062185
cat__sub_issue_Charged for a purchase or transfer you did not make with the card,0.6465836249045691,0.6465836249045691
text__upload,0.6464697354387671,0.6464697354387671
text__designed,-0.646322357772461,0.646322357772461
text__personally,-0.6460579779943588,0.6460579779943588
cat__sub_issue_Payment process,-0.6453561970374706,0.6453561970374706
cat__sub_issue_Confusing or misleading advertising about the credit card,-0.6448558793703828,0.6448558793703828
cat__state_grouped_HI,0.6447202043559741,0.6447202043559741
text__signatures,-0.6442303169464036,0.6442303169464036
text__correct information,0.6441883030936264,0.6441883030936264
text__statements xxxx,-0.643936786603397,0.643936786603397
text__na,0.642927465015505,0.642927465015505
text__desk,-0.6428314569400185,0.6428314569400185
text__law,0.6426620276215134,0.6426620276215134
text__appeal,0.6425404081175307,0.6425404081175307
text__credit issued,0.641604039157277,0.641604039157277
text__did xx,-0.6415698297008433,0.6415698297008433
text__word,0.6415080380766527,0.6415080380766527
text__sent letter,0.6410921396521684,0.6410921396521684
text__points,0.6408093386918784,0.6408093386918784
cat__sub_product_Conventional home mortgage,0.6405917611347607,0.6405917611347607
text__creating,-0.6403306315660349,0.6403306315660349
text__family member,0.6402953144308576,0.6402953144308576
text__respectfully request,0.6392072940757411,0.6392072940757411
text__im,0.6387700948003444,0.6387700948003444
text__willing,-0.6384579970244204,0.6384579970244204
text__cc,-0.637454957588702,0.637454957588702
text__xxxx noticed,-0.6371664494523049,0.6371664494523049
text__fell,0.6368582252200444,0.6368582252200444
"cat__issue_Other features, terms, or problems",0.6368200621434227,0.6368200621434227
text__lost job,0.6366719751878314,0.6366719751878314
text__loan did,0.6365748896860015,0.6365748896860015
text__insurance policy,-0.6359044381754375,0.6359044381754375
text__service xx,-0.6358604796308416,0.6358604796308416
text__99,-0.6357562641455777,0.6357562641455777
text__installment,0.6357022383578715,0.6357022383578715
text__3200 00,-0.6356233578879317,0.6356233578879317
text__items,0.6355943620033441,0.6355943620033441
text__25 00,0.6353779741615193,0.6353779741615193
cat__state_grouped_AR,0.6353736401531945,0.6353736401531945
text__concerns regarding,-0.6352777558184729,0.6352777558184729
text__3200,-0.6350677818800388,0.6350677818800388
text__submitting complaint,0.6348695650220819,0.6348695650220819
text__responses,-0.6347616760110046,0.6347616760110046
text__speak xxxx,0.6345651510081552,0.6345651510081552
text__hostage,0.6344545418253711,0.6344545418253711
text__connected,-0.6341144266183844,0.6341144266183844
text__resolving issue,0.6339780727221541,0.6339780727221541
text__statement showing,-0.633890828252592,0.633890828252592
text__think,-0.633861261283647,0.633861261283647
text__loan payment,-0.6337288488435723,0.6337288488435723
text__balances,-0.6335232434627515,0.6335232434627515
text__totally,0.6330693038046342,0.6330693038046342
text__shocked,0.6327087872452762,0.6327087872452762
text__funds,-0.6320958136252113,0.6320958136252113
text__threatened,-0.6320515538061926,0.6320515538061926
text__sudden,-0.6314593966807945,0.6314593966807945
text__refinancing,0.6311555928461019,0.6311555928461019
text__4500 00,0.6308824612434775,0.6308824612434775
text__credited,-0.6305917552230305,0.6305917552230305
text__contract,0.6301593038356819,0.6301593038356819
text__2023 xxxx,0.6301588698157456,0.6301588698157456
text__mailed check,0.6300557298386226,0.6300557298386226
text__xxxx statement,0.6291657255810148,0.6291657255810148
text__checking savings,0.6291516547212646,0.6291516547212646
text__account day,0.6290401033484915,0.6290401033484915
text__expressed,0.6286696863082695,0.6286696863082695
text__signed xxxx,0.6286001276532687,0.6286001276532687
text__act,0.6284465642704629,0.6284465642704629
text__750 00,-0.6281442091401088,0.6281442091401088
text__opened xx,0.628094751843288,0.628094751843288
text__open new,0.6279984897301557,0.6279984897301557
text__money,-0.6276154406913593,0.6276154406913593
text__xxxx stating,-0.6274896359379036,0.6274896359379036
text__received credit,-0.6267018148961283,0.6267018148961283
text__resolution process,0.6266993352951368,0.6266993352951368
text__xxxx wells,0.6266313591318113,0.6266313591318113
text__provides,-0.6255395527635319,0.6255395527635319
text__talked xxxx,0.6254334086568918,0.6254334086568918
text__findings,-0.6250563367365393,0.6250563367365393
text__10 business,-0.6244351073013887,0.6244351073013887
text__neglected,0.6241455643949261,0.6241455643949261
text__balance card,0.6241131439779256,0.6241131439779256
text__month,0.624010499053019,0.624010499053019
text__called times,0.6238815494005194,0.6238815494005194
text__mistake,-0.6237727653097563,0.6237727653097563
text__picture,0.6232616934595631,0.6232616934595631
text__opened account,-0.6223922336312765,0.6223922336312765
text__account online,0.6222438502799165,0.6222438502799165
text__papers,0.6220474690383322,0.6220474690383322
text__stayed,0.6218428465038931,0.6218428465038931
text__apparently,0.6217966469759479,0.6217966469759479
text__routing,-0.6209836599638021,0.6209836599638021
text__minute,0.6209794075766846,0.6209794075766846
text__asked provide,0.6206623289423026,0.6206623289423026
text__fair credit,0.6199451047426798,0.6199451047426798
text__attorney xxxx,0.6197708889297795,0.6197708889297795
text__xxxx following,0.6191759016356811,0.6191759016356811
text__options,0.6190691933680016,0.6190691933680016
cat__state_grouped_NM,-0.6187859853378516,0.6187859853378516
text__identity theft,-0.618367018900236,0.618367018900236
text__xxxx bonus,0.6177522011509465,0.6177522011509465
text__unexpected,-0.617547113337692,0.617547113337692
text__username,0.6174013839668699,0.6174013839668699
text__come,0.6168776747905308,0.6168776747905308
text__app block,0.6167851203342988,0.6167851203342988
text__known,0.6167190453832732,0.6167190453832732
text__customer support,0.6165427254639603,0.6165427254639603
text__reporting late,-0.6164809612999814,0.6164809612999814
text__210 00,0.6160386405480259,0.6160386405480259
text__claiming,-0.6156839105525947,0.6156839105525947
text__refusal,0.6146321047222243,0.6146321047222243
text__service unfair,0.6142839583353142,0.6142839583353142
text__sufficient,0.6142419060384925,0.6142419060384925
text__able access,0.6139948077694711,0.6139948077694711
text__lying,0.6133728522391291,0.6133728522391291
text__18000,0.6132070221199979,0.6132070221199979
text__temporary,0.6130347259081765,0.6130347259081765
cat__sub_issue_Problem getting a working replacement card,-0.6130212675226134,0.6130212675226134
text__registered,0.6129820959582164,0.6129820959582164
text__coupon,0.6127041436307005,0.6127041436307005
text__furnisher,0.6126579347041062,0.6126579347041062
text__forbearance,0.6124584558737262,0.6124584558737262
text__xxxx financial,0.6124361857276204,0.6124361857276204
text__company,0.6122492410255531,0.6122492410255531
text__construction,-0.6121481052728617,0.6121481052728617
text__account reported,0.6117031955452502,0.6117031955452502
text__address fraud,0.6113014096328357,0.6113014096328357
text__able pay,0.6112357027481488,0.6112357027481488
text__did,-0.6111242550187421,0.6111242550187421
text__play,-0.6109000365142562,0.6109000365142562
text__xxxx does,-0.6106670906871418,0.6106670906871418
text__read,-0.6101498675696817,0.6101498675696817
text__banker,-0.6098724188149895,0.6098724188149895
text__school,0.609542966325121,0.609542966325121
text__refunds,0.609411966272294,0.609411966272294
text__felt,-0.6092822207634069,0.6092822207634069
text__difficulties,-0.6087227369128801,0.6087227369128801
text__payments late,0.607637310542708,0.607637310542708
text__19,0.6072908916134102,0.6072908916134102
text__opening,-0.6070744890776556,0.6070744890776556
text__vendors,0.606808036457468,0.606808036457468
text__visa card,-0.6063293105763242,0.6063293105763242
text__provide clear,0.6061157272869473,0.6061157272869473
cat__year_received_2022,0.605936437380324,0.605936437380324
text__block,0.6058586235535465,0.6058586235535465
text__crime,-0.6053457565922182,0.6053457565922182
text__select portfolio,0.6052134611795114,0.6052134611795114
text__18000 00,0.605018996257329,0.605018996257329
text__trial,0.604996967743306,0.604996967743306
text__disclosure,0.6048820539201807,0.6048820539201807
text__apps,-0.6048809185496261,0.6048809185496261
text__video,-0.6040564623756889,0.6040564623756889
text__3500,0.604007641334075,0.604007641334075
text__late reporting,0.6037679932454285,0.6037679932454285
text__does,0.6036983875630864,0.6036983875630864
text__divorce,0.6031346956687341,0.6031346956687341
text__sends,0.6026417977900457,0.6026417977900457
text__vulnerable,0.6021624898711291,0.6021624898711291
text__encountered,0.6021525652655182,0.6021525652655182
text__look forward,-0.6019939328387299,0.6019939328387299
text__refused provide,-0.6019213102674664,0.6019213102674664
text__took place,0.6018723666224364,0.6018723666224364
text__comes,0.6017130514498764,0.6017130514498764
text__withdrawal,0.599882871047063,0.599882871047063
text__receive money,0.5997660601334005,0.5997660601334005
text__money stolen,0.5996108405032424,0.5996108405032424
text__buyers,0.5996079669454263,0.5996079669454263
text__force,-0.5993831436841538,0.5993831436841538
text__ignore,-0.5979142351332369,0.5979142351332369
text__successful,0.5978698960519699,0.5978698960519699
text__measures prevent,0.5976388676856839,0.5976388676856839
text__xxxx dispute,-0.5964916122710212,0.5964916122710212
text__unfortunately,0.5961636532640182,0.5961636532640182
text__crazy,-0.5959970756129959,0.5959970756129959
text__xxxx paypal,0.5959948405233861,0.5959948405233861
text__told pay,0.5958343217584113,0.5958343217584113
text__entries,0.5953547559753873,0.5953547559753873
text__fdic,-0.5951092622490944,0.5951092622490944
text__intended,0.5950331147644597,0.5950331147644597
text__begin,0.5949830548491717,0.5949830548491717
text__dispute xx,0.5941717488676704,0.5941717488676704
text__practices act,0.5940093275405902,0.5940093275405902
cat__product_Mortgage,0.5926969514809779,0.5926969514809779
text__unnecessary,0.5926485682220208,0.5926485682220208
text__xxxx receive,-0.5924833271971931,0.5924833271971931
text__account information,-0.5924420871997644,0.5924420871997644
text__30000 00,-0.5918553463303267,0.5918553463303267
text__30000,-0.5918553463303267,0.5918553463303267
text__text,0.5913973454300591,0.5913973454300591
text__ga,-0.5911663364533656,0.5911663364533656
text__don understand,-0.5911360315060501,0.5911360315060501
text__taken advantage,0.590681544557281,0.590681544557281
text__repeat,0.5905970048509167,0.5905970048509167
text__turns,0.5898430574384503,0.5898430574384503
text__locked,0.5897434393725733,0.5897434393725733
text__community,0.5896780282271593,0.5896780282271593
text__xxxx indicated,0.5884555310333129,0.5884555310333129
text__loss mitigation,-0.5881966569536589,0.5881966569536589
text__need pay,0.5881277377319933,0.5881277377319933
text__xxxx ga,0.5878666308864647,0.5878666308864647
text__clear explanation,0.5875609087550061,0.5875609087550061
text__provisional,0.5873527180708877,0.5873527180708877
text__end xx,0.5872341005657037,0.5872341005657037
text__card company,0.5870413409800913,0.5870413409800913
text__photos,0.5860050957816255,0.5860050957816255
text__00 dollars,-0.5859000853909331,0.5859000853909331
text__risk,-0.5857594645954326,0.5857594645954326
text__claim denied,0.5856633398476374,0.5856633398476374
text__xxxx prior,-0.5856555209907119,0.5856555209907119
text__flag,0.5852902066450265,0.5852902066450265
text__wednesday xx,0.584903605187136,0.584903605187136
text__husband xxxx,-0.5846864577331915,0.5846864577331915
text__responding,0.583653200357768,0.583653200357768
text__threats,0.5836443249809866,0.5836443249809866
text__xxxx email,0.5833401095800406,0.5833401095800406
text__impacted,0.5833271912655726,0.5833271912655726
text__serve,0.5827313504078919,0.5827313504078919
text__xxxx person,0.5825733988534818,0.5825733988534818
text__com,-0.5825446265292056,0.5825446265292056
text__fargo xxxx,0.5825428986545859,0.5825428986545859
text__working xxxx,0.5825132134765039,0.5825132134765039
text__using,0.5820240360723941,0.5820240360723941
text__gotten,0.5819217495343552,0.5819217495343552
text__short,-0.5818970389749522,0.5818970389749522
text__text message,-0.5816154719642422,0.5816154719642422
text__letters,-0.5815406196629684,0.5815406196629684
"cat__product_Payday loan, title loan, personal loan, or advance loan",0.5813539282019105,0.5813539282019105
text__retaliation,-0.5813479168714658,0.5813479168714658
text__company said,0.5812705247458403,0.5812705247458403
text__xxxx contacted,0.5810530581078632,0.5810530581078632
text__xxxx different,0.5809221550129425,0.5809221550129425
text__attorney general,0.5807444828150594,0.5807444828150594
text__listed,-0.5801076117268449,0.5801076117268449
text__comply,0.5798292669056877,0.5798292669056877
text__poa,-0.5794708585213418,0.5794708585213418
text__online portal,-0.5793336154001746,0.5793336154001746
text__95,0.5793049192754429,0.5793049192754429
text__process xxxx,0.5786976452104029,0.5786976452104029
text__entering,0.5783070325099712,0.5783070325099712
text__violate consumer,0.5782682381712875,0.5782682381712875
text__operate,0.5772224737999267,0.5772224737999267
text__fraudulent transactions,-0.5772101756793941,0.5772101756793941
text__fraud dept,-0.5769129975321753,0.5769129975321753
text__suit,0.5769095819953145,0.5769095819953145
text__claim xx,0.5767076821016395,0.5767076821016395
text__goldman,0.5764296064402815,0.5764296064402815
text__accuracy,-0.5760314611724849,0.5760314611724849
text__cashed,-0.5757678200803167,0.5757678200803167
cat__sub_issue_Other problem,-0.5757652116324552,0.5757652116324552
cat__state_grouped_IA,0.575671492398135,0.575671492398135
text__payments applied,-0.5756574340705809,0.5756574340705809
text__7000,0.5753342764276048,0.5753342764276048
text__60 00,0.5748858830192893,0.5748858830192893
text__xxxx purchases,0.5746175825689411,0.5746175825689411
text__transactions xxxx,-0.574458658473028,0.574458658473028
text__replied,-0.5741429899113604,0.5741429899113604
text__2200 00,0.5740416899775876,0.5740416899775876
text__2200,0.573906995714312,0.573906995714312
text__locations,0.5738905663190557,0.5738905663190557
text__xxxx app,0.5737731864782114,0.5737731864782114
text__district,0.5735521001675826,0.5735521001675826
text__xxxx day,0.5731666512802123,0.5731666512802123
text__credit rating,0.5722006648378934,0.5722006648378934
text__7000 00,0.5720087632127391,0.5720087632127391
text__institution,0.5709681181519748,0.5709681181519748
text__totaled,0.5708553784458926,0.5708553784458926
text__messed,0.570548609579272,0.570548609579272
text__did provide,0.5701554174800885,0.5701554174800885
text__financial institutions,-0.5701317393434479,0.5701317393434479
text__allegedly,0.5696058764589743,0.5696058764589743
text__inconvenience financial,0.5695612847416842,0.5695612847416842
text__xxxx 2022,-0.5695375968634223,0.5695375968634223
text__available funds,0.5693819488251618,0.5693819488251618
text__account vulnerable,0.5689595675681931,0.5689595675681931
text__wasted,0.5687809704197191,0.5687809704197191
text__14 days,0.568684927119344,0.568684927119344
text__hi,0.5685793155910752,0.5685793155910752
text__beginning,-0.5682172863344251,0.5682172863344251
text__incompetence,0.56820565574167,0.56820565574167
cat__sub_issue_Fee problem,-0.568177653979829,0.568177653979829
text__reserve,0.5681466808537992,0.5681466808537992
text__escrow account,0.568055097145681,0.568055097145681
text__3500 00,0.567713778819749,0.567713778819749
text__bought,0.5674456816719778,0.5674456816719778
text__later xx,-0.5670600314942147,0.5670600314942147
text__month later,0.5667524627315971,0.5667524627315971
text__payment payment,-0.5667314773781648,0.5667314773781648
text__bank accounts,0.5664985250423565,0.5664985250423565
text__borrowers,-0.5664879344574084,0.5664879344574084
text__remainder,0.5663514289313379,0.5663514289313379
text__credit credit,0.5661922782993395,0.5661922782993395
text__cease desist,-0.5653811231602088,0.5653811231602088
text__loan documents,-0.5652542960305581,0.5652542960305581
text__representative informed,-0.5651223837563605,0.5651223837563605
text__xxxx transferred,0.5650636167979537,0.5650636167979537
text__remaining balance,-0.5649075411073406,0.5649075411073406
text__person spoke,0.5648090731265286,0.5648090731265286
text__times time,0.564802925606858,0.564802925606858
text__sold,-0.5647653960424145,0.5647653960424145
text__payment received,-0.5644727725185402,0.5644727725185402
text__newrez,0.5643661492485126,0.5643661492485126
text__instructions,0.563728735887755,0.563728735887755
text__banking information,-0.5636407234760261,0.5636407234760261
text__don want,-0.5633886248568235,0.5633886248568235
text__utilization,0.5632745668236411,0.5632745668236411
text__offering,-0.5631092221060502,0.5631092221060502
text__sent payment,0.5630724008570941,0.5630724008570941
text__provider,-0.5629952240359885,0.5629952240359885
text__indicate,0.5629256265562298,0.5629256265562298
text__postal,-0.562801987056366,0.562801987056366
text__time period,0.5627061098735548,0.5627061098735548
text__follows,-0.5626017386579854,0.5626017386579854
text__card services,0.5624051302315746,0.5624051302315746
text__120 days,-0.562217180692936,0.562217180692936
text__tied,-0.5620034502448579,0.5620034502448579
text__located xxxx,0.561152399264118,0.561152399264118
text__xxxx minutes,-0.5610933691040003,0.5610933691040003
text__typically,0.5608031209852539,0.5608031209852539
text__mortgage xx,0.5605228136614658,0.5605228136614658
text__previous complaint,0.5602732101029388,0.5602732101029388
text__card told,-0.5600482794540341,0.5600482794540341
text__shared,0.5599153308859214,0.5599153308859214
text__accounting,0.5596738694220836,0.5596738694220836
text__using card,-0.5595798307885022,0.5595798307885022
text__eventually,-0.559465578842728,0.559465578842728
text__charged fees,0.5591645033004723,0.5591645033004723
text__advances,0.5590036824826602,0.5590036824826602
text__purpose,-0.5589760752759212,0.5589760752759212
text__1300,0.5584978462962168,0.5584978462962168
text__solution,0.5584091342760291,0.5584091342760291
cat__issue_Improper use of your report,0.558308827644699,0.558308827644699
text__acts,-0.5582619507188761,0.5582619507188761
text__broker,0.5575472372570167,0.5575472372570167
text__relationship,-0.5569185012002098,0.5569185012002098
text__clear violation,0.5562850805454723,0.5562850805454723
text__xxxx applied,0.5557848573951806,0.5557848573951806
text__account good,0.5554918951519635,0.5554918951519635
text__bureau,-0.555431703213737,0.555431703213737
text__00 bank,-0.5547151056722868,0.5547151056722868
text__overnight,-0.5541429114525078,0.5541429114525078
text__overseas,-0.5540726712123032,0.5540726712123032
text__discriminated,0.5540634407959286,0.5540634407959286
text__payment applied,-0.5539676866269523,0.5539676866269523
text__8000 00,-0.5537384659568922,0.5537384659568922
text__account month,0.5534647612966122,0.5534647612966122
text__file police,0.5530707823262427,0.5530707823262427
text__00 purchase,-0.5529957340528924,0.5529957340528924
text__didn receive,-0.5529326563471231,0.5529326563471231
text__preferred,0.5527585039376379,0.5527585039376379
text__account make,-0.5527170886577586,0.5527170886577586
cat__sub_issue_Credit card company won't work with you while you're going through financial hardship,0.5526942951136782,0.5526942951136782
text__merchants,-0.5526673959552617,0.5526673959552617
text__blocking,0.5525639853561892,0.5525639853561892
text__15 00,0.5520534763387078,0.5520534763387078
text__80,0.5517886838791866,0.5517886838791866
text__efta regulation,0.5517240013813481,0.5517240013813481
text__says,-0.5516602409747329,0.5516602409747329
text__22,-0.5513013147745488,0.5513013147745488
text__meantime,0.5510488750837673,0.5510488750837673
text__bank called,0.5510182801868639,0.5510182801868639
text__500,-0.5508693075785928,0.5508693075785928
text__xxxx money,0.5503920320602107,0.5503920320602107
text__unable access,-0.550179141135341,0.550179141135341
text__2018,0.5498888168252861,0.5498888168252861
text__financial situation,0.5495823888443202,0.5495823888443202
text__cashed check,0.5494930615141929,0.5494930615141929
text__timely effective,0.5493956075165775,0.5493956075165775
text__shall,-0.5491573227655148,0.5491573227655148
text__wanting,0.5491119860946982,0.5491119860946982
text__timely,0.5490306765227972,0.5490306765227972
text__30,-0.5489842877850069,0.5489842877850069
text__fall,0.5489590414749135,0.5489590414749135
text__mortgage insurance,0.548825056982679,0.548825056982679
text__practices violate,0.5485559146531207,0.5485559146531207
text__bringing,0.5483723697986398,0.5483723697986398
text__fraud platform,0.5480418787315638,0.5480418787315638
text__mortgage payments,0.5472858627167769,0.5472858627167769
text__later received,-0.547072778024798,0.547072778024798
text__target,0.5464742604378606,0.5464742604378606
text__finances,0.5464737079514019,0.5464737079514019
cat__sub_product_Other type of mortgage,0.5460720059015393,0.5460720059015393
text__search,0.5459443708733012,0.5459443708733012
text__helping,0.5455861610865208,0.5455861610865208
cat__sub_issue_Problem accessing account,0.5441111784016235,0.5441111784016235
text__loan sold,0.5437694624633307,0.5437694624633307
text__unjust,0.5433742507977317,0.5433742507977317
text__business account,-0.5432602957020674,0.5432602957020674
text__withheld,0.5430151702798021,0.5430151702798021
text__shouldnt,0.5429538803036275,0.5429538803036275
text__informed xxxx,0.5426790645860317,0.5426790645860317
text__xxxx continued,-0.5425591841922285,0.5425591841922285
text__xxxx direct,0.5425351060060317,0.5425351060060317
text__aforementioned,0.5423013243836005,0.5423013243836005
text__months later,0.5414771828657501,0.5414771828657501
text__agree,-0.5413208860095139,0.5413208860095139
text__xxxx started,-0.540884012129149,0.540884012129149
text__citi,0.5407381394905835,0.5407381394905835
text__card said,-0.5403582159594782,0.5403582159594782
text__monthly,-0.5398310759796311,0.5398310759796311
text__delivered,-0.5398060724849987,0.5398060724849987
text__instance,0.5395626201305076,0.5395626201305076
"cat__sub_issue_Trying to communicate with the company to fix an issue related to modification, forbearance, short sale, deed-in-lieu, bankruptcy, or foreclosure",-0.5395086080361525,0.5395086080361525
text__xxxx usd,0.5394011394190843,0.5394011394190843
text__contact,-0.5392448390998744,0.5392448390998744
text__improper,-0.5389430546563494,0.5389430546563494
text__told make,-0.5381975067270376,0.5381975067270376
text__17,0.5379366573249322,0.5379366573249322
text__buying,0.5379112802033531,0.5379112802033531
text__actions,0.5375992100758047,0.5375992100758047
text__action taken,0.5375352760011782,0.5375352760011782
text__platform leaving,0.5374588920504471,0.5374588920504471
text__application process,0.5374299370584324,0.5374299370584324
text__power attorney,0.5374263145798227,0.5374263145798227
text__acting,0.5372666620737779,0.5372666620737779
text__failed timely,0.537119551578135,0.537119551578135
text__vulnerable unprotected,0.5370535781999534,0.5370535781999534
text__prevent address,0.5365792538182288,0.5365792538182288
text__approved loan,0.5353696609998755,0.5353696609998755
text__monthly statement,0.5346959230027797,0.5346959230027797
cat__state_grouped_DE,0.5346749309595292,0.5346749309595292
text__policies,0.5346635434884401,0.5346635434884401
text__xxxx needed,0.5345413293929726,0.5345413293929726
text__advantage,0.5339751155481017,0.5339751155481017
text__bank failed,0.5332223246226965,0.5332223246226965
text__abruptly,0.5332160800542108,0.5332160800542108
text__automatic payments,0.53313831793297,0.53313831793297
cat__sub_product_Domestic (US) money transfer,-0.5330915917081882,0.5330915917081882
text__started xxxx,0.5329918109598544,0.5329918109598544
text__effective measures,0.5329730655965204,0.5329730655965204
text__sending,0.5328079399980497,0.5328079399980497
text__deed trust,0.5320841259373454,0.5320841259373454
text__time called,-0.5319111889099352,0.5319111889099352
text__protection,0.5318411649338808,0.5318411649338808
text__percentage,0.5316818505586387,0.5316818505586387
text__enforcement,-0.5315169656365207,0.5315169656365207
text__push,-0.5314688785226002,0.5314688785226002
text__filed,-0.5314596105808985,0.5314596105808985
text__sachs,0.5310163283830197,0.5310163283830197
text__rep,-0.5309804787488676,0.5309804787488676
text__received response,-0.5308579010350872,0.5308579010350872
text__written,-0.5308165300378535,0.5308165300378535
text__specialist,-0.5303663811264826,0.5303663811264826
text__happen,-0.530311167286408,0.530311167286408
text__confusing,0.5299212390777127,0.5299212390777127
text__breach,-0.5291949967407098,0.5291949967407098
text__xxxx using,0.5283466999657903,0.5283466999657903
text__account activity,0.5276599947880897,0.5276599947880897
text__nj,0.5276123718757029,0.5276123718757029
text__formal complaint,0.5274534554862423,0.5274534554862423
cat__sub_issue_Their investigation did not fix an error on your report,0.5272673494894379,0.5272673494894379
text__conflicting,-0.5272558961195368,0.5272558961195368
text__8000,-0.5271752556189236,0.5271752556189236
cat__sub_product_General-purpose credit card or charge card,0.527162938044267,0.527162938044267
cat__issue_Other service problem,-0.5271063258206342,0.5271063258206342
text__selected,0.526479229549671,0.526479229549671
text__fraud investigation,-0.5259976861622173,0.5259976861622173
text__12,0.5259647605866331,0.5259647605866331
text__goldman sachs,0.525751540393463,0.525751540393463
text__ms xxxx,0.5256329162545905,0.5256329162545905
text__credit xxxx,-0.5255852119800601,0.5255852119800601
text__bring account,0.5252497227001631,0.5252497227001631
text__let,0.525002816047646,0.525002816047646
text__inconvenience,0.5248460328507061,0.5248460328507061
cat__sub_product_Gift card,0.5248271977293038,0.5248271977293038
text__transaction xx,0.5240439489326423,0.5240439489326423
text__15 days,0.5239347655329036,0.5239347655329036
cat__sub_issue_Problem while selling or giving up the vehicle,0.5238747328691481,0.5238747328691481
text__failure provide,0.5236620826366024,0.5236620826366024
cat__sub_issue_infrequent_sklearn,-0.5234644576056596,0.5234644576056596
text__resolution requirements,0.5232773998696562,0.5232773998696562
text__calendar,-0.5231070721103079,0.5231070721103079
text__bank closed,-0.5230520872604397,0.5230520872604397
text__money went,0.5228466950946729,0.5228466950946729
text__incurred,-0.5227069724180679,0.5227069724180679
text__covered,-0.5227058583774701,0.5227058583774701
text__inconsistent,-0.5217601098498703,0.5217601098498703
text__amerihome,-0.5215869772786901,0.5215869772786901
text__specifically cash,0.5212457247211629,0.5212457247211629
text__offer,0.521232791263687,0.521232791263687
text__failure,-0.5212325300291698,0.5212325300291698
text__50,-0.5210854976451177,0.5210854976451177
cat__sub_issue_Deposits and withdrawals,-0.5208602223709259,0.5208602223709259
text__number account,0.5207105080234704,0.5207105080234704
text__forwarded,0.5206789530398555,0.5206789530398555
text__block inadequate,0.5197208084891074,0.5197208084891074
text__account bank,-0.5193043629401689,0.5193043629401689
text__xxxxxx,0.51885979285471,0.51885979285471
text__furthermore dispute,0.5176237504696899,0.5176237504696899
text__recovering,0.5175919615454835,0.5175919615454835
text__placed account,-0.5175521953532604,0.5175521953532604
text__reservation,-0.5175423512344824,0.5175423512344824
text__contacted bank,0.5174457482114921,0.5174457482114921
text__comply error,0.5169762153759434,0.5169762153759434
text__tender,0.5168753982689814,0.5168753982689814
text__surprised,0.5168300247451063,0.5168300247451063
text__requirements electronic,0.5159711038229631,0.5159711038229631
text__guidance,-0.5153308124142051,0.5153308124142051
text__online xxxx,0.5151570581968004,0.5151570581968004
text__xxxx failed,-0.5148775869492176,0.5148775869492176
text__monday,0.5148704394542132,0.5148704394542132
text__paying,0.51468651820807,0.51468651820807
text__transparency unacceptable,-0.5145556627396034,0.5145556627396034
text__xxxxxx xx,0.5145453176792464,0.5145453176792464
cat__sub_product_infrequent_sklearn,-0.5144128041893664,0.5144128041893664
text__furthermore,0.5143004487465076,0.5143004487465076
text__fiduciary,0.5142704793632469,0.5142704793632469
text__program,0.5140345653426365,0.5140345653426365
text__card payment,0.5136952589194346,0.5136952589194346
text__xxxx ny,0.5133402966422964,0.5133402966422964
text__currency,0.5132144541560291,0.5132144541560291
text__specific,0.5128757254745652,0.5128757254745652
text__good standing,0.5126916980060073,0.5126916980060073
text__communication,-0.5126428242360082,0.5126428242360082
text__car payment,0.5125185281790952,0.5125185281790952
text__numbers,0.5120515921199089,0.5120515921199089
text__service number,0.5120039415405716,0.5120039415405716
text__statement balance,-0.5113116798620264,0.5113116798620264
text__deceptive did,0.5111863018912783,0.5111863018912783
text__1300 00,0.5111599118720166,0.5111599118720166
text__120 00,0.511157394730513,0.511157394730513
text__small,-0.511057058949951,0.511057058949951
text__loss seek,0.5108990510128335,0.5108990510128335
text__seek appropriate,0.5107836142541098,0.5107836142541098
text__santander,-0.5104862230593994,0.5104862230593994
text__solutions,0.5099625139268202,0.5099625139268202
cat__issue_Closing an account,-0.5099305828865093,0.5099305828865093
text__away,-0.509539190042207,0.509539190042207
text__amazon,0.509449255393388,0.509449255393388
text__order,-0.509371340210058,0.509371340210058
text__counsel,0.5093118860307463,0.5093118860307463
text__written request,0.5089803033165169,0.5089803033165169
text__assurance,0.508449574625967,0.508449574625967
text__xxxx property,-0.5083940053688573,0.5083940053688573
text__requested speak,-0.5075879630581737,0.5075879630581737
text__appropriate redress,0.5075266068954996,0.5075266068954996
text__automated,-0.5072921998115743,0.5072921998115743
text__express xxxx,0.5072002620938016,0.5072002620938016
text__owned,0.5071701426467483,0.5071701426467483
text__abuse,0.5071612776676924,0.5071612776676924
text__rectify situation,-0.5070295130684599,0.5070295130684599
text__tells,-0.5069867246037442,0.5069867246037442
text__paypal credit,-0.506484044859015,0.506484044859015
text__thinking,-0.5057283648688429,0.5057283648688429
text__federally,0.5056023360522104,0.5056023360522104
cat__sub_product_Checking account,-0.5051989862219445,0.5051989862219445
text__originally,-0.504984572084333,0.504984572084333
text__unprotected furthermore,0.5049764501872899,0.5049764501872899
text__avail,-0.5048172767449185,0.5048172767449185
text__unfair,0.5034844922836996,0.5034844922836996
text__addressed,0.5033523437874806,0.5033523437874806
text__party,0.5032341392797482,0.5032341392797482
text__federal law,0.503126186862946,0.503126186862946
text__direction,0.503102430333288,0.503102430333288
text__1400 00,0.5028475605146739,0.5028475605146739
text__1400,0.5027589075807694,0.5027589075807694
text__notice xxxx,0.5024869249546413,0.5024869249546413
text__xxxx finally,0.5018041935591241,0.5018041935591241
text__background,0.5016643828895124,0.5016643828895124
text__complain,0.5013807547677203,0.5013807547677203
cat__sub_issue_Unexpected increase in interest rate,-0.5008430863580212,0.5008430863580212
text__xxxx business,-0.5007720472514346,0.5007720472514346
text__xxxx paid,-0.5004552719831389,0.5004552719831389
text__expedite,0.5000930477155304,0.5000930477155304
text__phone said,0.4999613213503757,0.4999613213503757
text__mention,-0.4999171323535317,0.4999171323535317
text__desist,-0.49961941648786073,0.49961941648786073
text__respa,-0.4992393569276525,0.4992393569276525
text__payment processed,0.49916589303519104,0.49916589303519104
text__clicked,0.4988358073121645,0.4988358073121645
text__cfpa specifically,0.498694658008055,0.498694658008055
text__shouldn,0.49802573296894753,0.49802573296894753
text__supervisor said,0.49785631533514896,0.49785631533514896
text__reversed,-0.4977437075216537,0.4977437075216537
text__police,-0.4976188839448718,0.4976188839448718
text__xxxx process,-0.4974658737602159,0.4974658737602159
text__discount,0.49738997499337034,0.49738997499337034
text__informed account,0.49718948467756996,0.49718948467756996
text__repeated,0.49706469261273034,0.49706469261273034
text__funds sent,0.49704518315178736,0.49704518315178736
text__line xxxx,-0.4969475388341898,0.4969475388341898
text__pursue,-0.4969013847062764,0.4969013847062764
text__delayed,-0.496445023829637,0.496445023829637
text__kindly,0.4963932006555141,0.4963932006555141
text__financial information,0.49617588518810635,0.49617588518810635
text__hour,0.4960477997808073,0.4960477997808073
text__authorities,0.4956295650900269,0.4956295650900269
text__funded,-0.49522523870493873,0.49522523870493873
text__despite fact,-0.4946807371402581,0.4946807371402581
text__loan transferred,0.494482129017327,0.494482129017327
text__xxxx case,0.49368510668969673,0.49368510668969673
text__words,-0.49354444865038705,0.49354444865038705
text__activity,-0.49353245049287675,0.49353245049287675
text__citing,-0.4925459073490619,0.4925459073490619
text__demanding,0.4924253358584317,0.4924253358584317
text__signed contract,0.4923534196837609,0.4923534196837609
text__unfair deceptive,0.4918902272859803,0.4918902272859803
text__00 contacted,0.49186693179049684,0.49186693179049684
text__financial protection,-0.49148904375084007,0.49148904375084007
text__480,0.49142089816256584,0.49142089816256584
cat__year_received_2018,0.49128566552218955,0.49128566552218955
cat__issue_Struggling to pay your bill,-0.4908270055094278,0.4908270055094278
text__big,0.4905381636287436,0.4905381636287436
text__detailed,0.49045672659441575,0.49045672659441575
cat__sub_issue_Cashing a check,-0.4902241811038042,0.4902241811038042
text__fails,-0.49019414314809817,0.49019414314809817
text__xxxx emailed,-0.49009965413315537,0.49009965413315537
text__number email,0.4900568803104036,0.4900568803104036
text__redress violations,0.48958036182421893,0.48958036182421893
text__machine,-0.4895705481530287,0.4895705481530287
text__brokerage,0.48890320368246065,0.48890320368246065
text__regulation actions,0.48880683888265286,0.48880683888265286
text__goods,0.48870926461650305,0.48870926461650305
text__billed,0.4886072438821109,0.4886072438821109
text__xxxx american,0.488587609859468,0.488587609859468
text__matter look,-0.48843490040091375,0.48843490040091375
text__contrary,0.48842855919634187,0.48842855919634187
text__affected,-0.48827576574409676,0.48827576574409676
text__excuse,-0.4879395649300648,0.4879395649300648
text__timeframe,-0.4878706091598268,0.4878706091598268
text__file formal,0.48762345342267327,0.48762345342267327
text__assuming,-0.48728593647400414,0.48728593647400414
text__barely,-0.48696188191359696,0.48696188191359696
text__method,0.4863505316134011,0.4863505316134011
text__investment,0.4848700027557797,0.4848700027557797
text__collection,0.4845664784286097,0.4845664784286097
text__compliant,0.48413831950767455,0.48413831950767455
text__didn know,0.4839012478859594,0.4839012478859594
text__xxxxxxxx,-0.4838235350555483,0.4838235350555483
text__goods services,0.4826725632756627,0.4826725632756627
text__xxxx subject,0.4826476666286307,0.4826476666286307
text__necessary,-0.48188469006454343,0.48188469006454343
text__cars,0.4816620623626796,0.4816620623626796
text__app,-0.48152962204534416,0.48152962204534416
text__absurd,-0.4811607435980412,0.4811607435980412
text__beginning xxxx,-0.4808024862459395,0.4808024862459395
text__saved,-0.4804900126743731,0.4804900126743731
text__representation,-0.47989808341182516,0.47989808341182516
text__750,-0.4798354176034175,0.4798354176034175
text__months,-0.47907478953561583,0.47907478953561583
text__following,0.47898562267164174,0.47898562267164174
cat__sub_issue_Problem with additional products or services purchased with the loan,-0.478929219165915,0.478929219165915
text__attention matter,0.47855018687400475,0.47855018687400475
text__days received,0.47845094618436,0.47845094618436
text__merchant xxxx,0.47831445571947917,0.47831445571947917
text__written notice,-0.4783040267606253,0.4783040267606253
text__payment time,0.4779117274480927,0.4779117274480927
text__1000,-0.4774846573561998,0.4774846573561998
text__returned,-0.4774694625528529,0.4774694625528529
text__xxxx mail,-0.4774513289130513,0.4774513289130513
text__3400 00,0.47704800592015906,0.47704800592015906
text__00 balance,-0.4768885665947696,0.4768885665947696
text__resolve issue,-0.4767615590818526,0.4767615590818526
text__time told,-0.4767356613937268,0.4767356613937268
text__3400,0.4766418141237646,0.4766418141237646
text__figured,0.4766349515804873,0.4766349515804873
text__apparent,0.4765437247786908,0.4765437247786908
text__week xx,0.4756764073117319,0.4756764073117319
text__new bank,-0.47565458572478364,0.47565458572478364
text__arrived,0.47544807147874063,0.47544807147874063
text__reps,0.47538054062483387,0.47538054062483387
text__ex,-0.47510970886748477,0.47510970886748477
text__receive funds,-0.47498083970130406,0.47498083970130406
text__90 days,-0.4744087775376639,0.4744087775376639
text__screenshots,0.4738625596197683,0.4738625596197683
text__includes,0.4730575698410519,0.4730575698410519
text__tuesday,0.4724937947433515,0.4724937947433515
text__gentleman,-0.472401328013077,0.472401328013077
text__expected,0.47220685117672095,0.47220685117672095
text__raises concerns,0.47195043092312317,0.47195043092312317
cat__sub_issue_Charged too much interest,0.47175991728266453,0.47175991728266453
text__blocked,0.47128652473620447,0.47128652473620447
text__afford,-0.47065895326908824,0.47065895326908824
text__drafted,-0.47046484443183023,0.47046484443183023
text__foreclosure,0.4700419436646815,0.4700419436646815
text__00 sent,0.4693222524812851,0.4693222524812851
text__act xxxx,0.4676030310308002,0.4676030310308002
text__insured,0.4656883015555913,0.4656883015555913
text__reimburse,-0.46516559443069316,0.46516559443069316
cat__sub_product_Foreign currency exchange,0.4650911850493761,0.4650911850493761
text__date xx,-0.4647075216300907,0.4647075216300907
text__line,-0.4643723577144502,0.4643723577144502
text__paying mortgage,0.46431109398835957,0.46431109398835957
text__relied,0.4638244807467778,0.4638244807467778
text__payment called,0.46370633074734224,0.46370633074734224
text__attempts,0.4635611896271564,0.4635611896271564
text__liability,0.46353170897220947,0.46353170897220947
text__consumer rights,0.4629729424982734,0.4629729424982734
text__ca xxxx,-0.46296809948127465,0.46296809948127465
text__xxxx thank,0.46275675338029576,0.46275675338029576
text__account called,0.4626114013781315,0.4626114013781315
text__mishandling,0.462475576469696,0.462475576469696
text__build,-0.4623543889261884,0.4623543889261884
text__pertaining,0.4620249271164691,0.4620249271164691
text__10 years,-0.4618784517575838,0.4618784517575838
text__480 00,0.46182192036816766,0.46182192036816766
text__subsequently,-0.4613897451846168,0.4613897451846168
cat__sub_issue_Can't stop withdrawals from your account,-0.461384534622057,0.461384534622057
text__card application,0.4612245687216172,0.4612245687216172
text__day xxxx,0.46042180328952703,0.46042180328952703
text__violates,0.45979880110959925,0.45979880110959925
text__online banking,0.45969717902339324,0.45969717902339324
text__ready,-0.45927539691539654,0.45927539691539654
text__later day,-0.4587062488989913,0.4587062488989913
text__auto payment,0.4585936953696258,0.4585936953696258
text__sister,0.45716099734212245,0.45716099734212245
text__recovery,-0.4571501355460723,0.4571501355460723
text__xx,-0.4570919683600279,0.4570919683600279
text__payment bank,0.4568331354748832,0.4568331354748832
text__circumstances,0.4567848047713329,0.4567848047713329
text__government,-0.4566706687808668,0.4566706687808668
text__weekend,-0.45641635585677176,0.45641635585677176
text__outlined,0.45638538225652303,0.45638538225652303
text__request refund,-0.4563636024399405,0.4563636024399405
text__completing,-0.45607128117144297,0.45607128117144297
text__xxxx dollars,-0.4560529812875683,0.4560529812875683
text__cfpa,0.4549362815402142,0.4549362815402142
text__updates,-0.45422077915107434,0.45422077915107434
text__significant financial,0.45411787366355394,0.45411787366355394
text__make payment,-0.45321182890322925,0.45321182890322925
text__settled,-0.452782160203853,0.452782160203853
text__xxxx according,0.4524612415279108,0.4524612415279108
text__appear,0.45203883008640566,0.45203883008640566
text__exact,0.4517278646409954,0.4517278646409954
text__xxxx mr,0.4515833832003102,0.4515833832003102
text__loan modification,-0.4514565490753437,0.4514565490753437
text__truth lending,0.451452027028059,0.451452027028059
text__note,-0.45102309172325694,0.45102309172325694
text__error message,0.4510113857567897,0.4510113857567897
text__reconsideration,0.4509617217369993,0.4509617217369993
text__successor,0.4509539603017453,0.4509539603017453
text__advertising,0.45055150375649217,0.45055150375649217
text__got xxxx,-0.4502297107606685,0.4502297107606685
text__borrowed,-0.4500273204523201,0.4500273204523201
text__care credit,0.4496288782739686,0.4496288782739686
text__unpaid,0.4496066662282517,0.4496066662282517
text__verifiable,0.4491641971171419,0.4491641971171419
text__portfolio servicing,0.4487617083045012,0.4487617083045012
text__informed,-0.4485748560119629,0.4485748560119629
cat__sub_issue_Overdrafts and overdraft fees,0.44831226865764884,0.44831226865764884
text__opted,-0.44764262295909185,0.44764262295909185
text__log account,-0.44751022668765744,0.44751022668765744
text__applicable,0.4473371523181215,0.4473371523181215
text__deceptive practices,0.447291042502412,0.447291042502412
text__account able,-0.4472583056272781,0.4472583056272781
text__called,-0.44676253129139193,0.44676253129139193
cat__submitted_via_Fax,0.4463049140656356,0.4463049140656356
text__review account,0.44611070814618276,0.44611070814618276
text__fees xxxx,0.4461005924078592,0.4461005924078592
text__scam,0.4460670072706362,0.4460670072706362
text__correct account,0.44597410953018496,0.44597410953018496
text__600,0.44588780581317833,0.44588780581317833
text__covid,-0.4456653518886304,0.4456653518886304
text__sent check,-0.4456300437145822,0.4456300437145822
text__new home,0.4455700202677282,0.4455700202677282
text__2400 00,-0.44260206050794965,0.44260206050794965
text__company sent,0.44256571943997086,0.44256571943997086
text__contract xxxx,-0.4422419126538373,0.4422419126538373
text__urgent,0.4418657570621416,0.4418657570621416
text__error,0.4415791264736739,0.4415791264736739
text__300,0.44096212900312715,0.44096212900312715
text__significant inconvenience,0.44095888261387517,0.44095888261387517
text__2400,-0.4408327663800092,0.4408327663800092
text__resulting,-0.440832732229857,0.440832732229857
cat__sub_issue_Deficiency balance after repossession,-0.440605124258357,0.440605124258357
text__xxxx confirm,-0.43996466894684194,0.43996466894684194
text__refund money,0.43969038070028243,0.43969038070028243
text__book,0.43886645786682993,0.43886645786682993
text__130,0.43870176075784517,0.43870176075784517
text__total xxxx,0.43802400383115725,0.43802400383115725
text__excuses,0.4377196625854023,0.4377196625854023
text__itemized,-0.43719697385823914,0.43719697385823914
text__device,0.43693680346152614,0.43693680346152614
text__brought,0.43689352263435116,0.43689352263435116
text__chime bank,0.43677149506057816,0.43677149506057816
text__payed,0.43664647962404657,0.43664647962404657
text__told account,0.43638550581949703,0.43638550581949703
cat__issue_Charged fees or interest you didn't expect,-0.43590810458667445,0.43590810458667445
cat__state_grouped_AZ,0.43588272962272623,0.43588272962272623
cat__issue_Repossession,0.4350792135974152,0.4350792135974152
text__weeks ago,-0.43474671047658386,0.43474671047658386
text__satisfactory,0.4342549032014477,0.4342549032014477
cat__issue_Managing an account,-0.43422033268617516,0.43422033268617516
text__executed,-0.43398831242726865,0.43398831242726865
text__seller,0.4338135238669777,0.4338135238669777
text__doesnt,0.4337775202237734,0.4337775202237734
cat__issue_Fraud or scam,-0.4335175654492822,0.4335175654492822
text__hello,-0.43305606528480944,0.43305606528480944
text__difference,0.43302527090435833,0.43302527090435833
text__showed,0.43279726968409876,0.43279726968409876
text__household,-0.43230965556197437,0.43230965556197437
text__inaccurately,0.43215094204618465,0.43215094204618465
text__prepared,0.43207061094190075,0.43207061094190075
text__31,0.43178834346750855,0.43178834346750855
text__flood insurance,-0.43133778333630285,0.43133778333630285
text__chance,0.43089480484491505,0.43089480484491505
text__researched,-0.4308391063989098,0.4308391063989098
text__withholding,-0.43059773793518435,0.43059773793518435
text__hurt,-0.4298260630714348,0.4298260630714348
text__calling xxxx,0.4297287874067317,0.4297287874067317
text__impact,0.42964687336456703,0.42964687336456703
text__xxxx having,-0.42943451955517553,0.42943451955517553
text__company xx,-0.4292088061274488,0.4292088061274488
text__700,-0.4290987205602891,0.4290987205602891
text__xxxx later,0.4286526130009509,0.4286526130009509
cat__issue_Trouble using the card,0.42855696151748546,0.42855696151748546
cat__sub_product_Lease,0.4283967719261282,0.4283967719261282
text__strongly,0.42808695186170326,0.42808695186170326
text__nightmare,0.42771149174080386,0.42771149174080386
text__based,0.4272678415210993,0.4272678415210993
text__called day,-0.42713528006481893,0.42713528006481893
text__unprotected,0.42695109545456883,0.42695109545456883
text__jobs,-0.42694594601620817,0.42694594601620817
text__copies,-0.4258498623875822,0.4258498623875822
text__xxxx merchant,0.4248386537553498,0.4248386537553498
text__ends,0.4247824539122801,0.4247824539122801
text__platinum,0.4247591456152462,0.4247591456152462
text__consistent,0.4244272583126923,0.4244272583126923
text__recurring,0.42400442738171945,0.42400442738171945
text__doing,-0.4238848103162513,0.4238848103162513
text__fair,-0.4236217963369852,0.4236217963369852
text__payment method,0.4233854094548093,0.4233854094548093
text__insist,0.42335175830635685,0.42335175830635685
text__causing,0.4232122375870572,0.4232122375870572
text__info,0.4230169264112276,0.4230169264112276
text__2024,-0.42282396833377045,0.42282396833377045
cat__company_grouped_SYNCHRONY FINANCIAL,-0.42252258256152925,0.42252258256152925
text__case,-0.42192776342340693,0.42192776342340693
cat__sub_issue_Fees charged for closing account,0.4218399373762461,0.4218399373762461
text__access,0.4214880708791796,0.4214880708791796
text__xxxx reported,0.4209362038147101,0.4209362038147101
text__form xxxx,-0.4204461460023453,0.4204461460023453
text__email stating,0.41989243909230234,0.41989243909230234
text__receive response,-0.41921529159431903,0.41921529159431903
text__assure,0.4191166354717055,0.4191166354717055
text__don know,-0.41877389750610766,0.41877389750610766
text__owe,-0.4182908116958919,0.4182908116958919
text__act 15,-0.41789127794375813,0.41789127794375813
text__contractual,-0.41742255863953054,0.41742255863953054
text__1000 00,0.41715399075278914,0.41715399075278914
text__inside,-0.41713468880670096,0.41713468880670096
text__discharged,0.4170847631314736,0.4170847631314736
text__assigned,-0.4167417929115161,0.4167417929115161
text__fax,-0.41594817319646016,0.41594817319646016
text__regarding issue,0.41586178290792325,0.41586178290792325
text__100000,0.41564156222177173,0.41564156222177173
text__requested information,-0.41553219412299663,0.41553219412299663
text__2300,0.4155321234190255,0.4155321234190255
text__success,0.4155217766376367,0.4155217766376367
cat__issue_Money was not available when promised,-0.41542475032071424,0.41542475032071424
text__able,-0.4151939661979866,0.4151939661979866
text__28,-0.415117279753696,0.415117279753696
text__fifth bank,0.4149210505670398,0.4149210505670398
text__xxxx contact,-0.4148597731572565,0.4148597731572565
text__xxxx send,-0.4146766032162583,0.4146766032162583
text__100000 00,0.41456348911995833,0.41456348911995833
text__2300 00,0.41427421884297966,0.41427421884297966
text__emailing,0.4138391982593288,0.4138391982593288
text__unauthorized charges,0.41331168469465207,0.41331168469465207
text__everyday,0.4132486276380489,0.4132486276380489
text__years,0.4131404206602738,0.4131404206602738
text__flights,0.4131403209694316,0.4131403209694316
cat__sub_product_Check cashing service,-0.4121962850042184,0.4121962850042184
text__withdraw money,0.41176682238210427,0.41176682238210427
text__number,-0.41175890643127955,0.41175890643127955
text__referring,-0.41167697289169236,0.41167697289169236
text__lending practices,0.41160355490912715,0.41160355490912715
text__altered,0.4115372974778445,0.4115372974778445
text__backed,0.4114754014383839,0.4114754014383839
text__negligent,-0.4114685518800644,0.4114685518800644
text__following day,0.4114646484886801,0.4114646484886801
cat__sub_product_Other banking product or service,-0.4111521677102711,0.4111521677102711
text__open account,-0.4107708627199976,0.4107708627199976
text__erroneously,-0.41042234919905113,0.41042234919905113
text__previous,0.4100737609507289,0.4100737609507289
text__charge,-0.4099968022643661,0.4099968022643661
text__xxxx attached,0.40999263023841664,0.40999263023841664
text__red,0.40968043160021855,0.40968043160021855
text__deeply,0.4089965750488234,0.4089965750488234
text__remember,-0.4089372390815968,0.4089372390815968
text__expedited,-0.4087565671566326,0.4087565671566326
text__xxxx branch,-0.4084380350678634,0.4084380350678634
text__deposited,0.40842835048951154,0.40842835048951154
text__prompted,-0.40771192590393335,0.40771192590393335
text__charges credit,0.4073178625740098,0.4073178625740098
text__sunday,0.40689321061016087,0.40689321061016087
cat__year_received_2021,0.4068270111937761,0.4068270111937761
text__said xxxx,-0.4065164737430838,0.4065164737430838
text__told thing,0.40634020155968215,0.40634020155968215
text__xxxx deposited,0.40626724472235004,0.40626724472235004
text__representative told,-0.40616520703160336,0.40616520703160336
text__pulled,0.4061117963080629,0.4061117963080629
text__transfer funds,0.4059926604146496,0.4059926604146496
text__ended,-0.40587081667947755,0.40587081667947755
text__xxxx supervisor,0.4053095035904788,0.4053095035904788
text__unavailable,-0.40524612318585873,0.40524612318585873
text__fha,0.405235258494864,0.405235258494864
text__asked send,-0.4037250937019537,0.4037250937019537
text__probably,-0.40327351925231264,0.40327351925231264
cat__year_received_2019,0.4032603989369796,0.4032603989369796
text__im sure,0.4031133317192503,0.4031133317192503
text__www,-0.40307413955886245,0.40307413955886245
text__alerts,-0.4028871374840012,0.4028871374840012
text__dispute resolution,-0.4026784138159025,0.4026784138159025
cat__submitted_via_infrequent_sklearn,0.40236628645190387,0.40236628645190387
text__normal,-0.4022336206260341,0.4022336206260341
text__believe xxxx,0.4013932327269885,0.4013932327269885
text__ceo,0.40135163816967884,0.40135163816967884
text__sell,-0.4013417500117828,0.4013417500117828
cat__state_grouped_WI,-0.4012213040939386,0.4012213040939386
text__right,0.4012211754443168,0.4012211754443168
text__man,0.40106051195170306,0.40106051195170306
cat__issue_Unauthorized transactions or other transaction problem,-0.4007749350000871,0.4007749350000871
text__offer xxxx,-0.4003627820031422,0.4003627820031422
text__covid 19,0.4003230882064615,0.4003230882064615
text__fact,-0.4000837786901839,0.4000837786901839
text__break,-0.4000541106838174,0.4000541106838174
text__sufficient funds,0.3996982165472493,0.3996982165472493
text__figures,-0.3988558002657013,0.3988558002657013
text__additional information,-0.3987513705728065,0.3987513705728065
text__1800,0.39834296357960647,0.39834296357960647
text__dispute process,0.39818396395712946,0.39818396395712946
text__documents xxxx,-0.39772707009989866,0.39772707009989866
text__multiple,0.39749736495056465,0.39749736495056465
text__direct deposits,0.39724772589775026,0.39724772589775026
text__avoid,0.3970050418444957,0.3970050418444957
text__driver license,0.3969508770006909,0.3969508770006909
text__disputed charges,0.3967742430732536,0.3967742430732536
text__issued xxxx,0.39668167519775405,0.39668167519775405
text__lost funds,0.3965402402828902,0.3965402402828902
text__notary,0.3960954519383524,0.3960954519383524
text__valued,0.39588240885829046,0.39588240885829046
text__marcus,0.39587762943874794,0.39587762943874794
text__compromised,-0.39559995557540717,0.39559995557540717
text__delivery,0.3954975698369496,0.3954975698369496
text__rendered,-0.39531889542536036,0.39531889542536036
text__act cfpa,0.3946533809313083,0.3946533809313083
text__clean,0.3946379913306902,0.3946379913306902
text__card called,-0.3943874293086211,0.3943874293086211
text__00 immediately,-0.3943735301383995,0.3943735301383995
text__days,-0.3943571912783222,0.3943571912783222
text__chase bank,0.39435571719216506,0.39435571719216506
text__thief,0.3943250548677766,0.3943250548677766
text__considering,-0.3936443943998031,0.3936443943998031
text__explained xxxx,0.3934184375788093,0.3934184375788093
text__supporting documentation,0.3931330356598716,0.3931330356598716
text__portal,-0.39305301983427937,0.39305301983427937
text__messaging,0.393048394194557,0.393048394194557
text__wife xxxx,0.3928737346883452,0.3928737346883452
text__potentially,0.39279009334081005,0.39279009334081005
text__types,0.39268472144124583,0.39268472144124583
text__owe money,0.39264958608844963,0.39264958608844963
text__phh mortgage,0.3924166532287099,0.3924166532287099
text__breakdown,-0.39231855528209053,0.39231855528209053
text__direct express,0.3922872417080827,0.3922872417080827
text__logged account,-0.3921267814569681,0.3921267814569681
text__issue xxxx,0.3920485467513278,0.3920485467513278
text__provided information,0.3919500587463066,0.3919500587463066
text__spoke representative,0.39144897416719904,0.39144897416719904
text__federal credit,0.39139807095857604,0.39139807095857604
text__500 00,-0.39110844162615827,0.39110844162615827
text__feeling,0.39107748796448916,0.39107748796448916
text__comenity bank,0.3908578216583747,0.3908578216583747
cat__sub_issue_Lender trying to repossess or disable the vehicle,-0.39068680902143943,0.39068680902143943
text__bait,0.39037012501927715,0.39037012501927715
text__ledger,0.3896973119719823,0.3896973119719823
text__feels,-0.38963956307768793,0.38963956307768793
text__chat,0.38946652396176196,0.38946652396176196
text__years old,0.3891627505579376,0.3891627505579376
text__general,0.3891507696308943,0.3891507696308943
text__example,0.38873485295162036,0.38873485295162036
text__homeowner,0.38862071821636535,0.38862071821636535
text__10000 00,-0.38834269102130226,0.38834269102130226
text__sharing,0.3882645266635565,0.3882645266635565
text__nature,0.38788972536285465,0.38788972536285465
text__13000 00,-0.3874239503645385,0.3874239503645385
text__current,0.3873509661415351,0.3873509661415351
text__rights,-0.3871821779930013,0.3871821779930013
text__failed investigate,0.3871202328861833,0.3871202328861833
text__single,0.3867233358651285,0.3867233358651285
text__xxxx decided,0.3864461064662996,0.3864461064662996
text__went ahead,-0.38627250949562936,0.38627250949562936
cat__sub_product_VA mortgage,0.38586801846114765,0.38586801846114765
text__limit,-0.3851103248629743,0.3851103248629743
text__finish,-0.38451848868723504,0.38451848868723504
text__annual fee,0.3843541542225778,0.3843541542225778
text__victim fraud,0.38408930537167013,0.38408930537167013
text__exist,0.38402510904811404,0.38402510904811404
text__extremely,-0.3840121828028116,0.3840121828028116
text__xxxx 2017,-0.38396343030286123,0.38396343030286123
text__identity,-0.383829814947471,0.383829814947471
text__xxxx times,-0.38377840066465624,0.38377840066465624
text__story,0.38369965599538747,0.38369965599538747
text__payment history,-0.3836357742337462,0.3836357742337462
text__service department,0.3830801847263099,0.3830801847263099
text__39,-0.3827067002945002,0.3827067002945002
text__mom,0.38263578072266724,0.38263578072266724
text__members,-0.3824457459632594,0.3824457459632594
cat__issue_Problem with a company's investigation into an existing problem,0.3822492278370262,0.3822492278370262
text__room,0.3822202063893136,0.3822202063893136
text__later,-0.38160634731873,0.38160634731873
text__xx 2024,-0.381526925107443,0.381526925107443
text__manage,0.3813925076492967,0.3813925076492967
cat__product_Credit card,0.380874017949979,0.380874017949979
text__parties,-0.38083313212798575,0.38083313212798575
text__bait switch,0.38032375247730166,0.38032375247730166
text__13000,-0.3802826301164468,0.3802826301164468
text__duplicate,-0.3800091048032738,0.3800091048032738
text__bridgecrest,-0.37980010120589647,0.37980010120589647
text__escalation,-0.37915535607701967,0.37915535607701967
text__dated,0.3790382411857008,0.3790382411857008
text__wrong,0.37837111672580925,0.37837111672580925
text__download,-0.3781342419610442,0.3781342419610442
text__xxxx il,-0.3779398765768614,0.3779398765768614
text__forgot,-0.37775148612748244,0.37775148612748244
text__crisis,0.37724769769376965,0.37724769769376965
text__structure,0.37723389187852774,0.37723389187852774
text__files,-0.37722676773724506,0.37722676773724506
text__cancellation,0.37716889256898084,0.37716889256898084
text__unable make,0.37689251167352816,0.37689251167352816
text__40 00,0.376779840268275,0.376779840268275
text__capital,-0.3756087012292019,0.3756087012292019
text__110,-0.37559070188524646,0.37559070188524646
text__administration,0.37513306821012227,0.37513306821012227
cat__issue_Problem adding money,0.373699326183956,0.373699326183956
text__makes sense,-0.3735538349699071,0.3735538349699071
text__process unfair,0.37300147353113505,0.37300147353113505
text__xxxx stated,-0.3728729159543016,0.3728729159543016
text__draft,-0.37260548349530875,0.37260548349530875
text__debt collector,0.37245976383208984,0.37245976383208984
text__view,0.3724068507451734,0.3724068507451734
text__days date,0.37206248046695384,0.37206248046695384
text__billing act,-0.3716399696506778,0.3716399696506778
text__leased,0.37104471721522875,0.37104471721522875
text__12 cfr,0.37097032441764527,0.37097032441764527
text__score xxxx,-0.37035365415170585,0.37035365415170585
text__deliberately,-0.37030996659056525,0.37030996659056525
text__attached documents,0.36943527883931754,0.36943527883931754
text__1681,-0.3689707441679594,0.3689707441679594
text__protect consumers,-0.3688808096255064,0.3688808096255064
text__seriously,-0.36869833302627264,0.36869833302627264
text__low,-0.3686428243375508,0.3686428243375508
text__promissory,0.3684930106444004,0.3684930106444004
text__150,0.3681977529998177,0.3681977529998177
text__xxxx home,0.36805682440518006,0.36805682440518006
text__paying xxxx,-0.3680552609162468,0.3680552609162468
text__claim,-0.368033104398779,0.368033104398779
text__beginning xx,-0.36684747108827376,0.36684747108827376
cat__sub_issue_Account opened as a result of fraud,-0.3668357210266559,0.3668357210266559
text__good faith,-0.3666016724299228,0.3666016724299228
cat__sub_product_Other mortgage,0.3664419674844994,0.3664419674844994
text__xxxx left,0.366236245729942,0.366236245729942
text__trying,0.3661799526151238,0.3661799526151238
text__filed claim,0.3659996707924567,0.3659996707924567
text__appraiser,0.3654021340561472,0.3654021340561472
text__definitely,-0.36530031655183937,0.36530031655183937
text__bank did,-0.36509872058522075,0.36509872058522075
text__decisions,-0.3646747709585807,0.3646747709585807
text__permanently,-0.3646332125024271,0.3646332125024271
text__writing file,0.3644446172075488,0.3644446172075488
text__20,0.36431117030903676,0.36431117030903676
text__reflect,0.36425061485455934,0.36425061485455934
text__agreement,-0.3641010422759615,0.3641010422759615
text__depot,0.36340064353874374,0.36340064353874374
text__crypto,0.3633100160941478,0.3633100160941478
text__maintaining,-0.3630636118797796,0.3630636118797796
text__applied loan,-0.3630006798806334,0.3630006798806334
text__pay loan,0.3629650368035675,0.3629650368035675
text__rates,0.3627307450072794,0.3627307450072794
text__xxxx requested,0.3621861686935358,0.3621861686935358
text__honored,0.36205980478258887,0.36205980478258887
cat__state_grouped_IN,0.3620476535227859,0.3620476535227859
text__make sense,0.36197620069849806,0.36197620069849806
text__2019,-0.36192864397475843,0.36192864397475843
text__apple card,0.36191585056898373,0.36191585056898373
text__electronic funds,-0.36188832778281943,0.36188832778281943
text__speaking,0.3616945487432469,0.3616945487432469
text__disregard,0.3616890619637476,0.3616890619637476
text__xxxx lost,0.3613508598167645,0.3613508598167645
text__account credit,0.3605031830428462,0.3605031830428462
text__account new,-0.36034783610110843,0.36034783610110843
text__responsibility,-0.3603292863708213,0.3603292863708213
text__violate,0.36023470208460895,0.36023470208460895
text__coinbase account,0.3597268016653486,0.3597268016653486
text__names,-0.35965984109004934,0.35965984109004934
text__xxxx wire,0.35952303558252524,0.35952303558252524
text__called company,0.35945726029109143,0.35945726029109143
text__key,-0.35897439196474995,0.35897439196474995
text__account told,-0.358887140401209,0.358887140401209
text__credit bureaus,0.3586434666960582,0.3586434666960582
text__00 called,-0.35846565171350364,0.35846565171350364
text__scheme,0.35804955976963676,0.35804955976963676
text__months xxxx,0.35804200980560674,0.35804200980560674
text__gift cards,-0.35731881907164315,0.35731881907164315
text__understanding,-0.3567220318459496,0.3567220318459496
text__thursday xx,0.3566477546270269,0.3566477546270269
text__sir,-0.3564307213012557,0.3564307213012557
text__charges xxxx,-0.3561607846720009,0.3561607846720009
text__summer,0.35501785901166455,0.35501785901166455
cat__issue_Problem with a lender or other company charging your account,-0.3545808204048568,0.3545808204048568
text__insurance xxxx,0.35432156144335,0.35432156144335
text__130 00,0.35412395860366486,0.35412395860366486
text__night,0.3537304569794379,0.3537304569794379
text__filling,-0.3537031462572783,0.3537031462572783
text__end xxxx,0.3536461620925614,0.3536461620925614
text__xxxx despite,-0.35358306769863806,0.35358306769863806
text__qualified,-0.3530958735354908,0.3530958735354908
text__replacement card,0.35309529818277463,0.35309529818277463
text__opened xxxx,-0.35255342049117794,0.35255342049117794
text__deleted,0.35247053000739037,0.35247053000739037
text__effect,-0.352216176155781,0.352216176155781
text__isn,-0.35202829641028716,0.35202829641028716
cat__sub_product_Home equity loan or line of credit (HELOC),0.3520159129430183,0.3520159129430183
text__predatory lending,-0.351704794345709,0.351704794345709
text__pay bills,0.3508808136073591,0.3508808136073591
text__credit billing,-0.3504322904148614,0.3504322904148614
text__principal payment,-0.3503592777718966,0.3503592777718966
text__information xxxx,-0.3502914208383131,0.3502914208383131
text__chargeback,0.3497865907071371,0.3497865907071371
text__actions taken,0.34970721278585026,0.34970721278585026
text__businesses,-0.3494280218662554,0.3494280218662554
text__day called,0.34932560625504244,0.34932560625504244
text__share,0.34929944525280093,0.34929944525280093
text__card ending,0.3491904174849091,0.3491904174849091
text__monthly payments,0.34886881344124043,0.34886881344124043
text__thousands dollars,0.34865162399686545,0.34865162399686545
text__mentioned,-0.3484779662089075,0.3484779662089075
text__arrive,-0.3483881621846236,0.3483881621846236
text__bad faith,0.34805865473544895,0.34805865473544895
text__regularly,0.34798436645068553,0.34798436645068553
text__suffered,0.34787801743687397,0.34787801743687397
text__statement xx,0.34763492846319366,0.34763492846319366
text__gave,0.34749259235071533,0.34749259235071533
text__merchandise,0.3472754448099423,0.3472754448099423
cat__sub_issue_Overcharged for something you did purchase with the card,-0.3470101566981846,0.3470101566981846
text__received money,-0.34684956784772353,0.34684956784772353
text__charges xx,0.346595905879486,0.346595905879486
text__account years,0.34641596263971314,0.34641596263971314
text__remain,0.34640808710953297,0.34640808710953297
cat__state_grouped_OK,-0.34621943789983334,0.34621943789983334
text__attached xxxx,-0.34613443962118384,0.34613443962118384
text__discovered,-0.34612753388915407,0.34612753388915407
text__adjust,0.3458904927277296,0.3458904927277296
text__reinstatement,-0.34522656746692043,0.34522656746692043
text__1024,0.3445778624099064,0.3445778624099064
text__10000,-0.3445404396905707,0.3445404396905707
cat__state_grouped_UT,0.34437173751393,0.34437173751393
text__proceeded,0.3440948600094032,0.3440948600094032
text__money pay,-0.34387915830711313,0.34387915830711313
text__pictures,0.34371304886711324,0.34371304886711324
text__finance company,0.34307887727062186,0.34307887727062186
text__just xxxx,0.3427053307118595,0.3427053307118595
text__ad,-0.34265491090280153,0.34265491090280153
text__250 00,-0.34226808935465014,0.34226808935465014
cat__sub_product_Traveler's check or cashier's check,-0.34210904224623734,0.34210904224623734
text__separate,0.3415833662501313,0.3415833662501313
text__automatically,-0.3413788600143536,0.3413788600143536
text__bank card,0.34125770333462496,0.34125770333462496
text__wrongful,0.3410217293718781,0.3410217293718781
text__particular,-0.3405135922268475,0.3405135922268475
text__mr xxxx,-0.34034983520268347,0.34034983520268347
text__lawful,0.34028981362781857,0.34028981362781857
text__raise,0.33977884714410356,0.33977884714410356
text__send email,-0.33975000319133397,0.33975000319133397
text__file,0.33951821310994784,0.33951821310994784
text__residence,-0.33951335552775286,0.33951335552775286
text__extra,0.33946878089904603,0.33946878089904603
text__using xxxx,-0.3393917746738035,0.3393917746738035
text__charge late,-0.3390374103311394,0.3390374103311394
text__phones,0.33855844060084306,0.33855844060084306
text__account pay,-0.3383806375056836,0.3383806375056836
text__fraud,0.3382982810483442,0.3382982810483442
text__research,0.33797382136389104,0.33797382136389104
text__aren,0.337928125669492,0.337928125669492
text__overdraft fees,0.33764771813585154,0.33764771813585154
cat__sub_issue_Unknown,-0.33750711967540614,0.33750711967540614
text__00 year,0.3373641380874863,0.3373641380874863
text__loan loan,-0.3372318512438194,0.3372318512438194
text__tried make,0.3371271906499106,0.3371271906499106
text__2021 xxxx,-0.336507839177865,0.336507839177865
text__plus,-0.33634213068566177,0.33634213068566177
text__instrument,0.33626502651912143,0.33626502651912143
text__fees,-0.3361568666662717,0.3361568666662717
text__agent told,0.3354696513515984,0.3354696513515984
text__payday,0.33520358185681265,0.33520358185681265
text__900,0.3349445591458209,0.3349445591458209
text__misled,0.3345307512569844,0.3345307512569844
text__history,0.33440597855210813,0.33440597855210813
text__told money,0.33420786727838436,0.33420786727838436
text__hold xxxx,-0.33396419788845044,0.33396419788845044
text__wellsfargo,0.3338253613701505,0.3338253613701505
cat__sub_issue_Problem with the interest rate,-0.3333310326848699,0.3333310326848699
text__constitutes,0.33311124761572164,0.33311124761572164
text__acknowledged,0.33224270727176514,0.33224270727176514
text__cooperate,-0.3321261708237202,0.3321261708237202
text__xxxx closed,0.33175007601464795,0.33175007601464795
cat__sub_issue_Damage caused or loss of personal items in vehicle during the actual repossession,0.331471033084116,0.331471033084116
text__110 00,-0.33147018078188917,0.33147018078188917
text__experience,0.3313625968343868,0.3313625968343868
text__xxxx hours,0.33072322392306547,0.33072322392306547
text__offers,-0.33012298579491833,0.33012298579491833
text__purchase xx,-0.3300938818623483,0.3300938818623483
text__mobile deposit,0.3300139264886594,0.3300139264886594
text__asked supervisor,-0.32906002815601443,0.32906002815601443
text__service representatives,0.3288433792395584,0.3288433792395584
text__denied dispute,0.3283161894018456,0.3283161894018456
text__want,0.3280693197691398,0.3280693197691398
text__onxx xx,0.32798660671543384,0.32798660671543384
text__onxx,0.3279089752782764,0.3279089752782764
text__home address,-0.3274099642834018,0.3274099642834018
text__ny xxxx,-0.3273209652848261,0.3273209652848261
text__courtesy,0.3271487955850668,0.3271487955850668
text__apologize,-0.32697804247758416,0.32697804247758416
text__prompt attention,-0.32692067561157534,0.32692067561157534
text__240 00,-0.3265708817289633,0.3265708817289633
text__wasn,0.32546509598434464,0.32546509598434464
text__criminal,0.3253891407725873,0.3253891407725873
text__receive letter,0.3247197064713951,0.3247197064713951
text__certainly,-0.3245711921726193,0.3245711921726193
cat__company_grouped_HSBC NORTH AMERICA HOLDINGS INC.,-0.3241404255941003,0.3241404255941003
text__included,-0.3237140203765656,0.3237140203765656
cat__year_received_2020,0.3232912831687288,0.3232912831687288
text__rate,0.3232532413038763,0.3232532413038763
text__phone told,0.32314159062373093,0.32314159062373093
text__heloc,-0.32278664388597184,0.32278664388597184
text__external,-0.32271431655321364,0.32271431655321364
text__trusted,0.3226653570244929,0.3226653570244929
text__account fraudulent,0.3225180655742922,0.3225180655742922
text__check mailed,0.3218520411803007,0.3218520411803007
text__requires,0.3211519021258038,0.3211519021258038
text__34,0.32096716181296203,0.32096716181296203
text__highlighting,0.3207008336414449,0.3207008336414449
text__check issued,0.32040226450256754,0.32040226450256754
text__release funds,-0.3201572859525866,0.3201572859525866
text__called ask,0.3193622263095386,0.3193622263095386
text__decided,0.31901109101266495,0.31901109101266495
text__leaving,-0.3184606025888077,0.3184606025888077
text__instructed,-0.3182246886737453,0.3182246886737453
text__card paid,0.3181912032961807,0.3181912032961807
text__asked,0.3180947514712682,0.3180947514712682
text__cleared,0.31699303642268956,0.31699303642268956
text__00 returned,0.3169900321855838,0.3169900321855838
text__abusive,-0.3167877379278121,0.3167877379278121
text__close accounts,-0.3157501325838453,0.3157501325838453
text__prevention,0.315480365009045,0.315480365009045
text__effective,-0.3150021157799229,0.3150021157799229
text__sleep,0.3148827645995007,0.3148827645995007
text__booked,-0.31463361464829975,0.31463361464829975
text__breach contract,-0.31453475225963606,0.31453475225963606
text__communicating,-0.3144941008469978,0.3144941008469978
text__use card,0.3139361639523883,0.3139361639523883
text__acknowledgment,0.313146473385485,0.313146473385485
text__accident,-0.3129338565949843,0.3129338565949843
text__72,0.3129324597123864,0.3129324597123864
text__redress,0.3128328716955963,0.3128328716955963
text__information xx,0.3127635711573731,0.3127635711573731
text__demanded,0.3125016797316875,0.3125016797316875
text__letter sent,0.31244961775274815,0.31244961775274815
text__certified,-0.3122823435713074,0.3122823435713074
text__late payment,0.3121686206824284,0.3121686206824284
text__recover,-0.31208322532892324,0.31208322532892324
cat__state_grouped_PA,0.31202911889911183,0.31202911889911183
text__victim,-0.31184037974877354,0.31184037974877354
text__usd,-0.3117292829678978,0.3117292829678978
text__recourse,0.31163767824503574,0.31163767824503574
text__walk,0.3114901066898245,0.3114901066898245
text__numbers xxxx,-0.3103638372194227,0.3103638372194227
text__supervisor told,-0.3103075771366515,0.3103075771366515
cat__sub_issue_Old information reappears or never goes away,-0.30966191396398385,0.30966191396398385
text__facts,0.3093313276905875,0.3093313276905875
text__institutions,-0.30918554606572163,0.30918554606572163
text__00 did,-0.3090786165773368,0.3090786165773368
text__told payment,0.3090554244503817,0.3090554244503817
text__excessive,0.30839987294435317,0.30839987294435317
text__bank statements,0.307648362030839,0.307648362030839
text__credit report,-0.3075921438655647,0.3075921438655647
text__xxxx account,-0.3073333168091756,0.3073333168091756
text__america xxxx,-0.30685672108398626,0.30685672108398626
text__events,0.3056445145652147,0.3056445145652147
text__going xxxx,0.3053781465803354,0.3053781465803354
text__send money,0.30535255003957873,0.30535255003957873
text__mean,0.3051786379275688,0.3051786379275688
text__transferred money,-0.3051338774915255,0.3051338774915255
text__gold,-0.30464668550824564,0.30464668550824564
text__proved,-0.3044772244191745,0.3044772244191745
text__bank informed,-0.3044679425683544,0.3044679425683544
text__specialized loan,-0.3043633991329827,0.3043633991329827
text__rocket,0.30382095134293585,0.30382095134293585
text__days late,0.3036625949446549,0.3036625949446549
cat__state_grouped_MI,-0.3036219223566639,0.3036219223566639
text__disappointed,-0.30332464619006716,0.30332464619006716
text__people,0.303021549993423,0.303021549993423
text__closing account,-0.30279209529792245,0.30279209529792245
text__money checking,0.30266958205513916,0.30266958205513916
text__xxxx didn,0.3026580486076096,0.3026580486076096
text__received,0.30258788433668093,0.30258788433668093
text__00,0.30239027033977617,0.30239027033977617
"cat__issue_Advertising and marketing, including promotional offers",0.30198004537743445,0.30198004537743445
text__indication,-0.301935925467823,0.301935925467823
text__children,-0.30191859074485344,0.30191859074485344
text__kindly request,-0.3018224292911149,0.3018224292911149
text__provided documentation,0.3017857282138314,0.3017857282138314
text__business practices,-0.30161734169602494,0.30161734169602494
text__240,-0.3014583499472161,0.3014583499472161
text__did apply,0.30049505126817033,0.30049505126817033
text__collected,-0.29946497170984715,0.29946497170984715
cat__issue_Getting a line of credit,-0.29934739486304335,0.29934739486304335
text__office xxxx,-0.2992006660589148,0.2992006660589148
text__attempts resolve,-0.29918304503537685,0.29918304503537685
cat__issue_Problems caused by my funds being low,-0.29907783989593,0.29907783989593
text__emailed xxxx,0.2990075243779298,0.2990075243779298
text__account numbers,-0.29891494076487335,0.29891494076487335
text__patient,-0.2986508210455947,0.2986508210455947
text__unknown,0.2986166285484868,0.2986166285484868
text__00 plus,0.29846607322261753,0.29846607322261753
text__conduct,0.2984273074240888,0.2984273074240888
text__husbands,0.2981793643829309,0.2981793643829309
text__promptly,-0.29809265629438725,0.29809265629438725
text__1800 00,0.29791103366878624,0.29791103366878624
text__adjustments,-0.2978234100308562,0.2978234100308562
text__seen,0.2975715425758108,0.2975715425758108
text__named xxxx,0.2974896337698587,0.2974896337698587
text__today received,-0.2970511395012584,0.2970511395012584
text__cfpb lawsuit,0.29688361424555765,0.29688361424555765
text__xxxx xxxx,0.29663786357089095,0.29663786357089095
text__records,-0.2964912897701803,0.2964912897701803
text__xxxx wife,0.29648519192180406,0.29648519192180406
text__account went,-0.2961551515787611,0.2961551515787611
text__xxxx states,0.2961045391550754,0.2961045391550754
text__clarify,0.2957816215434601,0.2957816215434601
text__reinstate,0.29578036275187575,0.29578036275187575
text__15,-0.2957396536190552,0.2957396536190552
text__new checking,-0.2956753961452458,0.2956753961452458
text__fargo,0.2954794186569577,0.2954794186569577
text__failed provide,0.2951681951221017,0.2951681951221017
cat__sub_issue_Loan balance remaining after the vehicle is repossessed and sold,0.29497916813217534,0.29497916813217534
text__afraid,0.294974255397785,0.294974255397785
text__12 00,0.2949682187542318,0.2949682187542318
text__believe practices,-0.2948176101780076,0.2948176101780076
text__worked,0.2946907904852743,0.2946907904852743
text__impression,0.2943432684196443,0.2943432684196443
text__clause,0.29431772564269554,0.29431772564269554
text__discriminatory,0.29416041330004455,0.29416041330004455
text__loan officer,-0.2941128930024796,0.2941128930024796
text__xxxx accounts,-0.29343195360107655,0.29343195360107655
text__age,-0.29335563124378095,0.29335563124378095
text__properly,-0.29314190121897266,0.29314190121897266
cat__sub_issue_Account status incorrect,-0.29308448391848385,0.29308448391848385
text__provide information,-0.29285662375034577,0.29285662375034577
text__late xxxx,0.2921881804459669,0.2921881804459669
text__received confirmation,0.2920976905193441,0.2920976905193441
text__refundable,0.2919112072708102,0.2919112072708102
text__xxxx like,-0.2917317150606453,0.2917317150606453
text__customer service,-0.29172398033637886,0.29172398033637886
text__followed,-0.2908658244377083,0.2908658244377083
text__federal reserve,0.2908389275881765,0.2908389275881765
text__rude,0.29040066723729174,0.29040066723729174
text__proper,0.290193983517665,0.290193983517665
text__penalty,-0.2901518506133837,0.2901518506133837
text__loyal customer,-0.2899092963152977,0.2899092963152977
text__va,0.2898120069891155,0.2898120069891155
text__great,-0.2897724150959597,0.2897724150959597
text__florida,-0.28945274121155473,0.28945274121155473
text__gon na,-0.28937339649051014,0.28937339649051014
text__fail,0.2891874037813863,0.2891874037813863
text__availability,0.2891513726482874,0.2891513726482874
text__formally express,0.28896575845667477,0.28896575845667477
text__attaching,0.28857200615079753,0.28857200615079753
text__bureaus,0.28819887226001906,0.28819887226001906
text__account balance,-0.28818030672523165,0.28818030672523165
text__disconnected,-0.2881088795572697,0.2881088795572697
cat__issue_Getting the loan,0.2876390337065002,0.2876390337065002
text__earned money,-0.28715836593256516,0.28715836593256516
text__finally received,-0.2871497752779624,0.2871497752779624
text__freeze,0.2871448728323192,0.2871448728323192
text__900 00,0.2868893414148914,0.2868893414148914
text__xxxx work,0.2868016752258889,0.2868016752258889
text__check received,0.2866804109688277,0.2866804109688277
text__property xxxx,0.28636512379796125,0.28636512379796125
text__denying,-0.2863356139117378,0.2863356139117378
text__solely,-0.2862578511875999,0.2862578511875999
text__gon,-0.2861888794645088,0.2861888794645088
text__derogatory,-0.28618046893532056,0.28618046893532056
text__dear,0.28574731068911036,0.28574731068911036
text__department xx,0.28568407758190834,0.28568407758190834
text__cd,-0.28467399357721007,0.28467399357721007
text__xxxx reached,0.28447942387238834,0.28447942387238834
text__earlier,0.28430901258158214,0.28430901258158214
text__accrued,-0.28417733607100465,0.28417733607100465
text__attempted contact,-0.283861066700566,0.283861066700566
cat__state_grouped_VA,-0.28354598226898853,0.28354598226898853
text__loan agreement,-0.28348377744192127,0.28348377744192127
cat__sub_issue_Application denied,0.2834060671723652,0.2834060671723652
text__experian,0.28322751132177865,0.28322751132177865
text__whatsoever,0.28309344503785056,0.28309344503785056
text__balance 00,-0.28298146196829693,0.28298146196829693
text__engaging,-0.28254003499068464,0.28254003499068464
text__learned,0.28242633419514357,0.28242633419514357
text__short sale,0.28238036138153905,0.28238036138153905
"cat__issue_Application, originator, mortgage broker",-0.28221713095693624,0.28221713095693624
text__station,0.28195364946200885,0.28195364946200885
text__booking,0.28191598131299334,0.28191598131299334
text__taken xxxx,0.28049094164523247,0.28049094164523247
text__prohibited,0.28021928606860896,0.28021928606860896
text__make purchases,-0.27989242546133375,0.27989242546133375
text__number called,-0.2797322447236688,0.2797322447236688
text__ill,0.279613908116791,0.279613908116791
text__list,0.2796122566868057,0.2796122566868057
text__investigate claims,0.27914750312874137,0.27914750312874137
text__passport,-0.27827532492030227,0.27827532492030227
text__different people,-0.2781428201681271,0.2781428201681271
text__bofa,-0.27769409731675726,0.27769409731675726
text__cashapp,0.27763635090587824,0.27763635090587824
text__gap,0.2765085193938945,0.2765085193938945
text__assessment,0.2759668127245309,0.2759668127245309
text__accept,-0.27546254286447525,0.27546254286447525
text__submitted dispute,-0.2752867481197329,0.2752867481197329
text__usually,0.27524340287581034,0.27524340287581034
text__verifying,0.27474388851218284,0.27474388851218284
text__stated xxxx,-0.27453939294214397,0.27453939294214397
text__behalf,0.27453164740980857,0.27453164740980857
text__person xxxx,-0.2745156857356634,0.2745156857356634
text__operations,-0.27401011189102387,0.27401011189102387
text__accounts late,0.2730230147396066,0.2730230147396066
text__pay time,-0.2728427780335376,0.2728427780335376
text__analysis,-0.2726111198039765,0.2726111198039765
text__card stolen,-0.2724362276848055,0.2724362276848055
text__departments,0.27235566900422503,0.27235566900422503
text__unsuccessful,-0.2718307557169619,0.2718307557169619
text__sought,-0.27073449770838454,0.27073449770838454
text__capital xxxx,0.2707034954292036,0.2707034954292036
text__supply,0.27011589956484555,0.27011589956484555
text__wants,0.27004348095745,0.27004348095745
cat__sub_issue_Sent card you never applied for,0.2699290138321533,0.2699290138321533
text__ongoing,0.26961377088645033,0.26961377088645033
text__certain,0.26955006701819073,0.26955006701819073
text__explicitly,0.26857726285034467,0.26857726285034467
text__today,0.2684739729523165,0.2684739729523165
text__accountability transparency,-0.26831821320162735,0.26831821320162735
text__xxxx disputed,0.26785076576994954,0.26785076576994954
text__fund transfer,-0.26768448805549455,0.26768448805549455
text__certified mail,-0.2676171733903699,0.2676171733903699
text__landlord,-0.26754910426356526,0.26754910426356526
text__sale date,0.26748709548528066,0.26748709548528066
text__managed,-0.2666526642982976,0.2666526642982976
text__purchases xxxx,0.2663207567966736,0.2663207567966736
text__2020,0.2653998338793224,0.2653998338793224
text__established,0.2652162610969781,0.2652162610969781
text__account locked,0.2652014540481682,0.2652014540481682
text__requested refund,0.26492873205834927,0.26492873205834927
text__clear,0.2647260462300509,0.2647260462300509
text__deposit xxxx,0.2647091333786434,0.2647091333786434
text__haven,0.2646274392052898,0.2646274392052898
text__natural,0.2643016220307227,0.2643016220307227
cat__issue_Unexpected or other fees,0.2636327035561437,0.2636327035561437
text__texts,0.2635162598761917,0.2635162598761917
text__handling disputes,0.2634725905214635,0.2634725905214635
text__placed,0.2628854426526103,0.2628854426526103
text__hazard,-0.26270576718919786,0.26270576718919786
text__box,-0.2625726668358149,0.2625726668358149
text__unless,0.26246438670252087,0.26246438670252087
text__discuss,0.26237959878610645,0.26237959878610645
text__unfair request,-0.2621692386217013,0.2621692386217013
text__18,0.26205573117608544,0.26205573117608544
text__asked speak,-0.2617777619635516,0.2617777619635516
text__sorry,0.26162681403039045,0.26162681403039045
text__xxxx additional,-0.2615284415615281,0.2615284415615281
cat__state_grouped_KY,-0.2610538173609891,0.2610538173609891
text__report fraud,0.2608691829156511,0.2608691829156511
cat__company_grouped_Comerica,-0.2608422929999625,0.2608422929999625
text__critical,0.2608082655968894,0.2608082655968894
text__offenders,0.2599585644143129,0.2599585644143129
text__got letter,-0.2598759307901157,0.2598759307901157
text__reopen,0.25941428920742593,0.25941428920742593
text__legal,0.2590782097326707,0.2590782097326707
text__24 48,-0.25900119617543055,0.25900119617543055
text__prevent,0.25862846337713613,0.25862846337713613
text__corporation,0.2584049705151296,0.2584049705151296
cat__sub_issue_Trouble getting a working replacement card,-0.2583584045426203,0.2583584045426203
text__credit file,-0.2580304337231367,0.2580304337231367
text__credit opportunity,0.25792217979273785,0.25792217979273785
text__explain,0.2576655823402685,0.2576655823402685
text__original loan,0.2574886386376644,0.2574886386376644
text__thank xxxx,-0.2574767459097671,0.2574767459097671
text__xxxx address,0.2572980366441791,0.2572980366441791
text__correction,-0.2571186535166048,0.2571186535166048
cat__state_grouped_NJ,-0.2568639039634199,0.2568639039634199
text__hit,-0.25669137662115465,0.25669137662115465
text__cashiers check,-0.25631367589621185,0.25631367589621185
text__higher,-0.255708692753372,0.255708692753372
cat__sub_issue_Problem with personal statement of dispute,0.2556697266406775,0.2556697266406775
text__click,0.2552363647387878,0.2552363647387878
text__xxxx authorized,0.2552203174731309,0.2552203174731309
text__commission,-0.25520835929160185,0.25520835929160185
text__questions,0.2547966816177754,0.2547966816177754
text__card information,0.2544681443428288,0.2544681443428288
text__like xxxx,-0.25384644000591544,0.25384644000591544
text__told just,-0.25332098371006284,0.25332098371006284
text__number card,-0.2530897434053501,0.2530897434053501
text__senior,-0.2529243884946922,0.2529243884946922
text__victims,0.2527107665584715,0.2527107665584715
text__advised,0.25253122887083906,0.25253122887083906
text__basically,0.2523244468075124,0.2523244468075124
text__xxxx heard,-0.2522734569739662,0.2522734569739662
text__290,0.25225723774828274,0.25225723774828274
text__phone email,0.25201322708431906,0.25201322708431906
text__letter saying,-0.25173413518664134,0.25173413518664134
text__xxxx regarding,0.251336798300078,0.251336798300078
text__multiple overdraft,-0.251255118871799,0.251255118871799
text__check told,0.2512486020028085,0.2512486020028085
text__reported,-0.2511470451069291,0.2511470451069291
cat__sub_product_Other bank product/service,-0.2508363996602622,0.2508363996602622
text__notices,0.250834795236579,0.250834795236579
text__equal credit,0.25075670064181216,0.25075670064181216
text__void,-0.25035949613672503,0.25035949613672503
text__opportunity act,0.25033838232291133,0.25033838232291133
text__mail,-0.2502563172097228,0.2502563172097228
text__register,0.24997917504987396,0.24997917504987396
text__emotional,-0.2497887408064769,0.2497887408064769
text__applied account,0.24929601760707748,0.24929601760707748
text__card purchase,-0.24908534316122327,0.24908534316122327
text__hidden,0.24865649820980532,0.24865649820980532
text__290 00,0.24854181838193187,0.24854181838193187
text__cfpbs,0.2485024964423292,0.2485024964423292
text__reading,-0.24848202258236685,0.24848202258236685
text__adequately informed,0.24843165648279994,0.24843165648279994
text__adequately,0.24827897047330214,0.24827897047330214
text__recieved,0.24823531244245092,0.24823531244245092
text__120,0.24804178833708493,0.24804178833708493
text__investigating,0.2479724622829098,0.2479724622829098
text__received card,0.2479696220459137,0.2479696220459137
text__1600 00,-0.24790233287142216,0.24790233287142216
text__95 00,0.24780603421098943,0.24780603421098943
text__promissory note,0.24772632635423752,0.24772632635423752
text__law enforcement,0.24766195432930996,0.24766195432930996
text__personal,0.24715156008909836,0.24715156008909836
text__request investigation,0.24708290514251813,0.24708290514251813
text__1600,-0.24698291945996548,0.24698291945996548
cat__issue_Problem getting a card or closing an account,0.24667191225124238,0.24667191225124238
text__open,0.2465028243112704,0.2465028243112704
text__xxxx capital,0.24633220682240498,0.24633220682240498
text__phone xx,0.24632832663429877,0.24632832663429877
text__manager,-0.2459320311127667,0.2459320311127667
text__escrow analysis,-0.24576515054786,0.24576515054786
text__actions caused,0.24566617484292022,0.24566617484292022
cat__sub_issue_Information belongs to someone else,-0.24531652529664352,0.24531652529664352
text__past,-0.24527725896596325,0.24527725896596325
text__didnt know,-0.24510755897969239,0.24510755897969239
cat__sub_issue_Didn't receive terms that were advertised,0.24509114777029867,0.24509114777029867
text__express concerns,-0.2450187229986528,0.2450187229986528
text__payments month,0.24497660422207976,0.24497660422207976
cat__sub_issue_Trouble closing card,-0.24491509637507247,0.24491509637507247
cat__sub_issue_Account opened without my consent or knowledge,0.2447588502121417,0.2447588502121417
text__allows,0.24456058638528966,0.24456058638528966
text__offices,-0.2440840436574672,0.2440840436574672
text__dispute denied,-0.24375521148966808,0.24375521148966808
text__decreased,-0.2431987219724184,0.2431987219724184
text__combined,-0.24318880018461292,0.24318880018461292
text__confirms,0.2426583729895983,0.2426583729895983
text__able provide,-0.24243544561971334,0.24243544561971334
text__learn,0.2423107316178156,0.2423107316178156
text__using zelle,0.24218039361983904,0.24218039361983904
text__xxxx reason,-0.24204873232271998,0.24204873232271998
text__applications,0.2420271393580205,0.2420271393580205
text__expiration,-0.2419796578994416,0.2419796578994416
cat__sub_product_Government benefit card,-0.24183000413391278,0.24183000413391278
text__card,0.24179926821069742,0.24179926821069742
text__light recent,0.24149029633908392,0.24149029633908392
text__xxxx payment,-0.24148773201348744,0.24148773201348744
text__contact information,0.24132554417358548,0.24132554417358548
text__told need,0.2410085687494306,0.2410085687494306
text__did make,-0.24052464654328046,0.24052464654328046
cat__issue_Billing disputes,0.2404233103134232,0.2404233103134232
text__article,0.24034020973066733,0.24034020973066733
text__told bank,-0.2399998750514035,0.2399998750514035
text__deserve,0.23990158449877155,0.23990158449877155
text__pin,0.23978904890357378,0.23978904890357378
text__special,0.23978114861791464,0.23978114861791464
text__fund,-0.23944404608643188,0.23944404608643188
text__finding,0.23942059843901362,0.23942059843901362
"cat__company_grouped_EQUIFAX, INC.",-0.23939155052478228,0.23939155052478228
text__email xx,0.23933849646532926,0.23933849646532926
text__reviews,0.23902770157216727,0.23902770157216727
text__td,0.2388916753017498,0.2388916753017498
text__used xxxx,0.23883529577676943,0.23883529577676943
text__regarding multiple,-0.23825909897437736,0.23825909897437736
text__et,-0.23805624863941713,0.23805624863941713
text__obligated,0.23797706675648775,0.23797706675648775
text__deadline,0.23735255860028195,0.23735255860028195
text__protection act,0.23727800386221048,0.23727800386221048
text__daughter,-0.23721116508956216,0.23721116508956216
text__false,-0.2369809916147463,0.2369809916147463
text__concerning,-0.23644478085125706,0.23644478085125706
text__theres,0.23596487653097437,0.23596487653097437
text__occurred xx,0.23592762174707388,0.23592762174707388
text__assistance,-0.23588780942482365,0.23588780942482365
text__closed case,0.23586528769592494,0.23586528769592494
text__representative xxxx,-0.2356947167741552,0.2356947167741552
text__burden,0.2354788485342797,0.2354788485342797
text__vulnerable scams,0.23536707240077512,0.23536707240077512
text__agent,-0.2352765746291052,0.2352765746291052
text__payments account,0.2352296727807934,0.2352296727807934
text__platform despite,0.2344096988677838,0.2344096988677838
text__credit bureau,0.23430662608171415,0.23430662608171415
cat__year_received_2017,0.23416884059040471,0.23416884059040471
text__conditions,-0.2341378836191491,0.2341378836191491
text__exploit,0.23394629373659165,0.23394629373659165
text__payment month,-0.23337133861656206,0.23337133861656206
text__carecredit,0.23333650755529445,0.23333650755529445
text__calls emails,-0.23264612569576046,0.23264612569576046
text__personal loan,0.23255737100529966,0.23255737100529966
text__despite having,-0.23255368527815623,0.23255368527815623
text__mails,-0.2324996513705634,0.2324996513705634
text__roughly,0.23245164626044837,0.23245164626044837
text__usaa,0.23165107790909317,0.23165107790909317
text__24 hours,0.23160445209080033,0.23160445209080033
cat__sub_issue_Loan opened without my consent or knowledge,-0.23120162559876273,0.23120162559876273
text__officer,-0.23114821886113843,0.23114821886113843
text__bank fraud,0.23088386182264928,0.23088386182264928
text__premium,-0.2307286324250176,0.2307286324250176
text__response xxxx,-0.23071399431993253,0.23071399431993253
text__ss,0.230712973272556,0.230712973272556
text__taxes,-0.2304671229423524,0.2304671229423524
text__training,0.23043592022791812,0.23043592022791812
text__transactions account,0.23036124431810504,0.23036124431810504
text__planned,0.23015553360806976,0.23015553360806976
text__issues platform,0.23013648698244704,0.23013648698244704
text__insurance,-0.22974409395511425,0.22974409395511425
text__approved xxxx,-0.22954240476147006,0.22954240476147006
text__xxxx miles,0.22953372008474007,0.22953372008474007
text__consumers allowed,0.22904676758901515,0.22904676758901515
text__telephone number,-0.2287890282881503,0.2287890282881503
text__xxxx report,0.22869803612873812,0.22869803612873812
text__litigation,-0.2284693746891772,0.2284693746891772
text__xxxx information,-0.22843160625720324,0.22843160625720324
text__early xx,0.2281382494834957,0.2281382494834957
cat__state_grouped_MS,0.22806737764621413,0.22806737764621413
text__given xxxx,-0.2279292079245276,0.2279292079245276
text__end loan,-0.2276145376600267,0.2276145376600267
text__point,0.22738683876918678,0.22738683876918678
text__fair debt,0.2265973769347048,0.2265973769347048
text__3100 00,-0.2265679241052486,0.2265679241052486
text__xxxx time,-0.2265167157796616,0.2265167157796616
text__email received,0.22638004197480105,0.22638004197480105
text__recovering lost,0.22634892669148762,0.22634892669148762
text__3100,-0.22595015584384612,0.22595015584384612
text__help resolve,0.22576889465300753,0.22576889465300753
text__vs,0.22569049370175925,0.22569049370175925
text__despite using,0.22560487602730192,0.22560487602730192
text__access money,-0.22516433705439867,0.22516433705439867
text__doubt,0.225078132942373,0.225078132942373
text__principle,-0.22480628252843693,0.22480628252843693
cat__state_grouped_MO,0.22438878135753312,0.22438878135753312
text__4000,0.22429509415605536,0.22429509415605536
text__unacceptable,-0.2235980344990828,0.2235980344990828
text__particularly light,0.22331512767742046,0.22331512767742046
text__dont know,-0.22322665018487928,0.22322665018487928
text__recent cfpb,0.2226345100787918,0.2226345100787918
text__clerk,-0.2225233100127906,0.2225233100127906
text__loan depot,0.2222417511729513,0.2222417511729513
text__failed,-0.22219468560647496,0.22219468560647496
text__consumer financial,-0.22192497213768403,0.22192497213768403
text__pnc,0.22185318044893762,0.22185318044893762
text__provisions,-0.22184772036467684,0.22184772036467684
text__intervention,-0.2215609625237408,0.2215609625237408
text__systemic,-0.2212776795726856,0.2212776795726856
cat__state_grouped_TN,-0.22110044878039223,0.22110044878039223
text__year ago,-0.22038530851625032,0.22038530851625032
text__deposit check,-0.22024164278013592,0.22024164278013592
text__days ago,0.21915394822279752,0.21915394822279752
text__times reporting,0.21899387338737897,0.21899387338737897
text__sick,0.2187221679139939,0.2187221679139939
text__repeat offenders,0.21823498110863673,0.21823498110863673
text__00 deposit,0.2181643327818822,0.2181643327818822
text__lawsuit highlighting,0.21816315828050392,0.21816315828050392
text__zelle failed,0.21797956518364536,0.21797956518364536
text__lot money,0.21781380845910234,0.21781380845910234
text__reporting discrepancies,0.21755340805081191,0.21755340805081191
text__answer questions,-0.21737248014591973,0.21737248014591973
text__urge,0.21733692707822708,0.21733692707822708
text__wrote,0.21725981052729113,0.21725981052729113
text__came xxxx,-0.21713169106700803,0.21713169106700803
text__ability,0.21698228580179743,0.21698228580179743
text__regards,0.21694973030828452,0.21694973030828452
text__contacting,0.21663635406676612,0.21663635406676612
text__disputes particularly,0.21654069120248115,0.21654069120248115
text__told needed,0.2164689465071008,0.2164689465071008
text__1099,-0.2158782493781243,0.2158782493781243
text__early xxxx,-0.21577413969342654,0.21577413969342654
text__offenders exploit,0.2155456758413305,0.2155456758413305
text__highlighting significant,0.21532036503003657,0.21532036503003657
text__holders,-0.21512866415218382,0.21512866415218382
text__saying,-0.21498235303476287,0.21498235303476287
text__printed,-0.21435906473779026,0.21435906473779026
text__office,-0.21323144961414375,0.21323144961414375
text__deemed,-0.213160990346481,0.213160990346481
text__likely,0.21314677298988324,0.21314677298988324
text__stock,-0.21285637036002972,0.21285637036002972
cat__sub_issue_Account information incorrect,0.2128365395115664,0.2128365395115664
text__acceptable,-0.21253856688377126,0.21253856688377126
text__xxxx opened,0.21234345821719805,0.21234345821719805
text__complaint filed,-0.21216542766241972,0.21216542766241972
text__substantial,0.21210788796718105,0.21210788796718105
text__origination,-0.21136429303536142,0.21136429303536142
text__funds impossible,0.21134056053813563,0.21134056053813563
text__discrepancies financial,0.2111747110206806,0.2111747110206806
text__regulations,-0.21094119041923343,0.21094119041923343
text__hoping,-0.21087329904419214,0.21087329904419214
text__xxxx make,-0.21079803676440112,0.21079803676440112
text__ally,0.21076492227048613,0.21076492227048613
text__late xx,0.21011911642609174,0.21011911642609174
text__charge xxxx,0.2099989215215191,0.2099989215215191
text__regards xxxx,0.20992034001505092,0.20992034001505092
text__tracking transactions,0.20982885800971876,0.20982885800971876
text__fraud account,0.20974631484455794,0.20974631484455794
text__4000 00,0.2090755109487311,0.2090755109487311
text__neglected protect,0.2089500578755697,0.2089500578755697
text__issue refund,0.20894480302702592,0.20894480302702592
text__exploit leaving,0.20872300392452026,0.20872300392452026
cat__sub_product_Reverse mortgage,-0.20863534333135728,0.20863534333135728
text__balance paid,0.20863239539319225,0.20863239539319225
text__quick,0.20847691756829861,0.20847691756829861
text__state,-0.20796104528523915,0.20796104528523915
text__large,-0.20788518881291768,0.20788518881291768
text__update account,-0.20731008284724603,0.20731008284724603
text__deposit account,-0.20725131640810607,0.20725131640810607
text__inadequate customer,0.20720975966062033,0.20720975966062033
text__sent bank,-0.20713291787727728,0.20713291787727728
text__request,0.2071233127272481,0.2071233127272481
text__il,-0.20676365161807295,0.20676365161807295
text__address xxxx,0.20666071346030018,0.20666071346030018
text__lines,-0.20611974165373761,0.20611974165373761
text__claims adequately,0.20538590013502808,0.20538590013502808
cat__issue_Loan payment wasn't credited to your account,-0.20530711036843122,0.20530711036843122
text__lawyer,-0.20508509901230193,0.20508509901230193
text__make sure,0.20498289371388348,0.20498289371388348
text__impossible tracking,0.20464209206831588,0.20464209206831588
text__finally,-0.20456879956258367,0.20456879956258367
text__figure,0.20430077331146468,0.20430077331146468
text__xxxx current,-0.20409778696541375,0.20409778696541375
text__owed xxxx,0.2038860857251035,0.2038860857251035
text__misinformation,0.20321976260828445,0.20321976260828445
text__xxxx says,-0.20321614339639552,0.20321614339639552
text__consumer credit,0.20316397814334997,0.20316397814334997
cat__sub_product_Payday loan,0.20312622295477537,0.20312622295477537
text__states,-0.20270710502224007,0.20270710502224007
text__allowed repeat,0.2025816001077527,0.2025816001077527
text__intentional,0.20255823168412332,0.20255823168412332
text__called multiple,0.20215107946841845,0.20215107946841845
text__told xx,-0.20214283771411337,0.20214283771411337
text__received statement,-0.20193669910426534,0.20193669910426534
text__informed recovering,0.20192830802851078,0.20192830802851078
text__particularly,0.20170215378736464,0.20170215378736464
text__hear,0.20156299278360396,0.20156299278360396
text__positive,0.2012992068634884,0.2012992068634884
text__concerns consumer,0.20120557702816994,0.20120557702816994
text__freedom mortgage,-0.20118159037216435,0.20118159037216435
text__froze account,0.2008016879494449,0.2008016879494449
text__illegal,0.20079943403073972,0.20079943403073972
text__xxxx escrow,-0.20066177719662165,0.20066177719662165
text__live,-0.2005268971659172,0.2005268971659172
text__ownership,0.20050605559054127,0.20050605559054127
text__engaged,0.2000491278254438,0.2000491278254438
text__email,-0.1998910198451922,0.1998910198451922
text__greater,0.19967603517254065,0.19967603517254065
text__600 00,0.19926354377319588,0.19926354377319588
text__reported fraud,-0.19901030442396642,0.19901030442396642
text__xxxx informed,0.19900310857146414,0.19900310857146414
text__seven,0.1988664363606431,0.1988664363606431
text__despite repeated,-0.1985488119808995,0.1985488119808995
text__00 deposited,-0.19843037445270928,0.19843037445270928
text__2900,0.1983064735743912,0.1983064735743912
text__signature,0.19829158030537522,0.19829158030537522
text__reported credit,-0.19783160735785602,0.19783160735785602
cat__sub_issue_Reporting company used your report improperly,-0.19760743391905647,0.19760743391905647
text__contracts,0.19739466097875413,0.19739466097875413
text__contacted wells,0.1972023077335688,0.1972023077335688
text__250,-0.19652986142742424,0.19652986142742424
text__xxxx unauthorized,0.19644858026955012,0.19644858026955012
text__stole,-0.1963992846425498,0.1963992846425498
text__unfeasible,0.1963945838586785,0.1963945838586785
text__pursuant,-0.19629574395796043,0.19629574395796043
text__status,0.19628829215418148,0.19628829215418148
text__quoted,0.19589064700544156,0.19589064700544156
text__homeowners,-0.1957159377532071,0.1957159377532071
text__investigation accounts,0.19564967458870536,0.19564967458870536
cat__issue_Problem caused by your funds being low,0.195645541357755,0.195645541357755
text__findings indicate,0.19526087379330762,0.19526087379330762
text__violating,0.19523583788507362,0.19523583788507362
text__xxxx advised,0.19506844524175249,0.19506844524175249
text__services xxxx,0.19481094425478784,0.19481094425478784
text__renewal,0.19470856755990829,0.19470856755990829
text__subsequent,-0.19452601932129487,0.19452601932129487
text__looking,0.1945026587689494,0.1945026587689494
text__00 overdraft,0.19446666377231078,0.19446666377231078
text__cited,0.1941517685679254,0.1941517685679254
text__institution zelle,0.19292235208211936,0.19292235208211936
text__mistakenly,0.19284802146068283,0.19284802146068283
text__cancelled,0.19281703553516066,0.19281703553516066
text__arrangement,-0.19272186031730373,0.19272186031730373
text__club,0.19269470718493054,0.19269470718493054
text__rectified,0.19250064064079098,0.19250064064079098
text__waiver,-0.19231911257244733,0.19231911257244733
text__continuing,0.19216778218376526,0.19216778218376526
text__leaving users,0.19144946141288172,0.19144946141288172
text__funds deposited,-0.1911029577646903,0.1911029577646903
text__went online,-0.1898365435996751,0.1898365435996751
text__repossessed,0.18967579080501223,0.18967579080501223
cat__issue_Other transaction problem,0.1896714089521213,0.1896714089521213
text__2900 00,0.18946707344173472,0.18946707344173472
cat__sub_product_Loan,-0.1893739798518107,0.1893739798518107
text__told send,-0.1888829553761957,0.1888829553761957
text__payoff,-0.188828289851717,0.188828289851717
text__scams lack,0.18882628012034441,0.18882628012034441
text__accordingly,0.18874648279536138,0.18874648279536138
text__time payment,0.18870065309099165,0.18870065309099165
text__concern,0.18864803740180763,0.18864803740180763
text__twice,0.1886154308400078,0.1886154308400078
cat__issue_Getting a credit card,-0.18826253750771313,0.18826253750771313
text__credit xx,0.1878650065584832,0.1878650065584832
text__consumer safety,0.18757719350137678,0.18757719350137678
text__additional fees,-0.18749085628646836,0.18749085628646836
text__portion,-0.18742307039787748,0.18742307039787748
text__occasions,-0.18741797536208069,0.18741797536208069
text__users vulnerable,0.18741004494996613,0.18741004494996613
text__thing,0.18720051299602722,0.18720051299602722
text__00 month,0.1867226342005586,0.1867226342005586
text__report credit,-0.1866086547672711,0.1866086547672711
text__zelle neglected,0.18654209760655774,0.18654209760655774
cat__sub_product_Personal line of credit,0.18650811639644074,0.18650811639644074
text__turn,0.18637533567848272,0.18637533567848272
text__staff,-0.18628832428089004,0.18628832428089004
text__went bank,0.1862242679582302,0.1862242679582302
text__service,-0.18622242119392707,0.18622242119392707
text__resolved,0.1859347882885089,0.1859347882885089
text__place,-0.18590855484813756,0.18590855484813756
cat__sub_issue_Fraudulent loan,0.1854735440715892,0.1854735440715892
cat__issue_Problem with a purchase shown on your statement,-0.18528706478907664,0.18528706478907664
text__cfpb complaint,-0.18472756401023557,0.18472756401023557
text__redemption,-0.18463218052462663,0.18463218052462663
text__told wait,0.1846248035100429,0.1846248035100429
text__mailing,-0.18449508384145555,0.18449508384145555
text__significant issues,0.1844672025920533,0.1844672025920533
text__confirmed,0.18438885418409162,0.18438885418409162
text__unacceptable raises,0.18420217231708305,0.18420217231708305
cat__sub_product_Title loan,0.18410351679467502,0.18410351679467502
text__zelle numerous,0.18385958229522986,0.18385958229522986
text__dispute charge,0.1837560302682547,0.1837560302682547
text__cause,-0.18329275287264898,0.18329275287264898
text__13,0.18308636364212064,0.18308636364212064
text__illinois,0.182405765554398,0.182405765554398
text__damages,-0.18233002555455327,0.18233002555455327
text__information sent,0.18202867029648528,0.18202867029648528
text__originated,-0.1820089647910162,0.1820089647910162
text__transactions unfeasible,0.18162127757965227,0.18162127757965227
cat__state_grouped_OR,-0.1815235527261305,0.1815235527261305
text__lower rate,0.18122790765326166,0.18122790765326166
text__indicate zelle,0.18099705340472216,0.18099705340472216
text__email saying,0.18076140753721925,0.18076140753721925
text__paid,0.18002700680637862,0.18002700680637862
text__year called,0.1796461830749368,0.1796461830749368
cat__issue_Settlement process and costs,0.17951212030838445,0.17951212030838445
text__mitigation,-0.1793594263722221,0.1793594263722221
text__attached letter,0.17910323277593904,0.17910323277593904
text__odd,0.17909518560565582,0.17909518560565582
text__yes,0.1789770087301663,0.1789770087301663
text__credit reporting,0.17877332468978274,0.17877332468978274
text__ways,0.17788167821723785,0.17788167821723785
text__national,0.17764911325110028,0.17764911325110028
text__authorized user,0.17745182418311117,0.17745182418311117
cat__sub_issue_Credit card company isn't resolving a dispute about a purchase on your statement,0.17742702952901987,0.17742702952901987
text__procedures,0.1773397049169627,0.1773397049169627
text__potential,-0.17665598135563693,0.17665598135563693
text__address phone,0.1763890453714036,0.1763890453714036
text__wrong account,-0.17634682657403478,0.17634682657403478
text__applied credit,0.17606643178096135,0.17606643178096135
text__accurate,-0.17602786234181594,0.17602786234181594
text__period time,0.1759947317387242,0.1759947317387242
text__navy,0.17546869790908073,0.17546869790908073
text__est,-0.17541643950509275,0.17541643950509275
text__spoke,-0.17475924283627792,0.17475924283627792
text__constant,0.17279204170614795,0.17279204170614795
text__impact credit,0.17242151471146433,0.17242151471146433
text__worse,0.17222917081422273,0.17222917081422273
text__called spoke,-0.17203440300133116,0.17203440300133116
text__bank account,0.1719301410144185,0.1719301410144185
text__threatening,-0.17191335220164602,0.17191335220164602
text__xx 23,-0.17174395439645904,0.17174395439645904
text__ensure,-0.17167109169178504,0.17167109169178504
text__check mail,0.17141083849018443,0.17141083849018443
text__representative said,-0.1705779493215714,0.1705779493215714
text__card card,-0.17005163248279848,0.17005163248279848
text__trust,0.1699745385441138,0.1699745385441138
text__00 credit,-0.169857064051611,0.169857064051611
cat__state_grouped_ID,-0.16919047660379058,0.16919047660379058
text__located,0.16862698224922656,0.16862698224922656
text__brand,0.16844708436137704,0.16844708436137704
text__xxxx ask,-0.1683942694324361,0.1683942694324361
text__imagine,0.16818047209620393,0.16818047209620393
text__mail xx,0.1679495301055308,0.1679495301055308
text__00 applied,-0.1676977667129854,0.1676977667129854
text__displayed,0.16763392191837062,0.16763392191837062
cat__state_grouped_CO,0.1676062588722139,0.1676062588722139
text__xxxx ca,0.16757408680066574,0.16757408680066574
text__meaningful,0.16741559014864696,0.16741559014864696
text__transfer act,-0.1674112784102116,0.1674112784102116
text__left,0.16713250007245906,0.16713250007245906
text__cfr,0.16689925895569133,0.16689925895569133
text__utility,0.16685567197003576,0.16685567197003576
text__xxxx purchase,-0.16662304003016756,0.16662304003016756
text__lack,-0.16660943781356485,0.16660943781356485
text__received refund,-0.16643132013377465,0.16643132013377465
cat__issue_Lost or stolen money order,0.1663664583552131,0.1663664583552131
text__got phone,-0.16632475092208393,0.16632475092208393
text__paycheck,-0.16615673745666798,0.16615673745666798
text__consumer reporting,0.16578915309459713,0.16578915309459713
text__connect,0.1649415035948674,0.1649415035948674
text__protection laws,-0.16412683453163368,0.16412683453163368
text__especially,-0.16405747673884727,0.16405747673884727
text__recordings,0.1636168406615356,0.1636168406615356
cat__issue_Problem with a credit reporting company's investigation into an existing problem,0.163280799569685,0.163280799569685
text__usc,-0.16324157571293477,0.16324157571293477
text__account past,0.16291445463235313,0.16291445463235313
text__00 monthly,-0.1624898167626376,0.1624898167626376
cat__state_grouped_GA,-0.16210449335275653,0.16210449335275653
text__defined,0.16176924730045242,0.16176924730045242
text__identifying,-0.16109952191151486,0.16109952191151486
text__regions,0.16083895565780812,0.16083895565780812
text__trouble,-0.16059467545561587,0.16059467545561587
text__scams,0.16058858232870973,0.16058858232870973
text__elderly,0.16051961525210362,0.16051961525210362
text__told contact,0.16038702613317146,0.16038702613317146
text__ultimately,0.16011878449251812,0.16011878449251812
text__account sent,0.15999321443984763,0.15999321443984763
text__send letter,0.15983151894715789,0.15983151894715789
text__account account,0.15955519100910248,0.15955519100910248
text__presented,0.15915957274965958,0.15915957274965958
text__replacement,0.15845264449678,0.15845264449678
text__victim identity,0.1578729497959846,0.1578729497959846
text__quite,0.1577691605459809,0.1577691605459809
text__collections,-0.15755876035152705,0.15755876035152705
text__card holder,-0.1573843984743323,0.1573843984743323
text__confusion,0.1571795139519163,0.1571795139519163
text__did respond,-0.1569140421189006,0.1569140421189006
text__arrangements,0.1564271938151957,0.1564271938151957
text__birth,0.15641879191852737,0.15641879191852737
text__credit score,0.15621543909589616,0.15621543909589616
text__hard earned,-0.15609232944646312,0.15609232944646312
text__supposedly,0.15589513171699934,0.15589513171699934
text__xxxx provided,-0.15562361195240604,0.15562361195240604
text__guy,-0.15560934757679248,0.15560934757679248
cat__state_grouped_FL,-0.1554130603139572,0.1554130603139572
text__approval,0.15537357978596386,0.15537357978596386
text__charged late,-0.15519849744769817,0.15519849744769817
text__consumer,0.15475038266430446,0.15475038266430446
cat__sub_issue_Problem with signing the paperwork,-0.1545562990706074,0.1545562990706074
text__credited account,-0.15440672802388875,0.15440672802388875
text__xxxx chase,0.15415350095584568,0.15415350095584568
text__new debit,0.1539705464212242,0.1539705464212242
text__going,-0.15389879869736364,0.15389879869736364
text__350 00,-0.15339354872376368,0.15339354872376368
text__proceeds,0.15304120627260348,0.15304120627260348
text__accountable,0.15258838737215513,0.15258838737215513
text__260,0.15194781060945706,0.15194781060945706
text__submitting,-0.15183090006346608,0.15183090006346608
text__wf,0.1515445271166186,0.1515445271166186
text__escalated,-0.15135912809995852,0.15135912809995852
cat__state_grouped_Other,-0.1513249467946324,0.1513249467946324
text__lender,-0.15111883330972456,0.15111883330972456
text__credit balance,-0.15098828110462958,0.15098828110462958
text__monies,0.15097023772518775,0.15097023772518775
text__card used,0.1504192360742637,0.1504192360742637
text__terrible,-0.15028885130885977,0.15028885130885977
text__commerce,0.1502059985031644,0.1502059985031644
text__2600 00,0.15019872873115928,0.15019872873115928
text__2600,0.15019872873115928,0.15019872873115928
text__branches,0.14974557206266684,0.14974557206266684
text__normally,0.14965435266230212,0.14965435266230212
text__1666,0.14926701134919562,0.14926701134919562
text__foreign,-0.14898052229251818,0.14898052229251818
cat__sub_issue_Delay in processing application,-0.14869113177016827,0.14869113177016827
text__yesterday,0.14858587533238352,0.14858587533238352
text__cfpb findings,0.14794096090039438,0.14794096090039438
text__involving,-0.14780112017242722,0.14780112017242722
text__expire,-0.14727786099808157,0.14727786099808157
text__source,-0.14704146976201954,0.14704146976201954
text__xxxx bankruptcy,0.1470049628607687,0.1470049628607687
text__money transfer,0.146980792781087,0.146980792781087
text__intend,-0.14652049278727586,0.14652049278727586
text__td bank,0.14628808973036211,0.14628808973036211
text__clearly,0.14619645320344093,0.14619645320344093
text__morning xxxx,0.14607254878625572,0.14607254878625572
text__xxxx insurance,-0.14550254152397127,0.14550254152397127
text__payment late,-0.14541431231424587,0.14541431231424587
text__penalties,-0.14496459412168977,0.14496459412168977
text__addressing,0.14476173694264452,0.14476173694264452
text__including xxxx,0.14436994090492095,0.14436994090492095
text__department xxxx,0.14380277548442494,0.14380277548442494
text__230 00,-0.14363621723081352,0.14363621723081352
text__bmo,0.1435474703109711,0.1435474703109711
text__round,-0.1431694558824563,0.1431694558824563
text__provide proof,0.14316007235560113,0.14316007235560113
text__ticket,-0.1431118566960929,0.1431118566960929
text__information,0.14291693599496333,0.14291693599496333
cat__sub_issue_Unable to open an account,-0.14243330416412375,0.14243330416412375
text__reasoning,-0.1423003149549093,0.1423003149549093
text__steps,-0.14225782997690375,0.14225782997690375
cat__sub_issue_Account reinstatement or redemption after repossession,-0.14208826122898285,0.14208826122898285
text__unfeasible cfpb,0.14208482173458886,0.14208482173458886
text__investigations,-0.14198647482314186,0.14198647482314186
text__timeline,-0.14172040244135095,0.14172040244135095
text__dated xx,-0.1415787347655246,0.1415787347655246
text__complaint bank,-0.14106520884238433,0.14106520884238433
text__zelles,0.14058533862468192,0.14058533862468192
cat__state_grouped_RI,-0.13972856378643814,0.13972856378643814
text__purposes,0.13959279941212507,0.13959279941212507
text__230,-0.13946443517248291,0.13946443517248291
text__termination,-0.13944375839620088,0.13944375839620088
text__account check,-0.1394071032843281,0.1394071032843281
text__received letter,-0.1393691363582953,0.1393691363582953
text__consistently,0.13894202402310293,0.13894202402310293
text__pretty,0.1388790072967101,0.1388790072967101
text__monday xx,0.1387620472825605,0.1387620472825605
cat__sub_product_Store credit card,0.1386615261792348,0.1386615261792348
text__long term,0.13802306714504442,0.13802306714504442
text__passed,0.13763696133076272,0.13763696133076272
text__eligible,-0.13724437866347924,0.13724437866347924
text__sales,-0.13658167061170473,0.13658167061170473
text__showing,0.13625370133271045,0.13625370133271045
text__350,-0.1360072020613683,0.1360072020613683
text__capitalone,0.1359907222044193,0.1359907222044193
text__teller,0.13578912633799287,0.13578912633799287
text__holding funds,0.13524200262295322,0.13524200262295322
text__ridiculous,0.13497550412280654,0.13497550412280654
text__numerous times,0.13491379850872362,0.13491379850872362
text__matter,-0.13470040211466938,0.13470040211466938
cat__issue_Received a loan you didn't apply for,0.1346076904392746,0.1346076904392746
text__ca,-0.13458321990888378,0.13458321990888378
text__card received,-0.13417022759124814,0.13417022759124814
text__closed accounts,0.13286023603636873,0.13286023603636873
text__changed,0.13277063971316008,0.13277063971316008
text__start investigation,0.13251311225799425,0.13251311225799425
text__investigate matter,-0.13224593652350833,0.13224593652350833
text__xx 2023,0.13204733957627623,0.13204733957627623
text__took loan,0.13182160720625782,0.13182160720625782
text__card statement,0.13162226327488286,0.13162226327488286
text__regarding zelle,0.13157209992866387,0.13157209992866387
text__timely manner,0.13140094331267754,0.13140094331267754
text__xxxx letter,0.13125577549821443,0.13125577549821443
cat__issue_Incorrect information on your report,0.13124757985502344,0.13124757985502344
text__platform,-0.13088128714388397,0.13088128714388397
text__xxxx instead,0.1305543403712519,0.1305543403712519
text__citi bank,0.1304867813586141,0.1304867813586141
text__son,-0.13043763131054426,0.13043763131054426
text__harassing,-0.13011982352752494,0.13011982352752494
text__groceries,0.13007737149148194,0.13007737149148194
text__deferral,-0.12993705445829248,0.12993705445829248
text__incorrectly,-0.12926270210141225,0.12926270210141225
text__caused significant,-0.12916112156314666,0.12916112156314666
text__disputed charge,-0.1288213062787718,0.1288213062787718
text__goes,0.1286487032952168,0.1286487032952168
text__months ago,-0.12812178373905395,0.12812178373905395
text__nc,0.12786295343337029,0.12786295343337029
text__xxxx showing,-0.12766634652739295,0.12766634652739295
text__imposed,-0.1276656622251758,0.1276656622251758
text__adjusted,-0.12735027434164925,0.12735027434164925
text__huntington,0.12731972125291943,0.12731972125291943
text__xxxx located,0.12704521532611868,0.12704521532611868
text__account ending,0.12687598907740497,0.12687598907740497
cat__state_grouped_NV,-0.12683045513853716,0.12683045513853716
text__letting,0.1264380518604423,0.1264380518604423
text__servicing,-0.1264276866764052,0.1264276866764052
text__day xx,0.1263640794853146,0.1263640794853146
text__timely payments,0.12596252947510253,0.12596252947510253
text__information requested,0.12586787933935492,0.12586787933935492
text__specialized,-0.12559448507661627,0.12559448507661627
text__anymore,-0.1254205777686503,0.1254205777686503
text__send,0.12504459547563365,0.12504459547563365
text__nsf,-0.12495150023642204,0.12495150023642204
text__moved,-0.12493599348767752,0.12493599348767752
text__zelle handling,0.12442070404719585,0.12442070404719585
text__chase account,0.12437998918373769,0.12437998918373769
text__rely,0.12430124090722623,0.12430124090722623
text__specifically,-0.12415291962996652,0.12415291962996652
text__disclose,0.12398755949747893,0.12398755949747893
text__issued,0.12388054447277363,0.12388054447277363
text__submitted xxxx,0.12385983990534039,0.12385983990534039
text__aligns,0.12369616100613792,0.12369616100613792
text__associates,0.12176485482440434,0.12176485482440434
text__request cfpb,-0.12171165636330246,0.12171165636330246
text__drive,-0.12125000618818872,0.12125000618818872
text__installed,0.12122032877529276,0.12122032877529276
text__pays,0.12100115837078255,0.12100115837078255
text__message,-0.12074903805044765,0.12074903805044765
text__account xxxx,-0.11967786378869852,0.11967786378869852
text__navy federal,0.11961322173101793,0.11961322173101793
text__released,-0.11935625884500553,0.11935625884500553
text__unfair practices,0.11890856248504174,0.11890856248504174
text__sense,-0.11838323991820317,0.11838323991820317
cat__state_grouped_AL,0.11827319682210728,0.11827319682210728
text__negative,0.11803595743899745,0.11803595743899745
text__chase xxxx,0.11661915031197652,0.11661915031197652
cat__product_Credit card or prepaid card,-0.11649481929376783,0.11649481929376783
text__excess,0.11620300524733052,0.11620300524733052
text__executive,-0.11606560051351172,0.11606560051351172
text__redeem,-0.11595287500640772,0.11595287500640772
text__proving,-0.11594999493212717,0.11594999493212717
text__xxxx refund,0.11537198210432097,0.11537198210432097
text__xx xx,-0.11516833634778918,0.11516833634778918
text__capital credit,0.11501659242568595,0.11501659242568595
text__provisional credit,0.1149337995635927,0.1149337995635927
text__receipt,-0.11483679473353428,0.11483679473353428
text__alleged,-0.11478933858718887,0.11478933858718887
text__xxxx xxxxxxxx,0.11472680493730185,0.11472680493730185
text__called chase,0.11466427182477024,0.11466427182477024
text__pay debt,-0.11418625733253797,0.11418625733253797
text__posted xxxx,0.1141204409213456,0.1141204409213456
text__week later,-0.1135215863188745,0.1135215863188745
text__overage,0.11340085478233826,0.11340085478233826
text__180 00,0.11317192690861255,0.11317192690861255
text__law firm,-0.1121245290200997,0.1121245290200997
text__citibank xxxx,0.11208565815589011,0.11208565815589011
text__called capital,0.11169326961334956,0.11169326961334956
cat__state_grouped_KS,0.11142907326890181,0.11142907326890181
text__consumer report,0.11102249465048089,0.11102249465048089
text__21,0.11087192593696447,0.11087192593696447
text__obvious,-0.11054743741767424,0.11054743741767424
text__later xxxx,0.1104886741569344,0.1104886741569344
text__drawn,0.11018043928501407,0.11018043928501407
text__xxxx cfpb,0.11009401174274512,0.11009401174274512
text__refunded,0.10990917655895782,0.10990917655895782
text__00 payment,-0.10981612157323929,0.10981612157323929
text__action,0.1096417065298136,0.1096417065298136
text__xxxx mortgage,-0.10935717432960945,0.10935717432960945
text__unauthorized transaction,-0.10932412111514091,0.10932412111514091
text__double,-0.10912701484103725,0.10912701484103725
text__let know,0.10863270659127826,0.10863270659127826
text__taking,-0.10859757631423045,0.10859757631423045
text__wednesday,0.10851006718157849,0.10851006718157849
text__basic,0.10839076017494234,0.10839076017494234
text__260 00,0.10839050772346624,0.10839050772346624
text__visited,0.10790963622859495,0.10790963622859495
text__needed,0.10737307531469534,0.10737307531469534
text__capitol,0.10725046469793784,0.10725046469793784
text__restriction,0.10723279783225995,0.10723279783225995
text__satisfy,0.107232431041951,0.107232431041951
text__payments,-0.1069635544832841,0.1069635544832841
text__cash check,-0.10661630323415924,0.10661630323415924
text__ruined,-0.10651327967459931,0.10651327967459931
text__customers,-0.10592261439961431,0.10592261439961431
text__miss,-0.10581769290046833,0.10581769290046833
text__westlake,0.10580915082119795,0.10580915082119795
text__cfpb xxxx,0.10575527195108908,0.10575527195108908
text__runaround,-0.10570564941967336,0.10570564941967336
cat__issue_Fees or interest,-0.1056837015521551,0.1056837015521551
text__consumers,-0.10562779498782586,0.10562779498782586
text__did request,-0.10481053564419512,0.10481053564419512
cat__state_grouped_LA,-0.10472835006982834,0.10472835006982834
text__xxxx est,-0.10449835206424053,0.10449835206424053
text__somebody,0.10443757912034887,0.10443757912034887
text__barclays,0.10406029500709006,0.10406029500709006
text__maturity,-0.10377712437179379,0.10377712437179379
text__told credit,0.10372535097655065,0.10372535097655065
text__account capital,0.10347858823072381,0.10347858823072381
text__pay taxes,-0.10339946016201172,0.10339946016201172
cat__issue_Struggling to pay your loan,-0.10326771632450714,0.10326771632450714
text__posting,0.10323649611497586,0.10323649611497586
text__pay xxxx,-0.10318112739486478,0.10318112739486478
text__carrier,0.10298555809363663,0.10298555809363663
text__xxxx county,-0.10291081161223893,0.10291081161223893
text__countless,0.10242415509677885,0.10242415509677885
num__narrative_length,-0.10234522612442648,0.10234522612442648
text__defective,0.1021816542414884,0.1021816542414884
text__door,-0.10204125016016838,0.10204125016016838
text__account,0.10203955106765156,0.10203955106765156
cat__sub_issue_Funds not received from closed account,-0.10198495239083456,0.10198495239083456
text__department told,0.10179668739866084,0.10179668739866084
text__advised xxxx,-0.10141900550719127,0.10141900550719127
text__direct deposit,0.10129815519525388,0.10129815519525388
text__address,0.1006043692886065,0.1006043692886065
text__accordance,-0.1005932353194881,0.1005932353194881
text__home depot,0.10033003407860647,0.10033003407860647
text__thorough investigation,0.10020636859363351,0.10020636859363351
text__condo,-0.10013572756496333,0.10013572756496333
cat__state_grouped_TX,-0.09956358533961673,0.09956358533961673
text__tell,0.09951251435183789,0.09951251435183789
text__received information,0.09938780099530298,0.09938780099530298
text__11000 00,-0.09921272764169885,0.09921272764169885
text__plan,0.09912909622894134,0.09912909622894134
text__11000,-0.09911677062294137,0.09911677062294137
text__traveling,0.09887029477577942,0.09887029477577942
text__demands,-0.09852547789404713,0.09852547789404713
text__foreclose,-0.09825031144354711,0.09825031144354711
cat__state_grouped_MA,-0.09790684232015831,0.09790684232015831
text__payment account,0.09740613248835807,0.09740613248835807
text__called customer,-0.09725555317062631,0.09725555317062631
cat__sub_issue_Credit denial,-0.09705671969712097,0.09705671969712097
text__xxxx return,0.09671279659680626,0.09671279659680626
text__standing,0.09654695655655235,0.09654695655655235
text__best buy,0.09643060387153958,0.09643060387153958
text__paragraph,0.09612600520077139,0.09612600520077139
text__25000 00,-0.09611621434075737,0.09611621434075737
text__came,0.09592481023108998,0.09592481023108998
text__speak,0.09584431587437547,0.09584431587437547
text__25000,-0.09568347930566333,0.09568347930566333
text__carrington,0.09548104224847237,0.09548104224847237
text__information provided,-0.09536606882359491,0.09536606882359491
text__1200,0.09517218156529852,0.09517218156529852
text__progress,-0.09496129689204322,0.09496129689204322
text__setup,-0.09488446080605058,0.09488446080605058
text__loan paid,-0.09462628175662059,0.09462628175662059
text__29 00,-0.09418264768849521,0.09418264768849521
text__21 days,-0.09387279719941584,0.09387279719941584
text__accidentally,-0.09382262360167486,0.09382262360167486
text__va xxxx,0.09363521787991999,0.09363521787991999
text__vehicles,0.09344319799795309,0.09344319799795309
text__live xxxx,0.0934115727247927,0.0934115727247927
cat__state_grouped_MN,0.09340098446277044,0.09340098446277044
text__catch,-0.09336395333970193,0.09336395333970193
text__zelles handling,0.09307670531774419,0.09307670531774419
text__want money,-0.09294298210932825,0.09294298210932825
text__best,-0.09293359824246178,0.09293359824246178
text__light,-0.09275312591499925,0.09275312591499925
text__requests,0.0924778728695093,0.0924778728695093
text__hold account,0.09226191189302992,0.09226191189302992
cat__state_grouped_AK,-0.09219926729241829,0.09219926729241829
text__like,0.09218372052794607,0.09218372052794607
cat__issue_Applying for a mortgage or refinancing an existing mortgage,0.09214467821253111,0.09214467821253111
text__service xxxx,0.09213828878331953,0.09213828878331953
text__inquiries,0.09201334939226469,0.09201334939226469
text__type,-0.09184336029250555,0.09184336029250555
text__dismissed,-0.09137382546781432,0.09137382546781432
text__regarding zelles,0.09119280087797038,0.09119280087797038
text__concluded,0.09118282624493981,0.09118282624493981
text__easy,-0.09090120497040335,0.09090120497040335
text__account chase,0.09066723688276654,0.09066723688276654
text__exception,0.09030010685566181,0.09030010685566181
text__fee xx,-0.09028090544742506,0.09028090544742506
text__fine,0.09004856244859687,0.09004856244859687
cat__sub_issue_Can't close your account,-0.09003647772235808,0.09003647772235808
text__consumer protection,0.0894502581304902,0.0894502581304902
text__consent,-0.08932553138445971,0.08932553138445971
text__obligation,-0.08924386134551548,0.08924386134551548
text__assessed,0.08923678290465833,0.08923678290465833
text__treated,-0.08887637310577733,0.08887637310577733
text__honest,0.08881754956085262,0.08881754956085262
text__contacted company,-0.08866279024883816,0.08866279024883816
text__minimum payment,-0.08845008204210027,0.08845008204210027
text__2022 xxxx,0.08779104151387271,0.08779104151387271
text__close xxxx,-0.08747399391957704,0.08747399391957704
text__switched,0.08736917962887435,0.08736917962887435
text__submit,0.08721208103733827,0.08721208103733827
text__6000 00,-0.08704806750830696,0.08704806750830696
text__auto,-0.08697674702259908,0.08697674702259908
text__charge account,0.08685561974133728,0.08685561974133728
text__1200 00,0.08681492036188392,0.08681492036188392
text__funds transactions,0.08641157885185861,0.08641157885185861
text__security card,0.08602797815671204,0.08602797815671204
text__taxes paid,0.08579280973518656,0.08579280973518656
text__thank time,-0.0851532796274957,0.0851532796274957
text__documents requested,-0.08474740301543643,0.08474740301543643
cat__state_grouped_NC,-0.0846737396170798,0.0846737396170798
text__thorough,0.08466888013363934,0.08466888013363934
text__programs,0.08441783212955632,0.08441783212955632
text__approx,0.08441331796988677,0.08441331796988677
cat__state_grouped_NY,-0.08387735842724707,0.08387735842724707
text__appropriate,0.08364544383942879,0.08364544383942879
text__ocwen,0.0835194848011436,0.0835194848011436
text__deception,-0.08270804520723105,0.08270804520723105
text__supervisor,-0.08246808934507427,0.08246808934507427
text__practices unfair,0.08226493723109891,0.08226493723109891
text__significantly,-0.08224431163494197,0.08224431163494197
text__said account,-0.08220528582529248,0.08220528582529248
text__social security,0.08207619913157431,0.08207619913157431
text__actual,0.08174178936018588,0.08174178936018588
text__cfpbs findings,0.08106313451558529,0.08106313451558529
text__funds believe,-0.08102054944583481,0.08102054944583481
text__xxxx rep,0.08098903688172011,0.08098903688172011
text__14,0.08084967933638494,0.08084967933638494
text__fraud department,-0.08068266329150947,0.08068266329150947
text__clients,0.08066150560323612,0.08066150560323612
text__soon possible,0.080458253369054,0.080458253369054
text__150 00,0.08036740923410547,0.08036740923410547
text__unclear,0.0798030428956214,0.0798030428956214
text__duty,-0.0796723655415994,0.0796723655415994
text__xxxx charge,-0.07958603737874863,0.07958603737874863
text__xxxx gave,0.07955699774437805,0.07955699774437805
text__service agent,-0.07950644130670131,0.07950644130670131
text__medical,0.07919654957139076,0.07919654957139076
text__preventing,-0.07916546346342226,0.07916546346342226
text__constitute,0.07840899098156483,0.07840899098156483
text__home xx,0.07812696287783152,0.07812696287783152
text__00 money,0.07800167093121235,0.07800167093121235
text__purchase,0.07792498638147682,0.07792498638147682
text__charges credits,0.07734906627105548,0.07734906627105548
text__federal,-0.077057168989908,0.077057168989908
text__right away,0.07697496208877763,0.07697496208877763
text__unable provide,0.07697326064112549,0.07697326064112549
cat__sub_issue_Problem with fees,-0.0766005324767805,0.0766005324767805
text__keybank,0.07604137842797508,0.07604137842797508
text__check xxxx,0.07579229460416359,0.07579229460416359
text__unit,0.07545415231579268,0.07545415231579268
text__cfpb investigate,-0.07541687833390058,0.07541687833390058
text__deposit,0.07525908933510668,0.07525908933510668
text__builder,0.07524410016257346,0.07524410016257346
text__xxxx unable,-0.07450137481132174,0.07450137481132174
text__xxxx loan,0.07422183633185556,0.07422183633185556
text__falsely,-0.07377192924187358,0.07377192924187358
text__provide additional,0.07376522966517737,0.07376522966517737
text__thank attention,-0.07315979425034079,0.07315979425034079
text__suddenly,-0.0730074117089637,0.0730074117089637
text__closure,-0.07236297220962963,0.07236297220962963
text__xxxx support,-0.0720878822413049,0.0720878822413049
text__reporting agencies,0.07204579082913114,0.07204579082913114
text__chase credit,0.07183022430643529,0.07183022430643529
text__saturday xx,-0.0716657184946705,0.0716657184946705
text__account payment,0.07161803028728687,0.07161803028728687
cat__sub_issue_Problem making or receiving payments,-0.07160915182032848,0.07160915182032848
text__subject,0.0715829040267065,0.0715829040267065
text__methods,0.07092083926797378,0.07092083926797378
text__prompt,0.070395748593522,0.070395748593522
text__company xxxx,-0.07028058901396302,0.07028058901396302
text__declaration,-0.07019251108354797,0.07019251108354797
text__xxxx checks,-0.07016094667460068,0.07016094667460068
text__hands,0.0701566276810824,0.0701566276810824
text__week xxxx,-0.06995024269583393,0.06995024269583393
text__hud,0.06994929656682324,0.06994929656682324
text__friday xx,-0.06937760976294405,0.06937760976294405
text__outstanding balance,-0.06903696200205339,0.06903696200205339
text__living,0.06860159108731635,0.06860159108731635
text__handling,0.06848592683035985,0.06848592683035985
text__jp,0.06844726659641154,0.06844726659641154
text__lack communication,-0.06842109984305873,0.06842109984305873
text__activities,0.06832569365179962,0.06832569365179962
text__trying resolve,-0.06801013634652252,0.06801013634652252
text__disaster,-0.06720264861956311,0.06720264861956311
text__account time,-0.06708172916405115,0.06708172916405115
text__works,-0.06704526061713532,0.06704526061713532
text__6000,-0.06702889082923771,0.06702889082923771
text__reverse,0.06700582465446774,0.06700582465446774
text__spent hours,-0.06692609614406639,0.06692609614406639
text__funds bank,0.06676813134714886,0.06676813134714886
text__filed complaint,-0.06612636723787786,0.06612636723787786
text__huntington bank,0.0658704602550112,0.0658704602550112
text__account blocked,0.06560332104256239,0.06560332104256239
text__payment date,-0.06526137711723477,0.06526137711723477
text__pnc bank,0.06524597105535608,0.06524597105535608
text__credit scores,-0.065132889090942,0.065132889090942
text__fairly,-0.06511958133308669,0.06511958133308669
text__truist,0.06477900298242871,0.06477900298242871
text__modify,0.06469766623305434,0.06469766623305434
text__repossession,0.06455063613348408,0.06455063613348408
text__spend,0.06441458930431994,0.06441458930431994
text__12 months,-0.06409041415878411,0.06409041415878411
text__00 fee,0.06405033806880761,0.06405033806880761
text__sent new,-0.06402495716937309,0.06402495716937309
text__second time,0.06400766066500516,0.06400766066500516
text__data,-0.06355104563348653,0.06355104563348653
text__roundpoint,-0.06330200086522265,0.06330200086522265
text__held accountable,0.06302912517101548,0.06302912517101548
text__loyal,0.06275373184603925,0.06275373184603925
text__fear,0.06274913527067386,0.06274913527067386
text__disclosed,-0.06274883449431742,0.06274883449431742
text__problem,-0.06270868277030803,0.06270868277030803
text__mortgage payment,0.06269251582112281,0.06269251582112281
text__jp morgan,0.06262204545991053,0.06262204545991053
text__impossible,-0.06206776427047152,0.06206776427047152
text__secure message,-0.06194832942994486,0.06194832942994486
text__account xx,0.061582419099833155,0.061582419099833155
text__holiday,0.061027582517095516,0.061027582517095516
cat__state_grouped_MT,-0.06058354914574547,0.06058354914574547
text__union regarding,0.060555787676822764,0.060555787676822764
text__number told,0.060164373804268374,0.060164373804268374
text__merchant,0.06014430864983461,0.06014430864983461
text__received notice,-0.05990254737659343,0.05990254737659343
text__macy,0.05988159401022635,0.05988159401022635
text__xxxx believe,0.0598205205212981,0.0598205205212981
text__rocket mortgage,0.05960071735517807,0.05960071735517807
text__barclay,0.05943735583141117,0.05943735583141117
text__facing,-0.05940682430728718,0.05940682430728718
text__disappeared,-0.05939375678386083,0.05939375678386083
text__unfeasible cfpbs,0.0591872450324894,0.0591872450324894
text__receiving,0.05884429322520711,0.05884429322520711
text__care,-0.0584884488761183,0.0584884488761183
text__city,0.05848761674461061,0.05848761674461061
text__decide,0.05847728688302492,0.05847728688302492
text__having sufficient,0.058364419852172854,0.058364419852172854
text__pre approval,0.058355317659201024,0.058355317659201024
text__discover card,0.05831082949046253,0.05831082949046253
text__possibly,-0.058124180990309256,0.058124180990309256
text__removing,-0.057886558725410334,0.057886558725410334
text__minutes,-0.057486896794390216,0.057486896794390216
text__left message,-0.05747199049593065,0.05747199049593065
text__xxxx years,0.05738961497393722,0.05738961497393722
text__rest,-0.057335064178205,0.057335064178205
text__sign,0.057155270473088556,0.057155270473088556
text__consideration,-0.05694713016446975,0.05694713016446975
text__complaint xx,0.05687698696109237,0.05687698696109237
text__days xx,0.05686987294508814,0.05686987294508814
text__young,0.05685220130200969,0.05685220130200969
text__1100,0.05678840865051876,0.05678840865051876
text__1100 00,0.05678840865051876,0.05678840865051876
text__enter,0.05674500375894532,0.05674500375894532
text__justification,-0.05672544763549757,0.05672544763549757
text__morgan chase,0.055936071817237726,0.055936071817237726
text__information told,-0.05550268074928686,0.05550268074928686
text__theft,-0.055050212786514605,0.055050212786514605
text__denial letter,0.05493156609153238,0.05493156609153238
text__hazard insurance,-0.05492318440696358,0.05492318440696358
"cat__issue_Account opening, closing, or management",0.054835545232956154,0.054835545232956154
text__privacy,0.05481342517344502,0.05481342517344502
text__need money,-0.054789369149308806,0.054789369149308806
text__giving,0.054787224155113196,0.054787224155113196
text__returns,-0.05476971613612495,0.05476971613612495
text__fight,-0.05452285298690704,0.05452285298690704
text__placing,0.05421852149884499,0.05421852149884499
text__inadequate,-0.05389518374563331,0.05389518374563331
cat__state_grouped_WA,-0.05376528856391211,0.05376528856391211
text__xxxx explained,-0.05375649706555101,0.05375649706555101
cat__state_grouped_MD,0.05334696583402873,0.05334696583402873
text__card number,0.053295807600686605,0.053295807600686605
text__2020 xxxx,0.05304972123553096,0.05304972123553096
text__regarding matter,-0.05301201364617337,0.05301201364617337
text__existing,-0.0528170448388872,0.0528170448388872
text__contacted chase,0.05260922424867823,0.05260922424867823
text__00 posted,0.05240485534957768,0.05240485534957768
text__payments time,0.0522874601076309,0.0522874601076309
text__agent said,-0.052135235431530105,0.052135235431530105
text__payment,0.05211604666957171,0.05211604666957171
text__suppose,0.05141673931600335,0.05141673931600335
text__owners,-0.051362132857480904,0.051362132857480904
text__days xxxx,-0.051097396572837205,0.051097396572837205
text__payment plan,-0.05103318820161519,0.05103318820161519
text__credit account,-0.05082115083164154,0.05082115083164154
text__key bank,0.050765290125413434,0.050765290125413434
text__project,0.050755141778107526,0.050755141778107526
text__santander consumer,0.050721614498309094,0.050721614498309094
text__nfcu,0.0505514372302853,0.0505514372302853
text__xxxx began,-0.050551289088084754,0.050551289088084754
text__issue xx,-0.050246800637210716,0.050246800637210716
text__00 charges,0.05022680681590323,0.05022680681590323
text__paper,0.05021937166794128,0.05021937166794128
text__reply,-0.05007581730912821,0.05007581730912821
text__bank branch,0.04995849391857723,0.04995849391857723
text__texted,0.04989338908235365,0.04989338908235365
text__completed,0.04958215823064406,0.04958215823064406
text__xxxx citi,0.049537448449085364,0.049537448449085364
cat__sub_issue_Card opened as result of identity theft or fraud,0.04916093148948128,0.04916093148948128
text__carrington mortgage,0.04913197233775233,0.04913197233775233
text__attempted,-0.0488575744119004,0.0488575744119004
text__xxxx months,0.048710851237921446,0.048710851237921446
text__legit,0.048123390821197924,0.048123390821197924
text__390,0.047763272620031286,0.047763272620031286
text__escrow,-0.047600642870506804,0.047600642870506804
text__said yes,-0.04752079079345478,0.04752079079345478
text__joint,-0.04749875413872197,0.04749875413872197
text__xxxx separate,-0.04726421033029698,0.04726421033029698
text__00 usd,0.046964742964102885,0.046964742964102885
text__miles,-0.04667056339622394,0.04667056339622394
text__xxxx response,-0.04659168706302778,0.04659168706302778
text__99 00,-0.04655137180275148,0.04655137180275148
text__acknowledging,-0.04651907900766979,0.04651907900766979
text__demand,0.04634392366138677,0.04634392366138677
text__processed,-0.04629398229284777,0.04629398229284777
text__incur,-0.046213815731123556,0.046213815731123556
text__industry,-0.04615594093721198,0.04615594093721198
cat__sub_issue_Company closed your account,0.04607130936203468,0.04607130936203468
text__ally bank,0.04589514174813699,0.04589514174813699
text__obviously,-0.04588530786915536,0.04588530786915536
cat__state_grouped_OH,-0.04529789157777147,0.04529789157777147
text__home xxxx,-0.044260386835204,0.044260386835204
text__permitted,-0.04425905798124128,0.04425905798124128
text__oversight,0.04397619763038871,0.04397619763038871
text__reduction,0.04388107437826929,0.04388107437826929
text__chase branch,0.043398037295991156,0.043398037295991156
text__00 check,0.04338175544054237,0.04338175544054237
text__lack accountability,-0.0433667850660905,0.0433667850660905
text__delay,-0.043032732023234314,0.043032732023234314
text__bank told,0.04216699661159285,0.04216699661159285
text__discrepancies,-0.04201088611884728,0.04201088611884728
text__close,0.04185988623403621,0.04185988623403621
text__access online,-0.04100534909139131,0.04100534909139131
text__length,-0.04099118606346972,0.04099118606346972
text__near,0.04063439599787577,0.04063439599787577
text__job,-0.0405223289626271,0.0405223289626271
text__xxxx deposit,-0.04039943856997139,0.04039943856997139
text__act efta,-0.04014655633528096,0.04014655633528096
text__bureau cfpb,-0.03994765691299214,0.03994765691299214
text__xx 21,0.03969525971628439,0.03969525971628439
cat__sub_product_Installment loan,0.039671620264913256,0.039671620264913256
text__retail,0.03943112381992547,0.03943112381992547
text__absolutely,0.039393535932266195,0.039393535932266195
text__alerted,-0.03937426531106808,0.03937426531106808
text__represented,-0.03922995902511645,0.03922995902511645
text__losing,-0.03901246457637565,0.03901246457637565
text__seeing,-0.038661725735463004,0.038661725735463004
text__realize,0.03864581081619125,0.03864581081619125
text__2025,-0.038455972193989316,0.038455972193989316
text__date xxxx,0.03836034924788474,0.03836034924788474
text__letter,-0.03810924183724548,0.03810924183724548
text__cards xxxx,0.03793519903450715,0.03793519903450715
text__essentially,0.037881522103488705,0.037881522103488705
text__card companies,0.0378511441291625,0.0378511441291625
text__remedy,0.03767642491223195,0.03767642491223195
text__non,-0.03764241741406361,0.03764241741406361
text__posted xx,-0.03762350268834759,0.03762350268834759
text__checked account,0.037368060460643455,0.037368060460643455
text__xxxx complaint,0.036982756006146714,0.036982756006146714
text__customer care,0.03677471277774801,0.03677471277774801
text__ally financial,0.03676791443696524,0.03676791443696524
text__agents,-0.03665154602230709,0.03665154602230709
"cat__company_grouped_Paypal Holdings, Inc",-0.03618555659214228,0.03618555659214228
text__card issuer,0.03599274141210403,0.03599274141210403
text__case closed,-0.03582772314795001,0.03582772314795001
text__xx xxxx,-0.03558425955463993,0.03558425955463993
text__experiencing,-0.03548625822685036,0.03548625822685036
text__cell,0.035141391422325106,0.035141391422325106
text__unfairly,0.03502583851304809,0.03502583851304809
text__00 account,-0.03413436324022523,0.03413436324022523
text__jpmorgan,0.03380956538078719,0.03380956538078719
text__scammers,0.03367384047005869,0.03367384047005869
text__result,-0.03354938619860489,0.03354938619860489
text__told going,0.03341662411633328,0.03341662411633328
text__filed fraud,-0.033296435670747936,0.033296435670747936
text__20 00,-0.033178149681761505,0.033178149681761505
text__refunding,0.03311512590791968,0.03311512590791968
text__accountability,-0.03223123935046066,0.03223123935046066
text__received phone,-0.032223146277116275,0.032223146277116275
text__information account,0.03151116995945222,0.03151116995945222
text__3600,-0.031475390672333736,0.031475390672333736
text__3600 00,-0.031475390672333736,0.031475390672333736
text__verify account,0.031422258699660616,0.031422258699660616
text__losses,-0.03125561588937384,0.03125561588937384
text__late payments,-0.031210433329825954,0.031210433329825954
text__haven received,0.031049388010957874,0.031049388010957874
text__reasonable,-0.030622413058920474,0.030622413058920474
text__ignoring,0.030223885969577643,0.030223885969577643
text__jpmorgan chase,0.029845349390251734,0.029845349390251734
text__requested documentation,-0.029524271498518773,0.029524271498518773
text__chase customer,0.029456688584484664,0.029456688584484664
cat__sub_issue_Card opened without my consent or knowledge,-0.029046150708733554,0.029046150708733554
text__land,0.02895943857062954,0.02895943857062954
text__food,-0.028620465952586834,0.028620465952586834
text__xxxx atm,-0.028458595412270422,0.028458595412270422
text__outside,0.028338326030834943,0.028338326030834943
text__ll,-0.027972380012246476,0.027972380012246476
text__applied,0.027913316524424425,0.027913316524424425
text__branch manager,0.02790949642534152,0.02790949642534152
text__guarantee,0.027696226235477777,0.027696226235477777
cat__state_grouped_CT,-0.02766905572677652,0.02766905572677652
text__letter bank,0.027382359517961682,0.027382359517961682
text__citi xxxx,0.027347295785605057,0.027347295785605057
text__called citi,0.02724473823564563,0.02724473823564563
cat__state_grouped_CA,0.026692160042192777,0.026692160042192777
text__claim number,0.02653939905768782,0.02653939905768782
text__online,0.026522020168650545,0.026522020168650545
text__2023,0.026176842240869448,0.026176842240869448
text__proceed,-0.026134613421409675,0.026134613421409675
text__capital ones,0.02599700090485871,0.02599700090485871
text__discover,0.02522629407432981,0.02522629407432981
text__xxxx california,0.02499326991796684,0.02499326991796684
text__said didn,-0.02452175819362106,0.02452175819362106
text__account just,-0.02448598461704184,0.02448598461704184
text__business credit,-0.02426379368665561,0.02426379368665561
text__xxxx charged,0.02418642415829319,0.02418642415829319
text__sapphire,0.02412996999524957,0.02412996999524957
text__need help,-0.023689787392225416,0.023689787392225416
text__chase xx,0.023353431674561213,0.023353431674561213
text__service representative,0.023302269247726833,0.023302269247726833
text__harassed,0.02318127688344492,0.02318127688344492
text__told loan,-0.02278007168021118,0.02278007168021118
cat__issue_Getting a loan or lease,0.022761322790499933,0.022761322790499933
text__chases,0.022464865714522667,0.022464865714522667
text__overdue,0.022350343941622122,0.022350343941622122
text__sole,-0.02206634350446275,0.02206634350446275
cat__issue_infrequent_sklearn,-0.021539568437740356,0.021539568437740356
text__credit acceptance,0.02138980039245114,0.02138980039245114
text__information credit,-0.020953995012652563,0.020953995012652563
text__reporting,-0.020657972610258906,0.020657972610258906
text__14000,0.020597752086940042,0.020597752086940042
text__14000 00,0.020597752086940042,0.020597752086940042
text__say,-0.02056547258993543,0.02056547258993543
text__meeting,-0.02042660407109591,0.02042660407109591
text__immediately,0.01967179517145997,0.01967179517145997
text__chase sapphire,0.01888280129995525,0.01888280129995525
text__money xx,-0.018760024838295374,0.018760024838295374
text__dishonest,-0.018592571225519976,0.018592571225519976
text__posting charges,0.01846447025514784,0.01846447025514784
text__citi card,0.018458466856990204,0.018458466856990204
text__similar practices,0.01813967685622501,0.01813967685622501
text__scammed,-0.017668783986320623,0.017668783986320623
text__fees incurred,0.017547786117919698,0.017547786117919698
text__app xxxx,0.017512657104282778,0.017512657104282778
text__include,0.017298622701712205,0.017298622701712205
text__pay rent,-0.017273264509798103,0.017273264509798103
text__billing error,0.016860443502609335,0.016860443502609335
text__transactions settled,0.016766478124345632,0.016766478124345632
text__public,-0.016690270611487097,0.016690270611487097
text__280,0.016686346975817716,0.016686346975817716
text__rectify,-0.016437213717728397,0.016437213717728397
text__described,-0.01611011516883903,0.01611011516883903
text__country,0.016087125298220796,0.016087125298220796
cat__state_grouped_IL,0.015918156993595597,0.015918156993595597
cat__sub_issue_Card was charged for something you did not purchase with the card,-0.015703937620192548,0.015703937620192548
text__initially available,0.015227972036284388,0.015227972036284388
text__quicken,-0.015211489538690453,0.015211489538690453
text__meaning,0.015146503532845853,0.015146503532845853
cat__issue_Closing on a mortgage,-0.01492354890311093,0.01492354890311093
text__started,0.01472420963329931,0.01472420963329931
text__balance account,0.014635725049806857,0.014635725049806857
text__xxxx said,-0.014544761060881513,0.014544761060881513
text__significant,0.01453716196225105,0.01453716196225105
text__places,0.01424134275401066,0.01424134275401066
text__usbank,0.014024618554309278,0.014024618554309278
text__fdcpa,-0.013957824331152406,0.013957824331152406
text__hopes,-0.013646070108157486,0.013646070108157486
text__faith,0.01352853212041107,0.01352853212041107
"cat__sub_product_Money order, traveler's check or cashier's check",0.013105312702159061,0.013105312702159061
text__worry,-0.013018217815649723,0.013018217815649723
text__date received,0.012944483382620912,0.012944483382620912
text__settled insufficient,0.012612135516518711,0.012612135516518711
text__insufficient balances,0.012532300545570318,0.012532300545570318
text__balances despite,0.012458093281830951,0.012458093281830951
text__informing,-0.012452441291525285,0.012452441291525285
text__time account,-0.012276753336609863,0.012276753336609863
text__regarding account,-0.012266306455036324,0.012266306455036324
text__authorized charged,0.012190282949662687,0.012190282949662687
text__16000 00,0.011716970383037427,0.011716970383037427
text__16000,0.011716970383037427,0.011716970383037427
text__practices transactions,0.010785935658685545,0.010785935658685545
text__stop,0.010697161038271013,0.010697161038271013
cat__sub_product_Savings account,0.010678377278517781,0.010678377278517781
text__credits issue,0.010539939170144761,0.010539939170144761
text__building,0.010364350129587745,0.010364350129587745
text__23,-0.010295043815841676,0.010295043815841676
text__thoroughly,-0.010011897859738364,0.010011897859738364
text__account transactions,0.00966087288037778,0.00966087288037778
text__despite initially,0.009537973334894494,0.009537973334894494
text__complaint navy,0.009405216682810132,0.009405216682810132
text__approved,-0.009107396268276622,0.009107396268276622
text__gap insurance,0.009069021499602413,0.009069021499602413
text__frequently,0.00903066668282234,0.00903066668282234
text__incurred despite,0.00878139123669885,0.00878139123669885
text__chip,0.008764247634274329,0.008764247634274329
cat__state_grouped_SC,0.008542330696386114,0.008542330696386114
text__aligns recent,0.008521705584498334,0.008521705584498334
text__news,0.008145398063272769,0.008145398063272769
text__roof,-0.00800443798894567,0.00800443798894567
text__issue aligns,0.00797746210496059,0.00797746210496059
text__lagged posting,0.007859478905509937,0.007859478905509937
text__fees lagged,0.007841048168766532,0.007841048168766532
text__findings navy,0.007621433756174676,0.007621433756174676
text__federal similar,0.007533012432213012,0.007533012432213012
text__regarding xxxx,0.007512097359301931,0.007512097359301931
text__considered,0.007366884693921088,0.007366884693921088
text__reviewing,0.00729089585261397,0.00729089585261397
text__390 00,0.006792381208832006,0.006792381208832006
text__wells fargo,0.006600588620435174,0.006600588620435174
text__treat,0.006457925257412857,0.006457925257412857
text__report xxxx,0.00626657983238145,0.00626657983238145
"cat__issue_Making/receiving payments, sending money",-0.006032507479394263,0.006032507479394263
text__48 hours,-0.005962910923082046,0.005962910923082046
text__use credit,0.005862567458467266,0.005862567458467266
text__credit line,0.0056435871704543445,0.0056435871704543445
text__carry,-0.005485979392042202,0.005485979392042202
text__time xx,0.005246934409845913,0.005246934409845913
text__activate,-0.004827368976704913,0.004827368976704913
text__persons,0.004437911652007606,0.004437911652007606
text__requested documents,0.004363643348244427,0.004363643348244427
text__experienced,-0.004257548895881951,0.004257548895881951
text__faxed,0.0038710596939695655,0.0038710596939695655
text__check cashed,0.003819892446662853,0.003819892446662853
text__time time,-0.003439240980120205,0.003439240980120205
text__taking advantage,-0.0032861984816841302,0.0032861984816841302
text__payment told,0.003212658709055067,0.003212658709055067
text__funds xx,-0.002845889736550323,0.002845889736550323
text__280 00,0.0026005463461963134,0.0026005463461963134
text__suffering,0.002198133441074422,0.002198133441074422
text__cashiers,0.0021686000135012476,0.0021686000135012476
text__month ago,-0.0020525990032997958,0.0020525990032997958
text__investigation account,0.0018858137721401162,0.0018858137721401162
text__things,0.0017269409599104054,0.0017269409599104054
text__forward,-0.0007650246849305767,0.0007650246849305767
text__27,0.0007625511798662398,0.0007625511798662398
text__xxxx va,0.0006502379827993427,0.0006502379827993427
text__able speak,-0.00039962006715851486,0.00039962006715851486
